<?xml version="1.0" encoding="utf-8"?><gpx creator="Garmin Desktop App" version="1.1" xsi:schemaLocation="http://www.topografix.com/GPX/1/1 http://www.topografix.com/GPX/1/1/gpx.xsd http://www.garmin.com/xmlschemas/WaypointExtension/v1 http://www8.garmin.com/xmlschemas/WaypointExtensionv1.xsd http://www.garmin.com/xmlschemas/TrackPointExtension/v1 http://www.garmin.com/xmlschemas/TrackPointExtensionv1.xsd http://www.garmin.com/xmlschemas/GpxExtensions/v3 http://www8.garmin.com/xmlschemas/GpxExtensionsv3.xsd http://www.garmin.com/xmlschemas/ActivityExtension/v1 http://www8.garmin.com/xmlschemas/ActivityExtensionv1.xsd http://www.garmin.com/xmlschemas/AdventuresExtensions/v1 http://www8.garmin.com/xmlschemas/AdventuresExtensionv1.xsd http://www.garmin.com/xmlschemas/PressureExtension/v1 http://www.garmin.com/xmlschemas/PressureExtensionv1.xsd http://www.garmin.com/xmlschemas/TripExtensions/v1 http://www.garmin.com/xmlschemas/TripExtensionsv1.xsd http://www.garmin.com/xmlschemas/TripMetaDataExtensions/v1 http://www.garmin.com/xmlschemas/TripMetaDataExtensionsv1.xsd http://www.garmin.com/xmlschemas/ViaPointTransportationModeExtensions/v1 http://www.garmin.com/xmlschemas/ViaPointTransportationModeExtensionsv1.xsd http://www.garmin.com/xmlschemas/CreationTimeExtension/v1 http://www.garmin.com/xmlschemas/CreationTimeExtensionsv1.xsd http://www.garmin.com/xmlschemas/AccelerationExtension/v1 http://www.garmin.com/xmlschemas/AccelerationExtensionv1.xsd http://www.garmin.com/xmlschemas/PowerExtension/v1 http://www.garmin.com/xmlschemas/PowerExtensionv1.xsd http://www.garmin.com/xmlschemas/VideoExtension/v1 http://www.garmin.com/xmlschemas/VideoExtensionv1.xsd" xmlns="http://www.topografix.com/GPX/1/1" xmlns:xsi="http://www.w3.org/2001/XMLSchema-instance" xmlns:wptx1="http://www.garmin.com/xmlschemas/WaypointExtension/v1" xmlns:gpxtrx="http://www.garmin.com/xmlschemas/GpxExtensions/v3" xmlns:gpxtpx="http://www.garmin.com/xmlschemas/TrackPointExtension/v1" xmlns:gpxx="http://www.garmin.com/xmlschemas/GpxExtensions/v3" xmlns:trp="http://www.garmin.com/xmlschemas/TripExtensions/v1" xmlns:adv="http://www.garmin.com/xmlschemas/AdventuresExtensions/v1" xmlns:prs="http://www.garmin.com/xmlschemas/PressureExtension/v1" xmlns:tmd="http://www.garmin.com/xmlschemas/TripMetaDataExtensions/v1" xmlns:vptm="http://www.garmin.com/xmlschemas/ViaPointTransportationModeExtensions/v1" xmlns:ctx="http://www.garmin.com/xmlschemas/CreationTimeExtension/v1" xmlns:gpxacc="http://www.garmin.com/xmlschemas/AccelerationExtension/v1" xmlns:gpxpx="http://www.garmin.com/xmlschemas/PowerExtension/v1" xmlns:vidx1="http://www.garmin.com/xmlschemas/VideoExtension/v1">

  <metadata>
    <link href="http://www.garmin.com">
      <text>Garmin International</text>
    </link>
    <time>2022-09-24T04:52:50Z</time>
    <bounds maxlat="51.738253114745021" maxlon="103.43262730166316" minlat="51.620876882225275" minlon="103.40878816321492" />
  </metadata>

  <trk>
    <name>Лазурка</name>
    <desc>Мало-быстринский лазуритовый карьер. 
Автор: Петр Кузнецов</desc>
    <extensions>
      <gpxx:TrackExtension>
        <gpxx:DisplayColor>Blue</gpxx:DisplayColor>
      </gpxx:TrackExtension>
    </extensions>
    <trkseg>
      <trkpt lat="51.621829317882657" lon="103.41648987494409">
        <ele>1167.1199999999999</ele>
        <time>2022-07-16T05:51:45Z</time>
      </trkpt>
      <trkpt lat="51.621858235448599" lon="103.41634076088667">
        <ele>1165.1400000000001</ele>
        <time>2022-07-16T05:51:55Z</time>
      </trkpt>
      <trkpt lat="51.621874663978815" lon="103.41615786775947">
        <ele>1166.1199999999999</ele>
        <time>2022-07-16T05:52:01Z</time>
      </trkpt>
      <trkpt lat="51.621880363672972" lon="103.41600313782692">
        <ele>1170.0599999999999</ele>
        <time>2022-07-16T05:52:28Z</time>
      </trkpt>
      <trkpt lat="51.621827306225896" lon="103.41588277369738">
        <ele>1169.1199999999999</ele>
        <time>2022-07-16T05:53:35Z</time>
      </trkpt>
      <trkpt lat="51.621798640117049" lon="103.41574321500957">
        <ele>1166.1900000000001</ele>
        <time>2022-07-16T05:53:48Z</time>
      </trkpt>
      <trkpt lat="51.621768800541759" lon="103.4156003035605">
        <ele>1165.1199999999999</ele>
        <time>2022-07-16T05:54:23Z</time>
      </trkpt>
      <trkpt lat="51.621730327606201" lon="103.41546233743429">
        <ele>1165.1199999999999</ele>
        <time>2022-07-16T05:54:32Z</time>
      </trkpt>
      <trkpt lat="51.621684981510043" lon="103.41530911624432">
        <ele>1162.3699999999999</ele>
        <time>2022-07-16T05:54:46Z</time>
      </trkpt>
      <trkpt lat="51.62165648303926" lon="103.41516897082329">
        <ele>1162.1199999999999</ele>
        <time>2022-07-16T05:54:52Z</time>
      </trkpt>
      <trkpt lat="51.621606023982167" lon="103.41502781957388">
        <ele>1161.1199999999999</ele>
        <time>2022-07-16T05:55:04Z</time>
      </trkpt>
      <trkpt lat="51.621551122516394" lon="103.41490670107305">
        <ele>1163.0599999999999</ele>
        <time>2022-07-16T05:55:11Z</time>
      </trkpt>
      <trkpt lat="51.621496388688684" lon="103.414784995839">
        <ele>1163.1199999999999</ele>
        <time>2022-07-16T05:55:18Z</time>
      </trkpt>
      <trkpt lat="51.621448192745447" lon="103.41466010548174">
        <ele>1162.1199999999999</ele>
        <time>2022-07-16T05:55:28Z</time>
      </trkpt>
      <trkpt lat="51.621380383148789" lon="103.41455491259694">
        <ele>1162.8699999999999</ele>
        <time>2022-07-16T05:55:38Z</time>
      </trkpt>
      <trkpt lat="51.621302934363484" lon="103.41443236917257">
        <ele>1160.1400000000001</ele>
        <time>2022-07-16T05:55:47Z</time>
      </trkpt>
      <trkpt lat="51.62123872898519" lon="103.41431653127074">
        <ele>1162.1099999999999</ele>
        <time>2022-07-16T05:55:58Z</time>
      </trkpt>
      <trkpt lat="51.621168488636613" lon="103.41419901698828">
        <ele>1162.1300000000001</ele>
        <time>2022-07-16T05:56:10Z</time>
      </trkpt>
      <trkpt lat="51.621140828356147" lon="103.41404629871249">
        <ele>1162.1199999999999</ele>
        <time>2022-07-16T05:56:17Z</time>
      </trkpt>
      <trkpt lat="51.621082741767168" lon="103.41392543166876">
        <ele>1160.1199999999999</ele>
        <time>2022-07-16T05:56:28Z</time>
      </trkpt>
      <trkpt lat="51.621044520288706" lon="103.41378461569548">
        <ele>1161.1199999999999</ele>
        <time>2022-07-16T05:56:37Z</time>
      </trkpt>
      <trkpt lat="51.621014177799225" lon="103.41364807449281">
        <ele>1160.1300000000001</ele>
        <time>2022-07-16T05:56:47Z</time>
      </trkpt>
      <trkpt lat="51.620990708470345" lon="103.41349787078798">
        <ele>1159.1199999999999</ele>
        <time>2022-07-16T05:56:52Z</time>
      </trkpt>
      <trkpt lat="51.620957180857658" lon="103.41335982084274">
        <ele>1159.1800000000001</ele>
        <time>2022-07-16T05:57:03Z</time>
      </trkpt>
      <trkpt lat="51.620876882225275" lon="103.41326820664108">
        <ele>1156.3699999999999</ele>
        <time>2022-07-16T05:57:18Z</time>
      </trkpt>
      <trkpt lat="51.620881408452988" lon="103.41310568153858">
        <ele>1153.1800000000001</ele>
        <time>2022-07-16T05:57:26Z</time>
      </trkpt>
      <trkpt lat="51.620910409837961" lon="103.41293963603675">
        <ele>1151.3699999999999</ele>
        <time>2022-07-16T05:57:33Z</time>
      </trkpt>
      <trkpt lat="51.620901860296726" lon="103.41278037987649">
        <ele>1151.1800000000001</ele>
        <time>2022-07-16T05:57:41Z</time>
      </trkpt>
      <trkpt lat="51.620900435373187" lon="103.41263428330421">
        <ele>1150.1199999999999</ele>
        <time>2022-07-16T05:57:53Z</time>
      </trkpt>
      <trkpt lat="51.620910996571183" lon="103.41248399578035">
        <ele>1147.1900000000001</ele>
        <time>2022-07-16T05:57:58Z</time>
      </trkpt>
      <trkpt lat="51.620948882773519" lon="103.41232281178236">
        <ele>1146.3699999999999</ele>
        <time>2022-07-16T05:58:09Z</time>
      </trkpt>
      <trkpt lat="51.620947290211916" lon="103.4121585264802">
        <ele>1144.1300000000001</ele>
        <time>2022-07-16T05:58:18Z</time>
      </trkpt>
      <trkpt lat="51.620904123410583" lon="103.41201410628855">
        <ele>1143.1199999999999</ele>
        <time>2022-07-16T05:58:28Z</time>
      </trkpt>
      <trkpt lat="51.62091082893312" lon="103.41185183264315">
        <ele>1142.1199999999999</ele>
        <time>2022-07-16T05:58:45Z</time>
      </trkpt>
      <trkpt lat="51.620919462293386" lon="103.41168067418039">
        <ele>1141.1199999999999</ele>
        <time>2022-07-16T05:58:53Z</time>
      </trkpt>
      <trkpt lat="51.62095190025866" lon="103.41154337860644">
        <ele>1139.1199999999999</ele>
        <time>2022-07-16T05:59:04Z</time>
      </trkpt>
      <trkpt lat="51.620991798117757" lon="103.41140465810895">
        <ele>1137.1199999999999</ele>
        <time>2022-07-16T05:59:17Z</time>
      </trkpt>
      <trkpt lat="51.621069079264998" lon="103.41148227453232">
        <ele>1138.1199999999999</ele>
        <time>2022-07-16T05:59:35Z</time>
      </trkpt>
      <trkpt lat="51.62108575925231" lon="103.41162543743849">
        <ele>1138.0599999999999</ele>
        <time>2022-07-16T05:59:56Z</time>
      </trkpt>
      <trkpt lat="51.621124064549804" lon="103.4117613080889">
        <ele>1134.1400000000001</ele>
        <time>2022-07-16T06:00:09Z</time>
      </trkpt>
      <trkpt lat="51.621194807812572" lon="103.41186817735434">
        <ele>1136.1199999999999</ele>
        <time>2022-07-16T06:00:20Z</time>
      </trkpt>
      <trkpt lat="51.621278962120414" lon="103.41194696724415">
        <ele>1133.1099999999999</ele>
        <time>2022-07-16T06:00:31Z</time>
      </trkpt>
      <trkpt lat="51.621366888284683" lon="103.41199868358672">
        <ele>1125.25</ele>
        <time>2022-07-16T06:02:08Z</time>
      </trkpt>
      <trkpt lat="51.621410641819239" lon="103.41212583705783">
        <ele>1122</ele>
        <time>2022-07-16T06:02:25Z</time>
      </trkpt>
      <trkpt lat="51.621451713144779" lon="103.41226690448821">
        <ele>1119.1300000000001</ele>
        <time>2022-07-16T06:02:44Z</time>
      </trkpt>
      <trkpt lat="51.621513990685344" lon="103.41237352229655">
        <ele>1115.3800000000001</ele>
        <time>2022-07-16T06:02:57Z</time>
      </trkpt>
      <trkpt lat="51.621588841080666" lon="103.41247259639204">
        <ele>1114.1199999999999</ele>
        <time>2022-07-16T06:03:10Z</time>
      </trkpt>
      <trkpt lat="51.621645921841264" lon="103.41260838322341">
        <ele>1115.1199999999999</ele>
        <time>2022-07-16T06:03:22Z</time>
      </trkpt>
      <trkpt lat="51.621698895469308" lon="103.41273251920938">
        <ele>1116.1300000000001</ele>
        <time>2022-07-16T06:03:47Z</time>
      </trkpt>
      <trkpt lat="51.621736278757453" lon="103.41289051808417">
        <ele>1124.1199999999999</ele>
        <time>2022-07-16T06:05:59Z</time>
      </trkpt>
      <trkpt lat="51.621631504967809" lon="103.41280829161406">
        <ele>1125.1199999999999</ele>
        <time>2022-07-16T06:20:01Z</time>
      </trkpt>
      <trkpt lat="51.621722280979156" lon="103.4127854090184">
        <ele>1129.8699999999999</ele>
        <time>2022-07-16T06:25:16Z</time>
      </trkpt>
      <trkpt lat="51.621780032292008" lon="103.41289856471121">
        <ele>1129.8699999999999</ele>
        <time>2022-07-16T06:42:15Z</time>
      </trkpt>
      <trkpt lat="51.621883967891335" lon="103.41287710703909">
        <ele>1129.3699999999999</ele>
        <time>2022-07-16T06:42:27Z</time>
      </trkpt>
      <trkpt lat="51.621877597644925" lon="103.41270846314728">
        <ele>1127.1900000000001</ele>
        <time>2022-07-16T06:43:26Z</time>
      </trkpt>
      <trkpt lat="51.621867036446929" lon="103.41286025941372">
        <ele>1127.0599999999999</ele>
        <time>2022-07-16T06:43:35Z</time>
      </trkpt>
      <trkpt lat="51.621929816901684" lon="103.41299562714994">
        <ele>1127.1199999999999</ele>
        <time>2022-07-16T06:43:46Z</time>
      </trkpt>
      <trkpt lat="51.622016821056604" lon="103.41308154165745">
        <ele>1129.1199999999999</ele>
        <time>2022-07-16T06:43:58Z</time>
      </trkpt>
      <trkpt lat="51.62210600450635" lon="103.41311322525144">
        <ele>1128.8699999999999</ele>
        <time>2022-07-16T06:44:18Z</time>
      </trkpt>
      <trkpt lat="51.622169371694326" lon="103.4132463298738">
        <ele>1128.1900000000001</ele>
        <time>2022-07-16T06:44:23Z</time>
      </trkpt>
      <trkpt lat="51.622251933440566" lon="103.41334003955126">
        <ele>1128.1199999999999</ele>
        <time>2022-07-16T06:44:33Z</time>
      </trkpt>
      <trkpt lat="51.622344888746738" lon="103.41336803510785">
        <ele>1128.1199999999999</ele>
        <time>2022-07-16T06:44:39Z</time>
      </trkpt>
      <trkpt lat="51.622416637837887" lon="103.41345897875726">
        <ele>1129.1199999999999</ele>
        <time>2022-07-16T06:44:47Z</time>
      </trkpt>
      <trkpt lat="51.622516131028533" lon="103.41348228044808">
        <ele>1131.1199999999999</ele>
        <time>2022-07-16T06:44:59Z</time>
      </trkpt>
      <trkpt lat="51.622608667239547" lon="103.4134759940207">
        <ele>1134.0999999999999</ele>
        <time>2022-07-16T06:45:07Z</time>
      </trkpt>
      <trkpt lat="51.622686367481947" lon="103.41340089216828">
        <ele>1134.1199999999999</ele>
        <time>2022-07-16T06:45:11Z</time>
      </trkpt>
      <trkpt lat="51.622775802388787" lon="103.41336887329817">
        <ele>1135.1099999999999</ele>
        <time>2022-07-16T06:45:21Z</time>
      </trkpt>
      <trkpt lat="51.622862471267581" lon="103.41342151165009">
        <ele>1138.6199999999999</ele>
        <time>2022-07-16T06:45:46Z</time>
      </trkpt>
      <trkpt lat="51.622945368289948" lon="103.41349233873188">
        <ele>1145.1199999999999</ele>
        <time>2022-07-16T06:47:07Z</time>
      </trkpt>
      <trkpt lat="51.623053913936019" lon="103.41347197070718">
        <ele>1141.1900000000001</ele>
        <time>2022-07-16T06:47:46Z</time>
      </trkpt>
      <trkpt lat="51.623162124305964" lon="103.41321221552789">
        <ele>1126.3800000000001</ele>
        <time>2022-07-16T06:49:19Z</time>
      </trkpt>
      <trkpt lat="51.623144941404462" lon="103.41306603513658">
        <ele>1124.3699999999999</ele>
        <time>2022-07-16T06:50:23Z</time>
      </trkpt>
      <trkpt lat="51.623127339407802" lon="103.41291356831789">
        <ele>1127.1199999999999</ele>
        <time>2022-07-16T06:51:26Z</time>
      </trkpt>
      <trkpt lat="51.623202441260219" lon="103.41301683336496">
        <ele>1129.1099999999999</ele>
        <time>2022-07-16T06:52:31Z</time>
      </trkpt>
      <trkpt lat="51.623280392959714" lon="103.41293578036129">
        <ele>1131.1199999999999</ele>
        <time>2022-07-16T06:52:44Z</time>
      </trkpt>
      <trkpt lat="51.623325236141682" lon="103.41280108317733">
        <ele>1125.1099999999999</ele>
        <time>2022-07-16T06:53:03Z</time>
      </trkpt>
      <trkpt lat="51.623346274718642" lon="103.41261659748852">
        <ele>1117.1400000000001</ele>
        <time>2022-07-16T06:53:34Z</time>
      </trkpt>
      <trkpt lat="51.623269077390432" lon="103.41249648481607">
        <ele>1112.3900000000001</ele>
        <time>2022-07-16T06:53:53Z</time>
      </trkpt>
      <trkpt lat="51.62314779125154" lon="103.41253194026649">
        <ele>1107.1400000000001</ele>
        <time>2022-07-16T06:54:26Z</time>
      </trkpt>
      <trkpt lat="51.623054416850209" lon="103.41255649924278">
        <ele>1106.1199999999999</ele>
        <time>2022-07-16T06:54:47Z</time>
      </trkpt>
      <trkpt lat="51.623020889237523" lon="103.41270410455763">
        <ele>1104.1900000000001</ele>
        <time>2022-07-16T06:55:57Z</time>
      </trkpt>
      <trkpt lat="51.623010160401464" lon="103.41285145841539">
        <ele>1102.1400000000001</ele>
        <time>2022-07-16T06:58:35Z</time>
      </trkpt>
      <trkpt lat="51.622970178723335" lon="103.41271198354661">
        <ele>1113.1199999999999</ele>
        <time>2022-07-16T07:00:34Z</time>
      </trkpt>
      <trkpt lat="51.622881665825844" lon="103.41268164105713">
        <ele>1108.1199999999999</ele>
        <time>2022-07-16T07:01:05Z</time>
      </trkpt>
      <trkpt lat="51.622760714963078" lon="103.41269128024578">
        <ele>1112.8699999999999</ele>
        <time>2022-07-16T07:02:13Z</time>
      </trkpt>
      <trkpt lat="51.622670190408826" lon="103.4126643743366">
        <ele>1114.3699999999999</ele>
        <time>2022-07-16T07:02:48Z</time>
      </trkpt>
      <trkpt lat="51.622603386640549" lon="103.41276311315596">
        <ele>1112.8699999999999</ele>
        <time>2022-07-16T07:03:02Z</time>
      </trkpt>
      <trkpt lat="51.622514622285962" lon="103.4127161744982">
        <ele>1112.9300000000001</ele>
        <time>2022-07-16T07:03:18Z</time>
      </trkpt>
      <trkpt lat="51.62243046797812" lon="103.41263218782842">
        <ele>1111.9400000000001</ele>
        <time>2022-07-16T07:03:31Z</time>
      </trkpt>
      <trkpt lat="51.622354611754417" lon="103.41255214065313">
        <ele>1116.1199999999999</ele>
        <time>2022-07-16T07:04:19Z</time>
      </trkpt>
      <trkpt lat="51.62229367531836" lon="103.41243278235197">
        <ele>1105.1199999999999</ele>
        <time>2022-07-16T07:14:06Z</time>
      </trkpt>
      <trkpt lat="51.622286131605506" lon="103.41226598247886">
        <ele>1110</ele>
        <time>2022-07-16T07:14:56Z</time>
      </trkpt>
      <trkpt lat="51.622260482981801" lon="103.41241031885147">
        <ele>1117.0599999999999</ele>
        <time>2022-07-16T07:16:26Z</time>
      </trkpt>
      <trkpt lat="51.62221253849566" lon="103.41254929080606">
        <ele>1117.9400000000001</ele>
        <time>2022-07-16T07:19:13Z</time>
      </trkpt>
      <trkpt lat="51.622174400836229" lon="103.41241300106049">
        <ele>1108.1199999999999</ele>
        <time>2022-07-16T07:20:48Z</time>
      </trkpt>
      <trkpt lat="51.622267691418529" lon="103.41242582537234">
        <ele>1111.8699999999999</ele>
        <time>2022-07-16T07:21:37Z</time>
      </trkpt>
      <trkpt lat="51.622357880696654" lon="103.41250721365213">
        <ele>1111.1199999999999</ele>
        <time>2022-07-16T07:29:02Z</time>
      </trkpt>
      <trkpt lat="51.622290071099997" lon="103.41241006739438">
        <ele>1115.1199999999999</ele>
        <time>2022-07-16T07:37:18Z</time>
      </trkpt>
      <trkpt lat="51.622210778295994" lon="103.41232666745782">
        <ele>1115.8699999999999</ele>
        <time>2022-07-16T07:38:09Z</time>
      </trkpt>
      <trkpt lat="51.622206084430218" lon="103.41216238215566">
        <ele>1109.8599999999999</ele>
        <time>2022-07-16T07:39:33Z</time>
      </trkpt>
      <trkpt lat="51.622277498245239" lon="103.41226866468787">
        <ele>1113.1199999999999</ele>
        <time>2022-07-16T07:39:57Z</time>
      </trkpt>
      <trkpt lat="51.622318988665938" lon="103.41239933855832">
        <ele>1110.3800000000001</ele>
        <time>2022-07-16T07:40:07Z</time>
      </trkpt>
      <trkpt lat="51.6223796736449" lon="103.41252054087818">
        <ele>1111.3699999999999</ele>
        <time>2022-07-16T07:40:36Z</time>
      </trkpt>
      <trkpt lat="51.62231027148664" lon="103.41263906098902">
        <ele>1120.0899999999999</ele>
        <time>2022-07-16T07:44:12Z</time>
      </trkpt>
      <trkpt lat="51.622398365288973" lon="103.4125866740942">
        <ele>1107.9300000000001</ele>
        <time>2022-07-16T07:48:32Z</time>
      </trkpt>
      <trkpt lat="51.622312283143401" lon="103.41264551505446">
        <ele>1114.5599999999999</ele>
        <time>2022-07-16T08:00:22Z</time>
      </trkpt>
      <trkpt lat="51.62227657623589" lon="103.4127801284194">
        <ele>1122.8699999999999</ele>
        <time>2022-07-16T08:01:20Z</time>
      </trkpt>
      <trkpt lat="51.62217834033072" lon="103.41280267573893">
        <ele>1123.1300000000001</ele>
        <time>2022-07-16T08:02:31Z</time>
      </trkpt>
      <trkpt lat="51.62213483825326" lon="103.41293058358133">
        <ele>1121.1099999999999</ele>
        <time>2022-07-16T08:03:03Z</time>
      </trkpt>
      <trkpt lat="51.622074320912361" lon="103.41304482892156">
        <ele>1122.8800000000001</ele>
        <time>2022-07-16T08:03:18Z</time>
      </trkpt>
      <trkpt lat="51.622005589306355" lon="103.41294826939702">
        <ele>1125.1199999999999</ele>
        <time>2022-07-16T08:03:28Z</time>
      </trkpt>
      <trkpt lat="51.621934426948428" lon="103.41284877620637">
        <ele>1126.1199999999999</ele>
        <time>2022-07-16T08:03:39Z</time>
      </trkpt>
      <trkpt lat="51.621870389208198" lon="103.41273880563676">
        <ele>1126.3699999999999</ele>
        <time>2022-07-16T08:03:58Z</time>
      </trkpt>
      <trkpt lat="51.621787408366799" lon="103.41267753392458">
        <ele>1128.1199999999999</ele>
        <time>2022-07-16T08:04:17Z</time>
      </trkpt>
      <trkpt lat="51.621724795550108" lon="103.41256647370756">
        <ele>1128.1199999999999</ele>
        <time>2022-07-16T08:04:29Z</time>
      </trkpt>
      <trkpt lat="51.621663691475987" lon="103.41245683841407">
        <ele>1124.1300000000001</ele>
        <time>2022-07-16T08:04:43Z</time>
      </trkpt>
      <trkpt lat="51.621641898527741" lon="103.41231241822243">
        <ele>1127.1199999999999</ele>
        <time>2022-07-16T08:06:56Z</time>
      </trkpt>
      <trkpt lat="51.62164768204093" lon="103.4121617116034">
        <ele>1125.3699999999999</ele>
        <time>2022-07-16T08:07:15Z</time>
      </trkpt>
      <trkpt lat="51.621592277660966" lon="103.41203556396067">
        <ele>1125.8800000000001</ele>
        <time>2022-07-16T08:07:35Z</time>
      </trkpt>
      <trkpt lat="51.621532514691353" lon="103.41192391701043">
        <ele>1125.1199999999999</ele>
        <time>2022-07-16T08:07:47Z</time>
      </trkpt>
      <trkpt lat="51.621473086997867" lon="103.41179533861578">
        <ele>1124.1199999999999</ele>
        <time>2022-07-16T08:08:02Z</time>
      </trkpt>
      <trkpt lat="51.621434027329087" lon="103.41165946796536">
        <ele>1122.3699999999999</ele>
        <time>2022-07-16T08:08:13Z</time>
      </trkpt>
      <trkpt lat="51.621391279622912" lon="103.4115247707814">
        <ele>1124.1199999999999</ele>
        <time>2022-07-16T08:08:30Z</time>
      </trkpt>
      <trkpt lat="51.621331935748458" lon="103.41138923540711">
        <ele>1126.0599999999999</ele>
        <time>2022-07-16T08:08:45Z</time>
      </trkpt>
      <trkpt lat="51.621305700391531" lon="103.41124112717807">
        <ele>1126.1400000000001</ele>
        <time>2022-07-16T08:08:56Z</time>
      </trkpt>
      <trkpt lat="51.621262617409229" lon="103.4110998082906">
        <ele>1128.1199999999999</ele>
        <time>2022-07-16T08:09:04Z</time>
      </trkpt>
      <trkpt lat="51.621169494464993" lon="103.41103048995137">
        <ele>1130.1099999999999</ele>
        <time>2022-07-16T08:09:18Z</time>
      </trkpt>
      <trkpt lat="51.62108819000423" lon="103.41111229732633">
        <ele>1133.1199999999999</ele>
        <time>2022-07-16T08:09:35Z</time>
      </trkpt>
      <trkpt lat="51.621042676270008" lon="103.41124422848225">
        <ele>1136.8699999999999</ele>
        <time>2022-07-16T08:09:46Z</time>
      </trkpt>
      <trkpt lat="51.6210051253438" lon="103.41137766838074">
        <ele>1135.1199999999999</ele>
        <time>2022-07-16T08:10:07Z</time>
      </trkpt>
      <trkpt lat="51.620955169200897" lon="103.4115007147193">
        <ele>1133.3699999999999</ele>
        <time>2022-07-16T08:10:24Z</time>
      </trkpt>
      <trkpt lat="51.620938237756491" lon="103.4116785787046">
        <ele>1133.1199999999999</ele>
        <time>2022-07-16T08:10:34Z</time>
      </trkpt>
      <trkpt lat="51.620922982692719" lon="103.41183012351394">
        <ele>1138.0999999999999</ele>
        <time>2022-07-16T08:10:49Z</time>
      </trkpt>
      <trkpt lat="51.62093723192811" lon="103.41201150789857">
        <ele>1141.1099999999999</ele>
        <time>2022-07-16T08:10:58Z</time>
      </trkpt>
      <trkpt lat="51.620927760377526" lon="103.41218107379973">
        <ele>1142.0599999999999</ele>
        <time>2022-07-16T08:11:12Z</time>
      </trkpt>
      <trkpt lat="51.620925161987543" lon="103.41235717758536">
        <ele>1145.1199999999999</ele>
        <time>2022-07-16T08:11:28Z</time>
      </trkpt>
      <trkpt lat="51.620922731235623" lon="103.41253378428519">
        <ele>1147.0599999999999</ele>
        <time>2022-07-16T08:11:42Z</time>
      </trkpt>
      <trkpt lat="51.620930526405573" lon="103.41267962940037">
        <ele>1146.8699999999999</ele>
        <time>2022-07-16T08:11:55Z</time>
      </trkpt>
      <trkpt lat="51.620918791741133" lon="103.4128284920007">
        <ele>1148.1199999999999</ele>
        <time>2022-07-16T08:12:10Z</time>
      </trkpt>
      <trkpt lat="51.62092549726367" lon="103.41298741288483">
        <ele>1149.0599999999999</ele>
        <time>2022-07-16T08:12:19Z</time>
      </trkpt>
      <trkpt lat="51.620929185301065" lon="103.41313359327614">
        <ele>1151.1099999999999</ele>
        <time>2022-07-16T08:12:29Z</time>
      </trkpt>
      <trkpt lat="51.620913008227944" lon="103.41329729184508">
        <ele>1152.1199999999999</ele>
        <time>2022-07-16T08:12:40Z</time>
      </trkpt>
      <trkpt lat="51.62094603292644" lon="103.41345830820501">
        <ele>1157.1099999999999</ele>
        <time>2022-07-16T08:12:52Z</time>
      </trkpt>
      <trkpt lat="51.620992384850979" lon="103.41359904035926">
        <ele>1156.1800000000001</ele>
        <time>2022-07-16T08:13:05Z</time>
      </trkpt>
      <trkpt lat="51.621034210547805" lon="103.41373289935291">
        <ele>1156.8699999999999</ele>
        <time>2022-07-16T08:13:21Z</time>
      </trkpt>
      <trkpt lat="51.621100679039955" lon="103.41388092376292">
        <ele>1160.1199999999999</ele>
        <time>2022-07-16T08:13:33Z</time>
      </trkpt>
      <trkpt lat="51.621129512786865" lon="103.41403624042869">
        <ele>1159.9300000000001</ele>
        <time>2022-07-16T08:13:45Z</time>
      </trkpt>
      <trkpt lat="51.621169578284025" lon="103.4141752962023">
        <ele>1160.1199999999999</ele>
        <time>2022-07-16T08:13:54Z</time>
      </trkpt>
      <trkpt lat="51.621224312111735" lon="103.41429121792316">
        <ele>1160.1400000000001</ele>
        <time>2022-07-16T08:14:03Z</time>
      </trkpt>
      <trkpt lat="51.621307795867324" lon="103.41441309079528">
        <ele>1158.8699999999999</ele>
        <time>2022-07-16T08:14:25Z</time>
      </trkpt>
      <trkpt lat="51.621373174712062" lon="103.41453689150512">
        <ele>1160.1199999999999</ele>
        <time>2022-07-16T08:14:34Z</time>
      </trkpt>
      <trkpt lat="51.621423382312059" lon="103.41465909965336">
        <ele>1158.3699999999999</ele>
        <time>2022-07-16T08:14:43Z</time>
      </trkpt>
      <trkpt lat="51.621480463072658" lon="103.41479673050344">
        <ele>1160.1199999999999</ele>
        <time>2022-07-16T08:14:55Z</time>
      </trkpt>
      <trkpt lat="51.621546093374491" lon="103.41491751372814">
        <ele>1161.1199999999999</ele>
        <time>2022-07-16T08:15:04Z</time>
      </trkpt>
      <trkpt lat="51.621614070609212" lon="103.41502790339291">
        <ele>1161.8699999999999</ele>
        <time>2022-07-16T08:15:14Z</time>
      </trkpt>
      <trkpt lat="51.62167458795011" lon="103.41515514068305">
        <ele>1164.1099999999999</ele>
        <time>2022-07-16T08:15:23Z</time>
      </trkpt>
      <trkpt lat="51.621714821085334" lon="103.41529008932412">
        <ele>1164.1199999999999</ele>
        <time>2022-07-16T08:15:34Z</time>
      </trkpt>
      <trkpt lat="51.621739463880658" lon="103.41543216258287">
        <ele>1165.1199999999999</ele>
        <time>2022-07-16T08:15:44Z</time>
      </trkpt>
      <trkpt lat="51.621773829683661" lon="103.41559829190373">
        <ele>1166.3699999999999</ele>
        <time>2022-07-16T08:15:55Z</time>
      </trkpt>
      <trkpt lat="51.621805764734745" lon="103.41574539430439">
        <ele>1165.1400000000001</ele>
        <time>2022-07-16T08:16:04Z</time>
      </trkpt>
      <trkpt lat="51.621823282912374" lon="103.41593306511641">
        <ele>1165.1700000000001</ele>
        <time>2022-07-16T08:16:18Z</time>
      </trkpt>
      <trkpt lat="51.62187491543591" lon="103.41606189496815">
        <ele>1165.1300000000001</ele>
        <time>2022-07-16T08:16:32Z</time>
      </trkpt>
      <trkpt lat="51.621890338137746" lon="103.41621042229235">
        <ele>1166.1199999999999</ele>
        <time>2022-07-16T08:16:38Z</time>
      </trkpt>
      <trkpt lat="51.621943227946758" lon="103.41635492630303">
        <ele>1167.1099999999999</ele>
        <time>2022-07-16T08:16:52Z</time>
      </trkpt>
      <trkpt lat="51.62202293984592" lon="103.41644821688533">
        <ele>1166.8099999999999</ele>
        <time>2022-07-16T08:21:22Z</time>
      </trkpt>
      <trkpt lat="51.621955884620547" lon="103.41629927046597">
        <ele>1170.1300000000001</ele>
        <time>2022-07-16T08:22:19Z</time>
      </trkpt>
      <trkpt lat="51.621949598193169" lon="103.41614386998117">
        <ele>1169.1300000000001</ele>
        <time>2022-07-16T08:22:26Z</time>
      </trkpt>
      <trkpt lat="51.621995279565454" lon="103.41599936597049">
        <ele>1168.0799999999999</ele>
        <time>2022-07-16T08:22:41Z</time>
      </trkpt>
      <trkpt lat="51.621986897662282" lon="103.41585150919855">
        <ele>1166.1900000000001</ele>
        <time>2022-07-16T08:22:47Z</time>
      </trkpt>
      <trkpt lat="51.622050264850259" lon="103.41563148424029">
        <ele>1165.1300000000001</ele>
        <time>2022-07-16T08:22:56Z</time>
      </trkpt>
      <trkpt lat="51.622114721685648" lon="103.41550625860691">
        <ele>1165.0599999999999</ele>
        <time>2022-07-16T08:23:02Z</time>
      </trkpt>
      <trkpt lat="51.622171886265278" lon="103.41538312844932">
        <ele>1162.3699999999999</ele>
        <time>2022-07-16T08:23:08Z</time>
      </trkpt>
      <trkpt lat="51.622234918177128" lon="103.41522512957454">
        <ele>1161.1199999999999</ele>
        <time>2022-07-16T08:23:14Z</time>
      </trkpt>
      <trkpt lat="51.622672285884619" lon="103.4149195253849">
        <ele>1158.3699999999999</ele>
        <time>2022-07-16T08:23:42Z</time>
      </trkpt>
      <trkpt lat="51.622786782681942" lon="103.41472372412682">
        <ele>1157.3699999999999</ele>
        <time>2022-07-16T08:23:54Z</time>
      </trkpt>
      <trkpt lat="51.622876469045877" lon="103.41464719735086">
        <ele>1158.8699999999999</ele>
        <time>2022-07-16T08:24:01Z</time>
      </trkpt>
      <trkpt lat="51.623312663286924" lon="103.41408292762935">
        <ele>1152.1900000000001</ele>
        <time>2022-07-16T08:24:27Z</time>
      </trkpt>
      <trkpt lat="51.623696889728308" lon="103.41352100484073">
        <ele>1146.3800000000001</ele>
        <time>2022-07-16T08:24:55Z</time>
      </trkpt>
      <trkpt lat="51.623758831992745" lon="103.41339049860835">
        <ele>1146.1400000000001</ele>
        <time>2022-07-16T08:25:00Z</time>
      </trkpt>
      <trkpt lat="51.623828988522291" lon="103.41328723356128">
        <ele>1145.1300000000001</ele>
        <time>2022-07-16T08:25:07Z</time>
      </trkpt>
      <trkpt lat="51.62390073761344" lon="103.41317181475461">
        <ele>1145.1300000000001</ele>
        <time>2022-07-16T08:25:14Z</time>
      </trkpt>
      <trkpt lat="51.624108189716935" lon="103.41296318918467">
        <ele>1143.1300000000001</ele>
        <time>2022-07-16T08:25:26Z</time>
      </trkpt>
      <trkpt lat="51.624206341803074" lon="103.41297961771488">
        <ele>1142.0799999999999</ele>
        <time>2022-07-16T08:25:35Z</time>
      </trkpt>
      <trkpt lat="51.624304074794054" lon="103.41292169876397">
        <ele>1142.8800000000001</ele>
        <time>2022-07-16T08:25:41Z</time>
      </trkpt>
      <trkpt lat="51.624392420053482" lon="103.41288356110454">
        <ele>1143.1300000000001</ele>
        <time>2022-07-16T08:25:46Z</time>
      </trkpt>
      <trkpt lat="51.624483363702893" lon="103.41284299269319">
        <ele>1143.1300000000001</ele>
        <time>2022-07-16T08:25:51Z</time>
      </trkpt>
      <trkpt lat="51.625268496572971" lon="103.41232851147652">
        <ele>1138.1400000000001</ele>
        <time>2022-07-16T08:26:28Z</time>
      </trkpt>
      <trkpt lat="51.625503860414028" lon="103.41226112097502">
        <ele>1139.1099999999999</ele>
        <time>2022-07-16T08:26:36Z</time>
      </trkpt>
      <trkpt lat="51.625596815720201" lon="103.41219691559672">
        <ele>1138.1400000000001</ele>
        <time>2022-07-16T08:26:45Z</time>
      </trkpt>
      <trkpt lat="51.625686837360263" lon="103.41220261529088">
        <ele>1139.1199999999999</ele>
        <time>2022-07-16T08:26:51Z</time>
      </trkpt>
      <trkpt lat="51.625775685533881" lon="103.41223580762744">
        <ele>1140.0599999999999</ele>
        <time>2022-07-16T08:27:03Z</time>
      </trkpt>
      <trkpt lat="51.625877106562257" lon="103.41219607740641">
        <ele>1140.1300000000001</ele>
        <time>2022-07-16T08:27:09Z</time>
      </trkpt>
      <trkpt lat="51.625970816239715" lon="103.41215458698571">
        <ele>1139.1300000000001</ele>
        <time>2022-07-16T08:27:14Z</time>
      </trkpt>
      <trkpt lat="51.626069135963917" lon="103.41208979487419">
        <ele>1139.1300000000001</ele>
        <time>2022-07-16T08:27:19Z</time>
      </trkpt>
      <trkpt lat="51.62616946734488" lon="103.41198007576168">
        <ele>1139.1300000000001</ele>
        <time>2022-07-16T08:27:24Z</time>
      </trkpt>
      <trkpt lat="51.626266529783607" lon="103.41190237551928">
        <ele>1139.1300000000001</ele>
        <time>2022-07-16T08:27:29Z</time>
      </trkpt>
      <trkpt lat="51.62637080065906" lon="103.41182760894299">
        <ele>1140.1199999999999</ele>
        <time>2022-07-16T08:27:34Z</time>
      </trkpt>
      <trkpt lat="51.626467360183597" lon="103.41171881183982">
        <ele>1140.1300000000001</ele>
        <time>2022-07-16T08:27:38Z</time>
      </trkpt>
      <trkpt lat="51.627935115247965" lon="103.41005777008832">
        <ele>1147.3699999999999</ele>
        <time>2022-07-16T08:28:58Z</time>
      </trkpt>
      <trkpt lat="51.628011222928762" lon="103.40997311286628">
        <ele>1147.3699999999999</ele>
        <time>2022-07-16T08:29:03Z</time>
      </trkpt>
      <trkpt lat="51.628096299245954" lon="103.40985953807831">
        <ele>1148.1300000000001</ele>
        <time>2022-07-16T08:29:08Z</time>
      </trkpt>
      <trkpt lat="51.628184728324413" lon="103.40974277816713">
        <ele>1148.1300000000001</ele>
        <time>2022-07-16T08:29:12Z</time>
      </trkpt>
      <trkpt lat="51.628250693902373" lon="103.40963389724493">
        <ele>1148.1199999999999</ele>
        <time>2022-07-16T08:29:20Z</time>
      </trkpt>
      <trkpt lat="51.628349935635924" lon="103.40950523503125">
        <ele>1147.1900000000001</ele>
        <time>2022-07-16T08:29:27Z</time>
      </trkpt>
      <trkpt lat="51.628441633656621" lon="103.40943289920688">
        <ele>1145.1300000000001</ele>
        <time>2022-07-16T08:29:36Z</time>
      </trkpt>
      <trkpt lat="51.6285256203264" lon="103.40934329666197">
        <ele>1142.4000000000001</ele>
        <time>2022-07-16T08:29:42Z</time>
      </trkpt>
      <trkpt lat="51.628608768805861" lon="103.40924573130906">
        <ele>1141.1900000000001</ele>
        <time>2022-07-16T08:29:47Z</time>
      </trkpt>
      <trkpt lat="51.628703316673636" lon="103.40916291810572">
        <ele>1140.1300000000001</ele>
        <time>2022-07-16T08:29:52Z</time>
      </trkpt>
      <trkpt lat="51.62880071438849" lon="103.40910742990673">
        <ele>1138.1900000000001</ele>
        <time>2022-07-16T08:29:58Z</time>
      </trkpt>
      <trkpt lat="51.628906410187483" lon="103.40904506854713">
        <ele>1136.1300000000001</ele>
        <time>2022-07-16T08:30:04Z</time>
      </trkpt>
      <trkpt lat="51.62901671603322" lon="103.40901263058186">
        <ele>1133.3900000000001</ele>
        <time>2022-07-16T08:30:10Z</time>
      </trkpt>
      <trkpt lat="51.629113694652915" lon="103.4089775942266">
        <ele>1130.45</ele>
        <time>2022-07-16T08:30:15Z</time>
      </trkpt>
      <trkpt lat="51.629293905571103" lon="103.40891003608704">
        <ele>1126.3800000000001</ele>
        <time>2022-07-16T08:30:19Z</time>
      </trkpt>
      <trkpt lat="51.629463639110327" lon="103.40887181460857">
        <ele>1124.1300000000001</ele>
        <time>2022-07-16T08:30:28Z</time>
      </trkpt>
      <trkpt lat="51.629560030996799" lon="103.40886376798153">
        <ele>1122.3800000000001</ele>
        <time>2022-07-16T08:30:34Z</time>
      </trkpt>
      <trkpt lat="51.629670923575759" lon="103.40883526951075">
        <ele>1122.1500000000001</ele>
        <time>2022-07-16T08:30:40Z</time>
      </trkpt>
      <trkpt lat="51.629798077046871" lon="103.4088309109211">
        <ele>1119.1900000000001</ele>
        <time>2022-07-16T08:30:46Z</time>
      </trkpt>
      <trkpt lat="51.629950795322657" lon="103.40879042632878">
        <ele>1115.2</ele>
        <time>2022-07-16T08:30:52Z</time>
      </trkpt>
      <trkpt lat="51.630049534142017" lon="103.40879377909005">
        <ele>1112.4000000000001</ele>
        <time>2022-07-16T08:30:57Z</time>
      </trkpt>
      <trkpt lat="51.630372321233153" lon="103.40882898308337">
        <ele>1109.1300000000001</ele>
        <time>2022-07-16T08:31:08Z</time>
      </trkpt>
      <trkpt lat="51.630466198548675" lon="103.40881607495248">
        <ele>1108.3800000000001</ele>
        <time>2022-07-16T08:31:13Z</time>
      </trkpt>
      <trkpt lat="51.630589412525296" lon="103.4087994787842">
        <ele>1108.1300000000001</ele>
        <time>2022-07-16T08:31:18Z</time>
      </trkpt>
      <trkpt lat="51.630686558783054" lon="103.40878816321492">
        <ele>1106.1400000000001</ele>
        <time>2022-07-16T08:31:24Z</time>
      </trkpt>
      <trkpt lat="51.631088638678193" lon="103.40893057174981">
        <ele>1096.46</ele>
        <time>2022-07-16T08:31:39Z</time>
      </trkpt>
      <trkpt lat="51.631205482408404" lon="103.40900223702192">
        <ele>1094.3900000000001</ele>
        <time>2022-07-16T08:31:44Z</time>
      </trkpt>
      <trkpt lat="51.631349483504891" lon="103.409060575068">
        <ele>1093.1300000000001</ele>
        <time>2022-07-16T08:31:50Z</time>
      </trkpt>
      <trkpt lat="51.631435733288527" lon="103.40911388397217">
        <ele>1092.3800000000001</ele>
        <time>2022-07-16T08:31:55Z</time>
      </trkpt>
      <trkpt lat="51.631524413824081" lon="103.40917440131307">
        <ele>1092.1300000000001</ele>
        <time>2022-07-16T08:32:01Z</time>
      </trkpt>
      <trkpt lat="51.63161912932992" lon="103.40920750983059">
        <ele>1091.1500000000001</ele>
        <time>2022-07-16T08:32:06Z</time>
      </trkpt>
      <trkpt lat="51.63181509822607" lon="103.40922452509403">
        <ele>1091.1300000000001</ele>
        <time>2022-07-16T08:32:16Z</time>
      </trkpt>
      <trkpt lat="51.631908724084496" lon="103.40924363583326">
        <ele>1090.1300000000001</ele>
        <time>2022-07-16T08:32:23Z</time>
      </trkpt>
      <trkpt lat="51.632010312750936" lon="103.40927682816982">
        <ele>1089.1300000000001</ele>
        <time>2022-07-16T08:32:30Z</time>
      </trkpt>
      <trkpt lat="51.632120031863451" lon="103.40929233469069">
        <ele>1087.1500000000001</ele>
        <time>2022-07-16T08:32:37Z</time>
      </trkpt>
      <trkpt lat="51.632209131494164" lon="103.4093298856169">
        <ele>1085.2</ele>
        <time>2022-07-16T08:32:42Z</time>
      </trkpt>
      <trkpt lat="51.632318515330553" lon="103.40933843515813">
        <ele>1083.1300000000001</ele>
        <time>2022-07-16T08:32:47Z</time>
      </trkpt>
      <trkpt lat="51.632431168109179" lon="103.40933240018785">
        <ele>1082.3800000000001</ele>
        <time>2022-07-16T08:32:53Z</time>
      </trkpt>
      <trkpt lat="51.632538121193647" lon="103.40934413485229">
        <ele>1081.1500000000001</ele>
        <time>2022-07-16T08:32:58Z</time>
      </trkpt>
      <trkpt lat="51.632641805335879" lon="103.40934296138585">
        <ele>1080.1300000000001</ele>
        <time>2022-07-16T08:33:03Z</time>
      </trkpt>
      <trkpt lat="51.632772227749228" lon="103.40935276821256">
        <ele>1080.1300000000001</ele>
        <time>2022-07-16T08:33:11Z</time>
      </trkpt>
      <trkpt lat="51.632890496402979" lon="103.40935268439353">
        <ele>1078.2</ele>
        <time>2022-07-16T08:33:17Z</time>
      </trkpt>
      <trkpt lat="51.632996024563909" lon="103.40935109183192">
        <ele>1077.8900000000001</ele>
        <time>2022-07-16T08:33:23Z</time>
      </trkpt>
      <trkpt lat="51.633085627108812" lon="103.40933281928301">
        <ele>1077.1400000000001</ele>
        <time>2022-07-16T08:33:28Z</time>
      </trkpt>
      <trkpt lat="51.633201716467738" lon="103.40929233469069">
        <ele>1077.1300000000001</ele>
        <time>2022-07-16T08:33:34Z</time>
      </trkpt>
      <trkpt lat="51.633295258507133" lon="103.40927381068468">
        <ele>1076.3800000000001</ele>
        <time>2022-07-16T08:33:40Z</time>
      </trkpt>
      <trkpt lat="51.633398523554206" lon="103.40928001329303">
        <ele>1075.3800000000001</ele>
        <time>2022-07-16T08:33:45Z</time>
      </trkpt>
      <trkpt lat="51.633487623184919" lon="103.40930406935513">
        <ele>1074.1400000000001</ele>
        <time>2022-07-16T08:33:53Z</time>
      </trkpt>
      <trkpt lat="51.633579572662711" lon="103.4093230124563">
        <ele>1072.3800000000001</ele>
        <time>2022-07-16T08:34:02Z</time>
      </trkpt>
      <trkpt lat="51.633678562939167" lon="103.40931898914278">
        <ele>1070.1400000000001</ele>
        <time>2022-07-16T08:34:07Z</time>
      </trkpt>
      <trkpt lat="51.633796831592917" lon="103.40932083316147">
        <ele>1069.1400000000001</ele>
        <time>2022-07-16T08:34:12Z</time>
      </trkpt>
      <trkpt lat="51.633922392502427" lon="103.40933080762625">
        <ele>1067.3900000000001</ele>
        <time>2022-07-16T08:34:17Z</time>
      </trkpt>
      <trkpt lat="51.634034374728799" lon="103.40934698469937">
        <ele>1064.4200000000001</ele>
        <time>2022-07-16T08:34:22Z</time>
      </trkpt>
      <trkpt lat="51.634197402745485" lon="103.40937682427466">
        <ele>1062.3900000000001</ele>
        <time>2022-07-16T08:34:26Z</time>
      </trkpt>
      <trkpt lat="51.634303098544478" lon="103.40942141599953">
        <ele>1058.45</ele>
        <time>2022-07-16T08:34:34Z</time>
      </trkpt>
      <trkpt lat="51.634400496259332" lon="103.4094609785825">
        <ele>1056.3900000000001</ele>
        <time>2022-07-16T08:34:39Z</time>
      </trkpt>
      <trkpt lat="51.634523291140795" lon="103.40950967743993">
        <ele>1055.2</ele>
        <time>2022-07-16T08:34:44Z</time>
      </trkpt>
      <trkpt lat="51.634639967232943" lon="103.40953750535846">
        <ele>1054.2</ele>
        <time>2022-07-16T08:34:49Z</time>
      </trkpt>
      <trkpt lat="51.634776927530766" lon="103.40958871878684">
        <ele>1052.3900000000001</ele>
        <time>2022-07-16T08:34:54Z</time>
      </trkpt>
      <trkpt lat="51.634892597794533" lon="103.40967698022723">
        <ele>1050.3900000000001</ele>
        <time>2022-07-16T08:35:00Z</time>
      </trkpt>
      <trkpt lat="51.634983876720071" lon="103.4097564406693">
        <ele>1050.1400000000001</ele>
        <time>2022-07-16T08:35:06Z</time>
      </trkpt>
      <trkpt lat="51.635079011321068" lon="103.40982860885561">
        <ele>1049.1400000000001</ele>
        <time>2022-07-16T08:35:12Z</time>
      </trkpt>
      <trkpt lat="51.635349076241255" lon="103.40996162965894">
        <ele>1045.3900000000001</ele>
        <time>2022-07-16T08:35:23Z</time>
      </trkpt>
      <trkpt lat="51.635441360995173" lon="103.41001376509666">
        <ele>1044.1500000000001</ele>
        <time>2022-07-16T08:35:28Z</time>
      </trkpt>
      <trkpt lat="51.635643364861608" lon="103.41014527715743">
        <ele>1042.1400000000001</ele>
        <time>2022-07-16T08:35:38Z</time>
      </trkpt>
      <trkpt lat="51.635731877759099" lon="103.41018173843622">
        <ele>1042.1400000000001</ele>
        <time>2022-07-16T08:35:43Z</time>
      </trkpt>
      <trkpt lat="51.635838076472282" lon="103.41016069985926">
        <ele>1041.1400000000001</ele>
        <time>2022-07-16T08:35:49Z</time>
      </trkpt>
      <trkpt lat="51.636045863851905" lon="103.41018861159682">
        <ele>1042.1199999999999</ele>
        <time>2022-07-16T08:35:58Z</time>
      </trkpt>
      <trkpt lat="51.636142507195473" lon="103.41022616252303">
        <ele>1041.1400000000001</ele>
        <time>2022-07-16T08:36:04Z</time>
      </trkpt>
      <trkpt lat="51.636255411431193" lon="103.41029757633805">
        <ele>1041.1400000000001</ele>
        <time>2022-07-16T08:36:11Z</time>
      </trkpt>
      <trkpt lat="51.63636663928628" lon="103.41030989773571">
        <ele>1040.1400000000001</ele>
        <time>2022-07-16T08:36:17Z</time>
      </trkpt>
      <trkpt lat="51.636736281216145" lon="103.41036672703922">
        <ele>1041.1199999999999</ele>
        <time>2022-07-16T08:36:32Z</time>
      </trkpt>
      <trkpt lat="51.636859076097608" lon="103.41037007980049">
        <ele>1042.1400000000001</ele>
        <time>2022-07-16T08:36:40Z</time>
      </trkpt>
      <trkpt lat="51.636970890685916" lon="103.41034837067127">
        <ele>1042.1400000000001</ele>
        <time>2022-07-16T08:36:47Z</time>
      </trkpt>
      <trkpt lat="51.637067869305611" lon="103.4103746060282">
        <ele>1043.1400000000001</ele>
        <time>2022-07-16T08:36:53Z</time>
      </trkpt>
      <trkpt lat="51.637171888723969" lon="103.41038877144456">
        <ele>1043.1400000000001</ele>
        <time>2022-07-16T08:37:00Z</time>
      </trkpt>
      <trkpt lat="51.637271381914616" lon="103.41037502512336">
        <ele>1042.1400000000001</ele>
        <time>2022-07-16T08:37:06Z</time>
      </trkpt>
      <trkpt lat="51.637381268665195" lon="103.41035323217511">
        <ele>1041.3900000000001</ele>
        <time>2022-07-16T08:37:12Z</time>
      </trkpt>
      <trkpt lat="51.637486880645156" lon="103.41035038232803">
        <ele>1039.2</ele>
        <time>2022-07-16T08:37:17Z</time>
      </trkpt>
      <trkpt lat="51.637737415730953" lon="103.41034401208162">
        <ele>1037.3900000000001</ele>
        <time>2022-07-16T08:37:26Z</time>
      </trkpt>
      <trkpt lat="51.637836238369346" lon="103.41034476645291">
        <ele>1036.1400000000001</ele>
        <time>2022-07-16T08:37:31Z</time>
      </trkpt>
      <trkpt lat="51.637941095978022" lon="103.4103606082499">
        <ele>1035.1400000000001</ele>
        <time>2022-07-16T08:37:37Z</time>
      </trkpt>
      <trkpt lat="51.638036062940955" lon="103.41039262712002">
        <ele>1033.3900000000001</ele>
        <time>2022-07-16T08:37:42Z</time>
      </trkpt>
      <trkpt lat="51.63841106928885" lon="103.41062262654305">
        <ele>1025.4000000000001</ele>
        <time>2022-07-16T08:37:57Z</time>
      </trkpt>
      <trkpt lat="51.63873796351254" lon="103.41082672588527">
        <ele>1020.14</ele>
        <time>2022-07-16T08:38:12Z</time>
      </trkpt>
      <trkpt lat="51.638829493895173" lon="103.41091381385922">
        <ele>1018.39</ele>
        <time>2022-07-16T08:38:17Z</time>
      </trkpt>
      <trkpt lat="51.638926640152931" lon="103.41098212637007">
        <ele>1015.41</ele>
        <time>2022-07-16T08:38:22Z</time>
      </trkpt>
      <trkpt lat="51.639022277668118" lon="103.41103945858777">
        <ele>1011.46</ele>
        <time>2022-07-16T08:38:27Z</time>
      </trkpt>
      <trkpt lat="51.639114730060101" lon="103.41111120767891">
        <ele>1008.16</ele>
        <time>2022-07-16T08:38:32Z</time>
      </trkpt>
      <trkpt lat="51.639224700629711" lon="103.41121790930629">
        <ele>1006.39</ele>
        <time>2022-07-16T08:38:37Z</time>
      </trkpt>
      <trkpt lat="51.639314135536551" lon="103.41126970946789">
        <ele>1004.2</ele>
        <time>2022-07-16T08:38:43Z</time>
      </trkpt>
      <trkpt lat="51.639411617070436" lon="103.41125805862248">
        <ele>1002.21</ele>
        <time>2022-07-16T08:38:48Z</time>
      </trkpt>
      <trkpt lat="51.639519659802318" lon="103.41126861982048">
        <ele>1002.14</ele>
        <time>2022-07-16T08:38:54Z</time>
      </trkpt>
      <trkpt lat="51.63961797952652" lon="103.4113189112395">
        <ele>1001.14</ele>
        <time>2022-07-16T08:39:00Z</time>
      </trkpt>
      <trkpt lat="51.639714371412992" lon="103.41137272305787">
        <ele>1001.13</ele>
        <time>2022-07-16T08:39:06Z</time>
      </trkpt>
      <trkpt lat="51.639807661995292" lon="103.41142108663917">
        <ele>1000.16</ele>
        <time>2022-07-16T08:39:11Z</time>
      </trkpt>
      <trkpt lat="51.639933390542865" lon="103.41145637445152">
        <ele>998.38999999999999</ele>
        <time>2022-07-16T08:39:17Z</time>
      </trkpt>
      <trkpt lat="51.640052581205964" lon="103.41147129423916">
        <ele>998.13999999999999</ele>
        <time>2022-07-16T08:39:22Z</time>
      </trkpt>
      <trkpt lat="51.640155762434006" lon="103.41148361563683">
        <ele>997.13999999999999</ele>
        <time>2022-07-16T08:39:28Z</time>
      </trkpt>
      <trkpt lat="51.640248382464051" lon="103.41149250045419">
        <ele>997.13999999999999</ele>
        <time>2022-07-16T08:39:33Z</time>
      </trkpt>
      <trkpt lat="51.640376793220639" lon="103.41149350628257">
        <ele>997.13999999999999</ele>
        <time>2022-07-16T08:39:40Z</time>
      </trkpt>
      <trkpt lat="51.640471089631319" lon="103.41149996034801">
        <ele>996.21000000000004</ele>
        <time>2022-07-16T08:39:46Z</time>
      </trkpt>
      <trkpt lat="51.640605786815286" lon="103.41152527369559">
        <ele>995.13999999999999</ele>
        <time>2022-07-16T08:39:52Z</time>
      </trkpt>
      <trkpt lat="51.640712488442659" lon="103.41151940636337">
        <ele>994.15999999999997</ele>
        <time>2022-07-16T08:40:00Z</time>
      </trkpt>
      <trkpt lat="51.640817010775208" lon="103.41153181158006">
        <ele>992.21000000000004</ele>
        <time>2022-07-16T08:40:05Z</time>
      </trkpt>
      <trkpt lat="51.640948858112097" lon="103.41158109717071">
        <ele>991.13999999999999</ele>
        <time>2022-07-16T08:40:09Z</time>
      </trkpt>
      <trkpt lat="51.641053380444646" lon="103.41158939525485">
        <ele>991.13999999999999</ele>
        <time>2022-07-16T08:40:16Z</time>
      </trkpt>
      <trkpt lat="51.641176929697394" lon="103.41159727424383">
        <ele>990.33000000000004</ele>
        <time>2022-07-16T08:40:27Z</time>
      </trkpt>
      <trkpt lat="51.641286397352815" lon="103.41159651987255">
        <ele>990.13999999999999</ele>
        <time>2022-07-16T08:40:33Z</time>
      </trkpt>
      <trkpt lat="51.641385387629271" lon="103.41156575828791">
        <ele>990.13999999999999</ele>
        <time>2022-07-16T08:40:38Z</time>
      </trkpt>
      <trkpt lat="51.641501896083355" lon="103.41150180436671">
        <ele>991.13999999999999</ele>
        <time>2022-07-16T08:40:43Z</time>
      </trkpt>
      <trkpt lat="51.641591666266322" lon="103.41148235835135">
        <ele>991.14999999999998</ele>
        <time>2022-07-16T08:40:50Z</time>
      </trkpt>
      <trkpt lat="51.641715718433261" lon="103.41148420237005">
        <ele>990.21000000000004</ele>
        <time>2022-07-16T08:40:57Z</time>
      </trkpt>
      <trkpt lat="51.641808589920402" lon="103.4114885609597">
        <ele>990.15999999999997</ele>
        <time>2022-07-16T08:41:02Z</time>
      </trkpt>
      <trkpt lat="51.64195703342557" lon="103.41151848435402">
        <ele>987.21000000000004</ele>
        <time>2022-07-16T08:41:09Z</time>
      </trkpt>
      <trkpt lat="51.642059041187167" lon="103.41152099892497">
        <ele>985.21000000000004</ele>
        <time>2022-07-16T08:41:15Z</time>
      </trkpt>
      <trkpt lat="51.6421730350703" lon="103.41154287569225">
        <ele>984.15999999999997</ele>
        <time>2022-07-16T08:41:20Z</time>
      </trkpt>
      <trkpt lat="51.642272025346756" lon="103.4115715418011">
        <ele>982.39999999999998</ele>
        <time>2022-07-16T08:41:25Z</time>
      </trkpt>
      <trkpt lat="51.642372775822878" lon="103.41155838221312">
        <ele>981.90999999999997</ele>
        <time>2022-07-16T08:41:31Z</time>
      </trkpt>
      <trkpt lat="51.642463635653257" lon="103.41156986542046">
        <ele>980.14999999999998</ele>
        <time>2022-07-16T08:41:37Z</time>
      </trkpt>
      <trkpt lat="51.642580730840564" lon="103.41154128313065">
        <ele>980.14999999999998</ele>
        <time>2022-07-16T08:41:43Z</time>
      </trkpt>
      <trkpt lat="51.642771167680621" lon="103.41149350628257">
        <ele>980.14999999999998</ele>
        <time>2022-07-16T08:41:52Z</time>
      </trkpt>
      <trkpt lat="51.642869990319014" lon="103.41150348074734">
        <ele>979.14999999999998</ele>
        <time>2022-07-16T08:41:59Z</time>
      </trkpt>
      <trkpt lat="51.642963280901313" lon="103.4114727191627">
        <ele>977.39999999999998</ele>
        <time>2022-07-16T08:42:05Z</time>
      </trkpt>
      <trkpt lat="51.643077107146382" lon="103.41142628341913">
        <ele>976.39999999999998</ele>
        <time>2022-07-16T08:42:11Z</time>
      </trkpt>
      <trkpt lat="51.643207026645541" lon="103.41143609024584">
        <ele>975.14999999999998</ele>
        <time>2022-07-16T08:42:17Z</time>
      </trkpt>
      <trkpt lat="51.643320685252547" lon="103.41138697229326">
        <ele>974.39999999999998</ele>
        <time>2022-07-16T08:42:22Z</time>
      </trkpt>
      <trkpt lat="51.643413808196783" lon="103.41137590818107">
        <ele>972.15999999999997</ele>
        <time>2022-07-16T08:42:28Z</time>
      </trkpt>
      <trkpt lat="51.643874477595091" lon="103.41149208135903">
        <ele>970.14999999999998</ele>
        <time>2022-07-16T08:42:45Z</time>
      </trkpt>
      <trkpt lat="51.643979586660862" lon="103.41148118488491">
        <ele>967.40999999999997</ele>
        <time>2022-07-16T08:42:50Z</time>
      </trkpt>
      <trkpt lat="51.644258620217443" lon="103.41148906387389">
        <ele>959.15999999999997</ele>
        <time>2022-07-16T08:43:01Z</time>
      </trkpt>
      <trkpt lat="51.644891202449799" lon="103.41134632006288">
        <ele>962.14999999999998</ele>
        <time>2022-07-16T08:43:29Z</time>
      </trkpt>
      <trkpt lat="51.645033694803715" lon="103.41130231507123">
        <ele>961.14999999999998</ele>
        <time>2022-07-16T08:43:35Z</time>
      </trkpt>
      <trkpt lat="51.645139809697866" lon="103.41125068254769">
        <ele>961.39999999999998</ele>
        <time>2022-07-16T08:43:40Z</time>
      </trkpt>
      <trkpt lat="51.645242907106876" lon="103.41121640056372">
        <ele>960.39999999999998</ele>
        <time>2022-07-16T08:43:46Z</time>
      </trkpt>
      <trkpt lat="51.645331671461463" lon="103.41117231175303">
        <ele>959.21000000000004</ele>
        <time>2022-07-16T08:43:51Z</time>
      </trkpt>
      <trkpt lat="51.645444659516215" lon="103.41115403920412">
        <ele>958.39999999999998</ele>
        <time>2022-07-16T08:43:56Z</time>
      </trkpt>
      <trkpt lat="51.645556222647429" lon="103.4111309889704">
        <ele>956.16999999999996</ele>
        <time>2022-07-16T08:44:01Z</time>
      </trkpt>
      <trkpt lat="51.647541727870703" lon="103.41092772781849">
        <ele>933.40999999999997</ele>
        <time>2022-07-16T08:45:12Z</time>
      </trkpt>
      <trkpt lat="51.647625882178545" lon="103.41100752353668">
        <ele>931.21000000000004</ele>
        <time>2022-07-16T08:45:20Z</time>
      </trkpt>
      <trkpt lat="51.647718166932464" lon="103.41105010360479">
        <ele>931.14999999999998</ele>
        <time>2022-07-16T08:45:26Z</time>
      </trkpt>
      <trkpt lat="51.647821767255664" lon="103.41107667423785">
        <ele>929.15999999999997</ele>
        <time>2022-07-16T08:45:32Z</time>
      </trkpt>
      <trkpt lat="51.647934168577194" lon="103.41109871864319">
        <ele>926.39999999999998</ele>
        <time>2022-07-16T08:45:36Z</time>
      </trkpt>
      <trkpt lat="51.648062579333782" lon="103.41109419241548">
        <ele>925.14999999999998</ele>
        <time>2022-07-16T08:45:42Z</time>
      </trkpt>
      <trkpt lat="51.648154025897384" lon="103.41108824126422">
        <ele>923.14999999999998</ele>
        <time>2022-07-16T08:45:50Z</time>
      </trkpt>
      <trkpt lat="51.648247903212905" lon="103.41109519824386">
        <ele>922.14999999999998</ele>
        <time>2022-07-16T08:45:57Z</time>
      </trkpt>
      <trkpt lat="51.648351084440947" lon="103.41108212247491">
        <ele>922.14999999999998</ele>
        <time>2022-07-16T08:46:03Z</time>
      </trkpt>
      <trkpt lat="51.648652330040932" lon="103.41108279302716">
        <ele>919.39999999999998</ele>
        <time>2022-07-16T08:46:17Z</time>
      </trkpt>
      <trkpt lat="51.649126159027219" lon="103.41108849272132">
        <ele>913.14999999999998</ele>
        <time>2022-07-16T08:46:35Z</time>
      </trkpt>
      <trkpt lat="51.649228921160102" lon="103.41107726097107">
        <ele>911.39999999999998</ele>
        <time>2022-07-16T08:46:40Z</time>
      </trkpt>
      <trkpt lat="51.649533100426197" lon="103.41113140806556">
        <ele>908.15999999999997</ele>
        <time>2022-07-16T08:46:57Z</time>
      </trkpt>
      <trkpt lat="51.649643322452903" lon="103.41119159013033">
        <ele>908.14999999999998</ele>
        <time>2022-07-16T08:47:03Z</time>
      </trkpt>
      <trkpt lat="51.651563784107566" lon="103.41189659200609">
        <ele>916.15999999999997</ele>
        <time>2022-07-16T08:48:12Z</time>
      </trkpt>
      <trkpt lat="51.653314512223005" lon="103.41161713935435">
        <ele>917.15999999999997</ele>
        <time>2022-07-16T08:49:10Z</time>
      </trkpt>
      <trkpt lat="51.65347401984036" lon="103.41163096949458">
        <ele>917.15999999999997</ele>
        <time>2022-07-16T08:49:15Z</time>
      </trkpt>
      <trkpt lat="51.654522428289056" lon="103.41219163499773">
        <ele>914.15999999999997</ele>
        <time>2022-07-16T08:49:49Z</time>
      </trkpt>
      <trkpt lat="51.654767012223601" lon="103.41243118979037">
        <ele>916.85000000000002</ele>
        <time>2022-07-16T08:49:54Z</time>
      </trkpt>
      <trkpt lat="51.65487346239388" lon="103.41250729747117">
        <ele>918.10000000000002</ele>
        <time>2022-07-16T08:50:00Z</time>
      </trkpt>
      <trkpt lat="51.655034478753805" lon="103.41261793859303">
        <ele>919.15999999999997</ele>
        <time>2022-07-16T08:50:06Z</time>
      </trkpt>
      <trkpt lat="51.655446533113718" lon="103.41328446753323">
        <ele>922.15999999999997</ele>
        <time>2022-07-16T08:50:28Z</time>
      </trkpt>
      <trkpt lat="51.655555414035916" lon="103.41340491548181">
        <ele>922.15999999999997</ele>
        <time>2022-07-16T08:50:33Z</time>
      </trkpt>
      <trkpt lat="51.656268294900656" lon="103.41366961598396">
        <ele>920.15999999999997</ele>
        <time>2022-07-16T08:51:03Z</time>
      </trkpt>
      <trkpt lat="51.656386982649565" lon="103.41368906199932">
        <ele>921.10000000000002</ele>
        <time>2022-07-16T08:51:08Z</time>
      </trkpt>
      <trkpt lat="51.656546741724014" lon="103.41372937895358">
        <ele>926.14999999999998</ele>
        <time>2022-07-16T08:51:12Z</time>
      </trkpt>
      <trkpt lat="51.656652437523007" lon="103.41374480165541">
        <ele>927.90999999999997</ele>
        <time>2022-07-16T08:51:19Z</time>
      </trkpt>
      <trkpt lat="51.656803982332349" lon="103.41378587298095">
        <ele>930.14999999999998</ele>
        <time>2022-07-16T08:51:26Z</time>
      </trkpt>
      <trkpt lat="51.656905570998788" lon="103.41379752382636">
        <ele>932.15999999999997</ele>
        <time>2022-07-16T08:51:31Z</time>
      </trkpt>
      <trkpt lat="51.657021911814809" lon="103.41381931677461">
        <ele>935.10000000000002</ele>
        <time>2022-07-16T08:51:37Z</time>
      </trkpt>
      <trkpt lat="51.657161805778742" lon="103.41384924016893">
        <ele>936.15999999999997</ele>
        <time>2022-07-16T08:51:41Z</time>
      </trkpt>
      <trkpt lat="51.657280074432492" lon="103.41388477943838">
        <ele>936.15999999999997</ele>
        <time>2022-07-16T08:51:46Z</time>
      </trkpt>
      <trkpt lat="51.657402366399765" lon="103.41386516578496">
        <ele>937.15999999999997</ele>
        <time>2022-07-16T08:51:54Z</time>
      </trkpt>
      <trkpt lat="51.657733535394073" lon="103.41380456462502">
        <ele>937.90999999999997</ele>
        <time>2022-07-16T08:52:07Z</time>
      </trkpt>
      <trkpt lat="51.657832525670528" lon="103.41377413831651">
        <ele>938.15999999999997</ele>
        <time>2022-07-16T08:52:12Z</time>
      </trkpt>
      <trkpt lat="51.657940316945314" lon="103.41377053409815">
        <ele>938.15999999999997</ele>
        <time>2022-07-16T08:52:18Z</time>
      </trkpt>
      <trkpt lat="51.658039810135961" lon="103.41373893432319">
        <ele>937.97000000000003</ele>
        <time>2022-07-16T08:52:24Z</time>
      </trkpt>
      <trkpt lat="51.65813016705215" lon="103.4137297142297">
        <ele>938.16999999999996</ele>
        <time>2022-07-16T08:52:31Z</time>
      </trkpt>
      <trkpt lat="51.658258913084865" lon="103.41375511139631">
        <ele>938.16999999999996</ele>
        <time>2022-07-16T08:52:38Z</time>
      </trkpt>
      <trkpt lat="51.658349437639117" lon="103.41376097872853">
        <ele>937.16999999999996</ele>
        <time>2022-07-16T08:52:46Z</time>
      </trkpt>
      <trkpt lat="51.65844046510756" lon="103.41376793570817">
        <ele>936.17999999999995</ele>
        <time>2022-07-16T08:52:51Z</time>
      </trkpt>
      <trkpt lat="51.658581281080842" lon="103.41378696262836">
        <ele>934.23000000000002</ele>
        <time>2022-07-16T08:52:56Z</time>
      </trkpt>
      <trkpt lat="51.658755037933588" lon="103.41379132121801">
        <ele>932.41999999999996</ele>
        <time>2022-07-16T08:53:00Z</time>
      </trkpt>
      <trkpt lat="51.658918568864465" lon="103.41382945887744">
        <ele>929.48000000000002</ele>
        <time>2022-07-16T08:53:06Z</time>
      </trkpt>
      <trkpt lat="51.659011691808701" lon="103.41387547552586">
        <ele>927.41999999999996</ele>
        <time>2022-07-16T08:53:12Z</time>
      </trkpt>
      <trkpt lat="51.659179832786322" lon="103.41400262899697">
        <ele>926.16999999999996</ele>
        <time>2022-07-16T08:53:17Z</time>
      </trkpt>
      <trkpt lat="51.659348141402006" lon="103.41412257403135">
        <ele>924.17999999999995</ele>
        <time>2022-07-16T08:53:21Z</time>
      </trkpt>
      <trkpt lat="51.659434558823705" lon="103.41417957097292">
        <ele>922.25</ele>
        <time>2022-07-16T08:53:27Z</time>
      </trkpt>
      <trkpt lat="51.659573782235384" lon="103.41425576247275">
        <ele>920.16999999999996</ele>
        <time>2022-07-16T08:53:32Z</time>
      </trkpt>
      <trkpt lat="51.659720716997981" lon="103.4143240749836">
        <ele>919.16999999999996</ele>
        <time>2022-07-16T08:53:38Z</time>
      </trkpt>
      <trkpt lat="51.659907130524516" lon="103.41445097699761">
        <ele>916.66999999999996</ele>
        <time>2022-07-16T08:53:43Z</time>
      </trkpt>
      <trkpt lat="51.66012967005372" lon="103.41451266780496">
        <ele>913.23000000000002</ele>
        <time>2022-07-16T08:53:48Z</time>
      </trkpt>
      <trkpt lat="51.660328404977918" lon="103.41466706246138">
        <ele>911.41999999999996</ele>
        <time>2022-07-16T08:53:52Z</time>
      </trkpt>
      <trkpt lat="51.660440471023321" lon="103.41467829421163">
        <ele>911.16999999999996</ele>
        <time>2022-07-16T08:53:59Z</time>
      </trkpt>
      <trkpt lat="51.660591010004282" lon="103.41472523286939">
        <ele>910.16999999999996</ele>
        <time>2022-07-16T08:54:05Z</time>
      </trkpt>
      <trkpt lat="51.660719085484743" lon="103.41467963531613">
        <ele>909.16999999999996</ele>
        <time>2022-07-16T08:54:10Z</time>
      </trkpt>
      <trkpt lat="51.661048075184226" lon="103.41474920511246">
        <ele>906.16999999999996</ele>
        <time>2022-07-16T08:54:17Z</time>
      </trkpt>
      <trkpt lat="51.661239685490727" lon="103.41484802775085">
        <ele>904.41999999999996</ele>
        <time>2022-07-16T08:54:23Z</time>
      </trkpt>
      <trkpt lat="51.661332221701741" lon="103.41487166471779">
        <ele>903.41999999999996</ele>
        <time>2022-07-16T08:54:31Z</time>
      </trkpt>
      <trkpt lat="51.662019370123744" lon="103.41541112400591">
        <ele>895.23000000000002</ele>
        <time>2022-07-16T08:54:53Z</time>
      </trkpt>
      <trkpt lat="51.662141159176826" lon="103.41547356918454">
        <ele>894.16999999999996</ele>
        <time>2022-07-16T08:54:57Z</time>
      </trkpt>
      <trkpt lat="51.663246983662248" lon="103.41622056439519">
        <ele>879.41999999999996</ele>
        <time>2022-07-16T08:55:35Z</time>
      </trkpt>
      <trkpt lat="51.663345387205482" lon="103.41627663932741">
        <ele>871.74000000000001</ele>
        <time>2022-07-16T08:55:44Z</time>
      </trkpt>
      <trkpt lat="51.663788203150034" lon="103.41644293628633">
        <ele>860.42999999999995</ele>
        <time>2022-07-16T08:56:03Z</time>
      </trkpt>
      <trkpt lat="51.665337514132261" lon="103.4171921107918">
        <ele>835.42999999999995</ele>
        <time>2022-07-16T08:56:59Z</time>
      </trkpt>
      <trkpt lat="51.665449161082506" lon="103.41722136363387">
        <ele>835.17999999999995</ele>
        <time>2022-07-16T08:57:07Z</time>
      </trkpt>
      <trkpt lat="51.665544211864471" lon="103.41723427176476">
        <ele>834.19000000000005</ele>
        <time>2022-07-16T08:57:13Z</time>
      </trkpt>
      <trkpt lat="51.66565309278667" lon="103.41726344078779">
        <ele>832.19000000000005</ele>
        <time>2022-07-16T08:57:18Z</time>
      </trkpt>
      <trkpt lat="51.665906310081482" lon="103.41733736917377">
        <ele>830.17999999999995</ele>
        <time>2022-07-16T08:57:28Z</time>
      </trkpt>
      <trkpt lat="51.665994320064783" lon="103.41737651266158">
        <ele>829.17999999999995</ele>
        <time>2022-07-16T08:57:33Z</time>
      </trkpt>
      <trkpt lat="51.666093394160271" lon="103.41739662922919">
        <ele>824.42999999999995</ele>
        <time>2022-07-16T08:57:38Z</time>
      </trkpt>
      <trkpt lat="51.666192971169949" lon="103.41748422011733">
        <ele>823.19000000000005</ele>
        <time>2022-07-16T08:57:43Z</time>
      </trkpt>
      <trkpt lat="51.666572168469429" lon="103.41787397861481">
        <ele>819.92999999999995</ele>
        <time>2022-07-16T08:57:58Z</time>
      </trkpt>
      <trkpt lat="51.666675936430693" lon="103.41796098276973">
        <ele>820.17999999999995</ele>
        <time>2022-07-16T08:58:03Z</time>
      </trkpt>
      <trkpt lat="51.666776770725846" lon="103.4180280379951">
        <ele>818.42999999999995</ele>
        <time>2022-07-16T08:58:12Z</time>
      </trkpt>
      <trkpt lat="51.666873330250382" lon="103.41812007129192">
        <ele>814.49000000000001</ele>
        <time>2022-07-16T08:58:17Z</time>
      </trkpt>
      <trkpt lat="51.666974667459726" lon="103.41825309209526">
        <ele>813.17999999999995</ele>
        <time>2022-07-16T08:58:22Z</time>
      </trkpt>
      <trkpt lat="51.667005680501461" lon="103.41842567548156">
        <ele>811.24000000000001</ele>
        <time>2022-07-16T08:58:27Z</time>
      </trkpt>
      <trkpt lat="51.667013391852379" lon="103.41861938126385">
        <ele>809.17999999999995</ele>
        <time>2022-07-16T08:58:32Z</time>
      </trkpt>
      <trkpt lat="51.667012637481093" lon="103.41877746395767">
        <ele>809.17999999999995</ele>
        <time>2022-07-16T08:58:37Z</time>
      </trkpt>
      <trkpt lat="51.667023031041026" lon="103.41894594021142">
        <ele>808.17999999999995</ele>
        <time>2022-07-16T08:58:42Z</time>
      </trkpt>
      <trkpt lat="51.667118668556213" lon="103.41889766044915">
        <ele>806.19000000000005</ele>
        <time>2022-07-16T08:58:49Z</time>
      </trkpt>
      <trkpt lat="51.667219419032335" lon="103.41882297769189">
        <ele>806.17999999999995</ele>
        <time>2022-07-16T08:58:54Z</time>
      </trkpt>
      <trkpt lat="51.667306087911129" lon="103.41873412951827">
        <ele>805.17999999999995</ele>
        <time>2022-07-16T08:58:59Z</time>
      </trkpt>
      <trkpt lat="51.667381022125483" lon="103.41857110150158">
        <ele>805.92999999999995</ele>
        <time>2022-07-16T08:59:04Z</time>
      </trkpt>
      <trkpt lat="51.667472468689084" lon="103.4182817582041">
        <ele>804.42999999999995</ele>
        <time>2022-07-16T08:59:09Z</time>
      </trkpt>
      <trkpt lat="51.667471630498767" lon="103.41800423339009">
        <ele>803.41999999999996</ele>
        <time>2022-07-16T08:59:14Z</time>
      </trkpt>
      <trkpt lat="51.667480682954192" lon="103.41762537136674">
        <ele>803.17999999999995</ele>
        <time>2022-07-16T08:59:18Z</time>
      </trkpt>
      <trkpt lat="51.667435504496098" lon="103.41734390705824">
        <ele>800.24000000000001</ele>
        <time>2022-07-16T08:59:22Z</time>
      </trkpt>
      <trkpt lat="51.66737699881196" lon="103.41721197590232">
        <ele>799.17999999999995</ele>
        <time>2022-07-16T08:59:28Z</time>
      </trkpt>
      <trkpt lat="51.667322097346187" lon="103.41701986268163">
        <ele>797.19000000000005</ele>
        <time>2022-07-16T08:59:33Z</time>
      </trkpt>
      <trkpt lat="51.667410358786583" lon="103.41683059930801">
        <ele>794.42999999999995</ele>
        <time>2022-07-16T08:59:40Z</time>
      </trkpt>
      <trkpt lat="51.667519826442003" lon="103.41695037670434">
        <ele>792.42999999999995</ele>
        <time>2022-07-16T08:59:44Z</time>
      </trkpt>
      <trkpt lat="51.667599203065038" lon="103.41705473139882">
        <ele>789.42999999999995</ele>
        <time>2022-07-16T08:59:51Z</time>
      </trkpt>
      <trkpt lat="51.667780838906765" lon="103.41722530312836">
        <ele>787.42999999999995</ele>
        <time>2022-07-16T08:59:55Z</time>
      </trkpt>
      <trkpt lat="51.667891480028629" lon="103.41738799586892">
        <ele>785.17999999999995</ele>
        <time>2022-07-16T09:00:00Z</time>
      </trkpt>
      <trkpt lat="51.667967587709427" lon="103.41751833446324">
        <ele>783.42999999999995</ele>
        <time>2022-07-16T09:00:05Z</time>
      </trkpt>
      <trkpt lat="51.66808158159256" lon="103.41782921925187">
        <ele>779.42999999999995</ele>
        <time>2022-07-16T09:00:10Z</time>
      </trkpt>
      <trkpt lat="51.668206471949816" lon="103.41809450648725">
        <ele>778.17999999999995</ele>
        <time>2022-07-16T09:00:16Z</time>
      </trkpt>
      <trkpt lat="51.668301103636622" lon="103.41828921809793">
        <ele>776.42999999999995</ele>
        <time>2022-07-16T09:00:22Z</time>
      </trkpt>
      <trkpt lat="51.668360782787204" lon="103.41842902824283">
        <ele>775.42999999999995</ele>
        <time>2022-07-16T09:00:27Z</time>
      </trkpt>
      <trkpt lat="51.668405206874013" lon="103.41860429383814">
        <ele>773.25</ele>
        <time>2022-07-16T09:00:33Z</time>
      </trkpt>
      <trkpt lat="51.668409230187535" lon="103.41876790858805">
        <ele>772.17999999999995</ele>
        <time>2022-07-16T09:00:38Z</time>
      </trkpt>
      <trkpt lat="51.668406212702394" lon="103.41891576536">
        <ele>771.20000000000005</ele>
        <time>2022-07-16T09:00:43Z</time>
      </trkpt>
      <trkpt lat="51.668397160246968" lon="103.41914576478302">
        <ele>771.92999999999995</ele>
        <time>2022-07-16T09:00:48Z</time>
      </trkpt>
      <trkpt lat="51.668402859941125" lon="103.41931281611323">
        <ele>771.17999999999995</ele>
        <time>2022-07-16T09:00:54Z</time>
      </trkpt>
      <trkpt lat="51.668411828577518" lon="103.41955932788551">
        <ele>769.20000000000005</ele>
        <time>2022-07-16T09:01:00Z</time>
      </trkpt>
      <trkpt lat="51.668503861874342" lon="103.41958782635629">
        <ele>767.42999999999995</ele>
        <time>2022-07-16T09:01:07Z</time>
      </trkpt>
      <trkpt lat="51.668571336194873" lon="103.41948959045112">
        <ele>766.21000000000004</ele>
        <time>2022-07-16T09:01:13Z</time>
      </trkpt>
      <trkpt lat="51.668644929304719" lon="103.419394120574">
        <ele>763.49000000000001</ele>
        <time>2022-07-16T09:01:18Z</time>
      </trkpt>
      <trkpt lat="51.668745093047619" lon="103.41932077892125">
        <ele>761.42999999999995</ele>
        <time>2022-07-16T09:01:23Z</time>
      </trkpt>
      <trkpt lat="51.66884140111506" lon="103.41923897154629">
        <ele>756.45000000000005</ele>
        <time>2022-07-16T09:01:28Z</time>
      </trkpt>
      <trkpt lat="51.668960424140096" lon="103.41912413947284">
        <ele>750.70000000000005</ele>
        <time>2022-07-16T09:01:33Z</time>
      </trkpt>
      <trkpt lat="51.669114483520389" lon="103.41894929297268">
        <ele>746.45000000000005</ele>
        <time>2022-07-16T09:01:38Z</time>
      </trkpt>
      <trkpt lat="51.669360408559442" lon="103.41837228275836">
        <ele>741.20000000000005</ele>
        <time>2022-07-16T09:01:51Z</time>
      </trkpt>
      <trkpt lat="51.669486640021205" lon="103.41815879568458">
        <ele>739.92999999999995</ele>
        <time>2022-07-16T09:01:56Z</time>
      </trkpt>
      <trkpt lat="51.669653607532382" lon="103.41801068745553">
        <ele>741.37</ele>
        <time>2022-07-16T09:02:01Z</time>
      </trkpt>
      <trkpt lat="51.669786795973778" lon="103.41791789978743">
        <ele>740.42999999999995</ele>
        <time>2022-07-16T09:02:06Z</time>
      </trkpt>
      <trkpt lat="51.669907830655575" lon="103.41788562946022">
        <ele>740.17999999999995</ele>
        <time>2022-07-16T09:02:11Z</time>
      </trkpt>
      <trkpt lat="51.670000283047557" lon="103.41787213459611">
        <ele>740.92999999999995</ele>
        <time>2022-07-16T09:02:16Z</time>
      </trkpt>
      <trkpt lat="51.670159790664911" lon="103.41785998083651">
        <ele>739.24000000000001</ele>
        <time>2022-07-16T09:02:22Z</time>
      </trkpt>
      <trkpt lat="51.6702985111624" lon="103.41791236773133">
        <ele>739.17999999999995</ele>
        <time>2022-07-16T09:02:27Z</time>
      </trkpt>
      <trkpt lat="51.670446284115314" lon="103.41799191199243">
        <ele>739.17999999999995</ele>
        <time>2022-07-16T09:02:33Z</time>
      </trkpt>
      <trkpt lat="51.670567486435175" lon="103.41809023171663">
        <ele>738.17999999999995</ele>
        <time>2022-07-16T09:02:38Z</time>
      </trkpt>
      <trkpt lat="51.670722719281912" lon="103.41815242543817">
        <ele>736.45000000000005</ele>
        <time>2022-07-16T09:02:44Z</time>
      </trkpt>
      <trkpt lat="51.670827409252524" lon="103.41823968105018">
        <ele>736.17999999999995</ele>
        <time>2022-07-16T09:02:49Z</time>
      </trkpt>
      <trkpt lat="51.670979289337993" lon="103.41832836158574">
        <ele>736.17999999999995</ele>
        <time>2022-07-16T09:02:54Z</time>
      </trkpt>
      <trkpt lat="51.67112429626286" lon="103.41842358000576">
        <ele>734.42999999999995</ele>
        <time>2022-07-16T09:02:59Z</time>
      </trkpt>
      <trkpt lat="51.673089601099491" lon="103.42079306021333">
        <ele>740.19000000000005</ele>
        <time>2022-07-16T09:04:06Z</time>
      </trkpt>
      <trkpt lat="51.673131510615349" lon="103.42093689367175">
        <ele>739.44000000000005</ele>
        <time>2022-07-16T09:04:12Z</time>
      </trkpt>
      <trkpt lat="51.673255059868097" lon="103.42113906517625">
        <ele>737.25</ele>
        <time>2022-07-16T09:04:17Z</time>
      </trkpt>
      <trkpt lat="51.674104062840343" lon="103.42177248559892">
        <ele>730.45000000000005</ele>
        <time>2022-07-16T09:04:48Z</time>
      </trkpt>
      <trkpt lat="51.674284692853689" lon="103.42189393937588">
        <ele>728.19000000000005</ele>
        <time>2022-07-16T09:04:53Z</time>
      </trkpt>
      <trkpt lat="51.67448359541595" lon="103.42201237566769">
        <ele>727.44000000000005</ele>
        <time>2022-07-16T09:05:00Z</time>
      </trkpt>
      <trkpt lat="51.67471032589674" lon="103.42200893908739">
        <ele>726.19000000000005</ele>
        <time>2022-07-16T09:05:08Z</time>
      </trkpt>
      <trkpt lat="51.674898499622941" lon="103.42197440564632">
        <ele>725</ele>
        <time>2022-07-16T09:05:14Z</time>
      </trkpt>
      <trkpt lat="51.675065970048308" lon="103.42192118056118">
        <ele>726.19000000000005</ele>
        <time>2022-07-16T09:05:19Z</time>
      </trkpt>
      <trkpt lat="51.675223130732775" lon="103.42198136262596">
        <ele>723.44000000000005</ele>
        <time>2022-07-16T09:05:24Z</time>
      </trkpt>
      <trkpt lat="51.675375932827592" lon="103.42211756855249">
        <ele>723.17999999999995</ele>
        <time>2022-07-16T09:05:29Z</time>
      </trkpt>
      <trkpt lat="51.675560921430588" lon="103.42227950692177">
        <ele>723.41999999999996</ele>
        <time>2022-07-16T09:05:35Z</time>
      </trkpt>
      <trkpt lat="51.675756722688675" lon="103.42238578945398">
        <ele>722.19000000000005</ele>
        <time>2022-07-16T09:05:41Z</time>
      </trkpt>
      <trkpt lat="51.67591480538249" lon="103.42239484190941">
        <ele>721.19000000000005</ele>
        <time>2022-07-16T09:05:46Z</time>
      </trkpt>
      <trkpt lat="51.676090573891997" lon="103.42237573117018">
        <ele>719.44000000000005</ele>
        <time>2022-07-16T09:05:51Z</time>
      </trkpt>
      <trkpt lat="51.676280340179801" lon="103.4223401080817">
        <ele>719.19000000000005</ele>
        <time>2022-07-16T09:05:55Z</time>
      </trkpt>
      <trkpt lat="51.676389640197158" lon="103.42227313667536">
        <ele>719.19000000000005</ele>
        <time>2022-07-16T09:06:02Z</time>
      </trkpt>
      <trkpt lat="51.676537832245231" lon="103.42227766290307">
        <ele>720.19000000000005</ele>
        <time>2022-07-16T09:06:07Z</time>
      </trkpt>
      <trkpt lat="51.676667500287294" lon="103.42233340255916">
        <ele>720.19000000000005</ele>
        <time>2022-07-16T09:06:12Z</time>
      </trkpt>
      <trkpt lat="51.676841340959072" lon="103.42238897457719">
        <ele>720.19000000000005</ele>
        <time>2022-07-16T09:06:17Z</time>
      </trkpt>
      <trkpt lat="51.67697511613369" lon="103.42244722880423">
        <ele>720.19000000000005</ele>
        <time>2022-07-16T09:06:22Z</time>
      </trkpt>
      <trkpt lat="51.67711048386991" lon="103.42256030067801">
        <ele>719.19000000000005</ele>
        <time>2022-07-16T09:06:27Z</time>
      </trkpt>
      <trkpt lat="51.677264124155045" lon="103.42272106558084">
        <ele>719.19000000000005</ele>
        <time>2022-07-16T09:06:32Z</time>
      </trkpt>
      <trkpt lat="51.677460679784417" lon="103.4229204710573">
        <ele>718.14999999999998</ele>
        <time>2022-07-16T09:06:36Z</time>
      </trkpt>
      <trkpt lat="51.677583390846848" lon="103.42305743135512">
        <ele>718.19000000000005</ele>
        <time>2022-07-16T09:06:43Z</time>
      </trkpt>
      <trkpt lat="51.677746502682567" lon="103.42326287180185">
        <ele>716.94000000000005</ele>
        <time>2022-07-16T09:06:48Z</time>
      </trkpt>
      <trkpt lat="51.677917828783393" lon="103.42352447099984">
        <ele>717.19000000000005</ele>
        <time>2022-07-16T09:06:53Z</time>
      </trkpt>
      <trkpt lat="51.678069038316607" lon="103.42372178100049">
        <ele>717.19000000000005</ele>
        <time>2022-07-16T09:06:58Z</time>
      </trkpt>
      <trkpt lat="51.678211027756333" lon="103.42391699552536">
        <ele>716.19000000000005</ele>
        <time>2022-07-16T09:07:04Z</time>
      </trkpt>
      <trkpt lat="51.678387131541967" lon="103.42408379539847">
        <ele>716.19000000000005</ele>
        <time>2022-07-16T09:07:10Z</time>
      </trkpt>
      <trkpt lat="51.678518978878856" lon="103.42418513260782">
        <ele>716.19000000000005</ele>
        <time>2022-07-16T09:07:15Z</time>
      </trkpt>
      <trkpt lat="51.678679995238781" lon="103.42427012510598">
        <ele>716.19000000000005</ele>
        <time>2022-07-16T09:07:20Z</time>
      </trkpt>
      <trkpt lat="51.679578786715865" lon="103.42466692440212">
        <ele>715.20000000000005</ele>
        <time>2022-07-16T09:07:48Z</time>
      </trkpt>
      <trkpt lat="51.68015168979764" lon="103.42489172704518">
        <ele>712.46000000000004</ele>
        <time>2022-07-16T09:08:03Z</time>
      </trkpt>
      <trkpt lat="51.681675016880035" lon="103.4254309348762">
        <ele>695.45000000000005</ele>
        <time>2022-07-16T09:08:43Z</time>
      </trkpt>
      <trkpt lat="51.681781969964504" lon="103.42550612054765">
        <ele>694.25999999999999</ele>
        <time>2022-07-16T09:08:49Z</time>
      </trkpt>
      <trkpt lat="51.681975424289703" lon="103.42559932731092">
        <ele>692.95000000000005</ele>
        <time>2022-07-16T09:08:54Z</time>
      </trkpt>
      <trkpt lat="51.682213135063648" lon="103.42559915967286">
        <ele>693.20000000000005</ele>
        <time>2022-07-16T09:09:00Z</time>
      </trkpt>
      <trkpt lat="51.682425364851952" lon="103.42556613497436">
        <ele>694.17999999999995</ele>
        <time>2022-07-16T09:09:05Z</time>
      </trkpt>
      <trkpt lat="51.682640025392175" lon="103.4255004208535">
        <ele>696.88999999999999</ele>
        <time>2022-07-16T09:09:10Z</time>
      </trkpt>
      <trkpt lat="51.682840939611197" lon="103.42542783357203">
        <ele>698.95000000000005</ele>
        <time>2022-07-16T09:09:16Z</time>
      </trkpt>
      <trkpt lat="51.68295350857079" lon="103.4254208765924">
        <ele>700.95000000000005</ele>
        <time>2022-07-16T09:09:21Z</time>
      </trkpt>
      <trkpt lat="51.683092480525374" lon="103.4253688249737">
        <ele>702.95000000000005</ele>
        <time>2022-07-16T09:09:26Z</time>
      </trkpt>
      <trkpt lat="51.683302279561758" lon="103.42542322352529">
        <ele>704.20000000000005</ele>
        <time>2022-07-16T09:09:32Z</time>
      </trkpt>
      <trkpt lat="51.683447286486626" lon="103.42564132064581">
        <ele>706.13999999999999</ele>
        <time>2022-07-16T09:09:37Z</time>
      </trkpt>
      <trkpt lat="51.683612912893295" lon="103.42596536502242">
        <ele>709.66999999999996</ele>
        <time>2022-07-16T09:09:42Z</time>
      </trkpt>
      <trkpt lat="51.683746688067913" lon="103.4262269642204">
        <ele>712.95000000000005</ele>
        <time>2022-07-16T09:09:47Z</time>
      </trkpt>
      <trkpt lat="51.683921618387103" lon="103.42645537108183">
        <ele>713.21000000000004</ele>
        <time>2022-07-16T09:09:52Z</time>
      </trkpt>
      <trkpt lat="51.68406318873167" lon="103.4266363363713">
        <ele>712.97000000000003</ele>
        <time>2022-07-16T09:09:57Z</time>
      </trkpt>
      <trkpt lat="51.684194868430495" lon="103.4268490690738">
        <ele>712.21000000000004</ele>
        <time>2022-07-16T09:10:02Z</time>
      </trkpt>
      <trkpt lat="51.684283129870892" lon="103.4271011967212">
        <ele>713.20000000000005</ele>
        <time>2022-07-16T09:10:07Z</time>
      </trkpt>
      <trkpt lat="51.684377510100603" lon="103.42738199047744">
        <ele>713.13999999999999</ele>
        <time>2022-07-16T09:10:13Z</time>
      </trkpt>
      <trkpt lat="51.684468621388078" lon="103.42768189497292">
        <ele>713.15999999999997</ele>
        <time>2022-07-16T09:10:18Z</time>
      </trkpt>
      <trkpt lat="51.684635169804096" lon="103.42803368344903">
        <ele>714.20000000000005</ele>
        <time>2022-07-16T09:10:23Z</time>
      </trkpt>
      <trkpt lat="51.684805238619447" lon="103.42829570174217">
        <ele>713.26999999999998</ele>
        <time>2022-07-16T09:10:28Z</time>
      </trkpt>
      <trkpt lat="51.684997519478202" lon="103.42853265814483">
        <ele>710.26999999999998</ele>
        <time>2022-07-16T09:10:33Z</time>
      </trkpt>
      <trkpt lat="51.685184184461832" lon="103.4288954269141">
        <ele>708.21000000000004</ele>
        <time>2022-07-16T09:10:39Z</time>
      </trkpt>
      <trkpt lat="51.685393480584025" lon="103.4291578643024">
        <ele>708.14999999999998</ele>
        <time>2022-07-16T09:10:44Z</time>
      </trkpt>
      <trkpt lat="51.685622725635767" lon="103.429249310866">
        <ele>709.94000000000005</ele>
        <time>2022-07-16T09:10:49Z</time>
      </trkpt>
      <trkpt lat="51.685858508571982" lon="103.42931502498686">
        <ele>710.46000000000004</ele>
        <time>2022-07-16T09:10:53Z</time>
      </trkpt>
      <trkpt lat="51.685976693406701" lon="103.42940093949437">
        <ele>710.21000000000004</ele>
        <time>2022-07-16T09:10:59Z</time>
      </trkpt>
      <trkpt lat="51.686176937073469" lon="103.42951258644462">
        <ele>710.96000000000004</ele>
        <time>2022-07-16T09:11:04Z</time>
      </trkpt>
      <trkpt lat="51.686463598161936" lon="103.42961777932942">
        <ele>713.21000000000004</ele>
        <time>2022-07-16T09:11:08Z</time>
      </trkpt>
      <trkpt lat="51.686555799096823" lon="103.42963269911706">
        <ele>715.19000000000005</ele>
        <time>2022-07-16T09:11:13Z</time>
      </trkpt>
      <trkpt lat="51.686781859025359" lon="103.42966823838651">
        <ele>718.13999999999999</ele>
        <time>2022-07-16T09:11:19Z</time>
      </trkpt>
      <trkpt lat="51.686933487653732" lon="103.42975876294076">
        <ele>719.21000000000004</ele>
        <time>2022-07-16T09:11:24Z</time>
      </trkpt>
      <trkpt lat="51.68707069940865" lon="103.42997551895678">
        <ele>721.20000000000005</ele>
        <time>2022-07-16T09:11:30Z</time>
      </trkpt>
      <trkpt lat="51.687178323045373" lon="103.4302541334182">
        <ele>722.21000000000004</ele>
        <time>2022-07-16T09:11:36Z</time>
      </trkpt>
      <trkpt lat="51.6872529219836" lon="103.43048388138413">
        <ele>723.21000000000004</ele>
        <time>2022-07-16T09:11:41Z</time>
      </trkpt>
      <trkpt lat="51.6874307859689" lon="103.43061002902687">
        <ele>724.21000000000004</ele>
        <time>2022-07-16T09:11:47Z</time>
      </trkpt>
      <trkpt lat="51.687685009092093" lon="103.43020476400852">
        <ele>728.21000000000004</ele>
        <time>2022-07-16T09:12:03Z</time>
      </trkpt>
      <trkpt lat="51.687975693494081" lon="103.42994484119117">
        <ele>729.21000000000004</ele>
        <time>2022-07-16T09:12:07Z</time>
      </trkpt>
      <trkpt lat="51.688129333779216" lon="103.42978441156447">
        <ele>730.14999999999998</ele>
        <time>2022-07-16T09:12:13Z</time>
      </trkpt>
      <trkpt lat="51.688338965177536" lon="103.42966773547232">
        <ele>732.21000000000004</ele>
        <time>2022-07-16T09:12:19Z</time>
      </trkpt>
      <trkpt lat="51.688456982374191" lon="103.42954762279987">
        <ele>733.21000000000004</ele>
        <time>2022-07-16T09:12:24Z</time>
      </trkpt>
      <trkpt lat="51.688636019825935" lon="103.42944888398051">
        <ele>733.21000000000004</ele>
        <time>2022-07-16T09:12:30Z</time>
      </trkpt>
      <trkpt lat="51.688826372846961" lon="103.42931041494012">
        <ele>733.46000000000004</ele>
        <time>2022-07-16T09:12:36Z</time>
      </trkpt>
      <trkpt lat="51.689052935689688" lon="103.42919642105699">
        <ele>733.21000000000004</ele>
        <time>2022-07-16T09:12:41Z</time>
      </trkpt>
      <trkpt lat="51.689280420541763" lon="103.42905099503696">
        <ele>732.21000000000004</ele>
        <time>2022-07-16T09:12:46Z</time>
      </trkpt>
      <trkpt lat="51.689591472968459" lon="103.42891319654882">
        <ele>732.15999999999997</ele>
        <time>2022-07-16T09:12:51Z</time>
      </trkpt>
      <trkpt lat="51.689868494868279" lon="103.42886676080525">
        <ele>732.96000000000004</ele>
        <time>2022-07-16T09:12:56Z</time>
      </trkpt>
      <trkpt lat="51.690077288076282" lon="103.42895829118788">
        <ele>733.21000000000004</ele>
        <time>2022-07-16T09:13:01Z</time>
      </trkpt>
      <trkpt lat="51.690283734351397" lon="103.42906021513045">
        <ele>733.21000000000004</ele>
        <time>2022-07-16T09:13:06Z</time>
      </trkpt>
      <trkpt lat="51.6914302110672" lon="103.42945190146565">
        <ele>732.21000000000004</ele>
        <time>2022-07-16T09:13:37Z</time>
      </trkpt>
      <trkpt lat="51.691699270159006" lon="103.42943857423961">
        <ele>733.21000000000004</ele>
        <time>2022-07-16T09:13:43Z</time>
      </trkpt>
      <trkpt lat="51.691922480240464" lon="103.42948819510639">
        <ele>732.21000000000004</ele>
        <time>2022-07-16T09:13:48Z</time>
      </trkpt>
      <trkpt lat="51.692105960100889" lon="103.42950076796114">
        <ele>733.21000000000004</ele>
        <time>2022-07-16T09:13:54Z</time>
      </trkpt>
      <trkpt lat="51.692260438576341" lon="103.42956396751106">
        <ele>732.46000000000004</ele>
        <time>2022-07-16T09:13:59Z</time>
      </trkpt>
      <trkpt lat="51.692398907616735" lon="103.42960906215012">
        <ele>732.21000000000004</ele>
        <time>2022-07-16T09:14:04Z</time>
      </trkpt>
      <trkpt lat="51.692541735246778" lon="103.42962280847132">
        <ele>731.21000000000004</ele>
        <time>2022-07-16T09:14:09Z</time>
      </trkpt>
      <trkpt lat="51.692710630595684" lon="103.42959992587566">
        <ele>730.26999999999998</ele>
        <time>2022-07-16T09:14:14Z</time>
      </trkpt>
      <trkpt lat="51.692863432690501" lon="103.42957318760455">
        <ele>730.46000000000004</ele>
        <time>2022-07-16T09:14:19Z</time>
      </trkpt>
      <trkpt lat="51.693001482635736" lon="103.42959229834378">
        <ele>731.21000000000004</ele>
        <time>2022-07-16T09:14:24Z</time>
      </trkpt>
      <trkpt lat="51.693181274458766" lon="103.42956740409136">
        <ele>732.14999999999998</ele>
        <time>2022-07-16T09:14:30Z</time>
      </trkpt>
      <trkpt lat="51.693307003006339" lon="103.429553238675">
        <ele>732.21000000000004</ele>
        <time>2022-07-16T09:14:35Z</time>
      </trkpt>
      <trkpt lat="51.69344337657094" lon="103.42953563667834">
        <ele>733.96000000000004</ele>
        <time>2022-07-16T09:14:40Z</time>
      </trkpt>
      <trkpt lat="51.693640183657408" lon="103.42953781597316">
        <ele>733.22000000000003</ele>
        <time>2022-07-16T09:14:46Z</time>
      </trkpt>
      <trkpt lat="51.69384696520865" lon="103.42951401136816">
        <ele>730.48000000000002</ele>
        <time>2022-07-16T09:14:52Z</time>
      </trkpt>
      <trkpt lat="51.694008400663733" lon="103.42950697056949">
        <ele>729.47000000000003</ele>
        <time>2022-07-16T09:14:57Z</time>
      </trkpt>
      <trkpt lat="51.694182408973575" lon="103.42950403690338">
        <ele>726.48000000000002</ele>
        <time>2022-07-16T09:15:02Z</time>
      </trkpt>
      <trkpt lat="51.69446119107306" lon="103.42944687232375">
        <ele>724.22000000000003</ele>
        <time>2022-07-16T09:15:07Z</time>
      </trkpt>
      <trkpt lat="51.69470552355051" lon="103.42941049486399">
        <ele>725.20000000000005</ele>
        <time>2022-07-16T09:15:12Z</time>
      </trkpt>
      <trkpt lat="51.695021269842982" lon="103.42935768887401">
        <ele>726.22000000000003</ele>
        <time>2022-07-16T09:15:18Z</time>
      </trkpt>
      <trkpt lat="51.695237103849649" lon="103.42928493395448">
        <ele>724.47000000000003</ele>
        <time>2022-07-16T09:15:23Z</time>
      </trkpt>
      <trkpt lat="51.695408094674349" lon="103.42921511270106">
        <ele>725.20000000000005</ele>
        <time>2022-07-16T09:15:28Z</time>
      </trkpt>
      <trkpt lat="51.695557963103056" lon="103.42902408912778">
        <ele>723.23000000000002</ele>
        <time>2022-07-16T09:15:33Z</time>
      </trkpt>
      <trkpt lat="51.695672795176506" lon="103.42878260649741">
        <ele>723.22000000000003</ele>
        <time>2022-07-16T09:15:38Z</time>
      </trkpt>
      <trkpt lat="51.695906398817897" lon="103.4284427203238">
        <ele>723.20000000000005</ele>
        <time>2022-07-16T09:15:46Z</time>
      </trkpt>
      <trkpt lat="51.696099685505033" lon="103.42825546860695">
        <ele>723.22000000000003</ele>
        <time>2022-07-16T09:15:51Z</time>
      </trkpt>
      <trkpt lat="51.696338234469295" lon="103.42796763405204">
        <ele>725.22000000000003</ele>
        <time>2022-07-16T09:15:55Z</time>
      </trkpt>
      <trkpt lat="51.69646798633039" lon="103.42781206592917">
        <ele>726.20000000000005</ele>
        <time>2022-07-16T09:16:00Z</time>
      </trkpt>
      <trkpt lat="51.696718689054251" lon="103.42757703736424">
        <ele>725.27999999999997</ele>
        <time>2022-07-16T09:16:05Z</time>
      </trkpt>
      <trkpt lat="51.697019096463919" lon="103.42746371403337">
        <ele>724.22000000000003</ele>
        <time>2022-07-16T09:16:09Z</time>
      </trkpt>
      <trkpt lat="51.697150524705648" lon="103.42743018642068">
        <ele>723.22000000000003</ele>
        <time>2022-07-16T09:16:15Z</time>
      </trkpt>
      <trkpt lat="51.697342721745372" lon="103.42738525941968">
        <ele>722.27999999999997</ele>
        <time>2022-07-16T09:16:20Z</time>
      </trkpt>
      <trkpt lat="51.697515808045864" lon="103.4273757878691">
        <ele>722.22000000000003</ele>
        <time>2022-07-16T09:16:25Z</time>
      </trkpt>
      <trkpt lat="51.697711022570729" lon="103.42728719115257">
        <ele>721.40999999999997</ele>
        <time>2022-07-16T09:16:30Z</time>
      </trkpt>
      <trkpt lat="51.697985278442502" lon="103.42718300409615">
        <ele>720.22000000000003</ele>
        <time>2022-07-16T09:16:36Z</time>
      </trkpt>
      <trkpt lat="51.698239501565695" lon="103.42707445845008">
        <ele>721.15999999999997</ele>
        <time>2022-07-16T09:16:42Z</time>
      </trkpt>
      <trkpt lat="51.698541166260839" lon="103.42690329998732">
        <ele>720.22000000000003</ele>
        <time>2022-07-16T09:16:46Z</time>
      </trkpt>
      <trkpt lat="51.698650131002069" lon="103.4268609713763">
        <ele>720.97000000000003</ele>
        <time>2022-07-16T09:16:51Z</time>
      </trkpt>
      <trkpt lat="51.698935618624091" lon="103.42672719620168">
        <ele>721.22000000000003</ele>
        <time>2022-07-16T09:16:56Z</time>
      </trkpt>
      <trkpt lat="51.699172658845782" lon="103.42659073881805">
        <ele>722.97000000000003</ele>
        <time>2022-07-16T09:17:01Z</time>
      </trkpt>
      <trkpt lat="51.699359240010381" lon="103.42649987898767">
        <ele>723.22000000000003</ele>
        <time>2022-07-16T09:17:06Z</time>
      </trkpt>
      <trkpt lat="51.699490332975984" lon="103.426453191787">
        <ele>723.22000000000003</ele>
        <time>2022-07-16T09:17:11Z</time>
      </trkpt>
      <trkpt lat="51.701765181496739" lon="103.42564760707319">
        <ele>720.49000000000001</ele>
        <time>2022-07-16T09:18:18Z</time>
      </trkpt>
      <trkpt lat="51.701941285282373" lon="103.42562363483012">
        <ele>717.22000000000003</ele>
        <time>2022-07-16T09:18:23Z</time>
      </trkpt>
      <trkpt lat="51.702538663521409" lon="103.42545222491026">
        <ele>709.23000000000002</ele>
        <time>2022-07-16T09:18:38Z</time>
      </trkpt>
      <trkpt lat="51.702684676274657" lon="103.42543638311327">
        <ele>709.22000000000003</ele>
        <time>2022-07-16T09:18:43Z</time>
      </trkpt>
      <trkpt lat="51.70375932008028" lon="103.42491896823049">
        <ele>703.23000000000002</ele>
        <time>2022-07-16T09:19:08Z</time>
      </trkpt>
      <trkpt lat="51.703902566805482" lon="103.4248751308769">
        <ele>702.47000000000003</ele>
        <time>2022-07-16T09:19:14Z</time>
      </trkpt>
      <trkpt lat="51.704148491844535" lon="103.42479323968291">
        <ele>701.26999999999998</ele>
        <time>2022-07-16T09:19:20Z</time>
      </trkpt>
      <trkpt lat="51.704451330006123" lon="103.42471210286021">
        <ele>701.15999999999997</ele>
        <time>2022-07-16T09:19:26Z</time>
      </trkpt>
      <trkpt lat="51.704682838171721" lon="103.42465259134769">
        <ele>702.23000000000002</ele>
        <time>2022-07-16T09:19:31Z</time>
      </trkpt>
      <trkpt lat="51.704832622781396" lon="103.42458788305521">
        <ele>702.23000000000002</ele>
        <time>2022-07-16T09:19:36Z</time>
      </trkpt>
      <trkpt lat="51.705015515908599" lon="103.42450280673802">
        <ele>702.98000000000002</ele>
        <time>2022-07-16T09:19:41Z</time>
      </trkpt>
      <trkpt lat="51.705222968012094" lon="103.42440943233669">
        <ele>702.23000000000002</ele>
        <time>2022-07-16T09:19:46Z</time>
      </trkpt>
      <trkpt lat="51.705434108152986" lon="103.42430767603219">
        <ele>700.48000000000002</ele>
        <time>2022-07-16T09:19:51Z</time>
      </trkpt>
      <trkpt lat="51.705621108412743" lon="103.42423123307526">
        <ele>700.23000000000002</ele>
        <time>2022-07-16T09:19:56Z</time>
      </trkpt>
      <trkpt lat="51.70580567792058" lon="103.42412604019046">
        <ele>699.16999999999996</ele>
        <time>2022-07-16T09:20:02Z</time>
      </trkpt>
      <trkpt lat="51.705983290448785" lon="103.42405227944255">
        <ele>698.23000000000002</ele>
        <time>2022-07-16T09:20:08Z</time>
      </trkpt>
      <trkpt lat="51.706206584349275" lon="103.42398446984589">
        <ele>698.23000000000002</ele>
        <time>2022-07-16T09:20:13Z</time>
      </trkpt>
      <trkpt lat="51.70642233453691" lon="103.42397944070399">
        <ele>698.23000000000002</ele>
        <time>2022-07-16T09:20:18Z</time>
      </trkpt>
      <trkpt lat="51.70660799369216" lon="103.42403886839747">
        <ele>698.23000000000002</ele>
        <time>2022-07-16T09:20:24Z</time>
      </trkpt>
      <trkpt lat="51.706753419712186" lon="103.42412712983787">
        <ele>698.23000000000002</ele>
        <time>2022-07-16T09:20:29Z</time>
      </trkpt>
      <trkpt lat="51.70689188875258" lon="103.42424313537776">
        <ele>698.23000000000002</ele>
        <time>2022-07-16T09:20:34Z</time>
      </trkpt>
      <trkpt lat="51.707897381857038" lon="103.42396611347795">
        <ele>692.98000000000002</ele>
        <time>2022-07-16T09:21:06Z</time>
      </trkpt>
      <trkpt lat="51.708024200052023" lon="103.4236919414252">
        <ele>694.21000000000004</ele>
        <time>2022-07-16T09:21:11Z</time>
      </trkpt>
      <trkpt lat="51.70819896273315" lon="103.42352413572371">
        <ele>694.23000000000002</ele>
        <time>2022-07-16T09:21:16Z</time>
      </trkpt>
      <trkpt lat="51.70829669572413" lon="103.42340310104191">
        <ele>693.23000000000002</ele>
        <time>2022-07-16T09:21:21Z</time>
      </trkpt>
      <trkpt lat="51.708390824496746" lon="103.42314049601555">
        <ele>692.23000000000002</ele>
        <time>2022-07-16T09:21:26Z</time>
      </trkpt>
      <trkpt lat="51.708584865555167" lon="103.42285660095513">
        <ele>688.54999999999995</ele>
        <time>2022-07-16T09:21:32Z</time>
      </trkpt>
      <trkpt lat="51.70872668735683" lon="103.4227405115962">
        <ele>689.23000000000002</ele>
        <time>2022-07-16T09:21:37Z</time>
      </trkpt>
      <trkpt lat="51.708842609077692" lon="103.42259550467134">
        <ele>689.23000000000002</ele>
        <time>2022-07-16T09:21:42Z</time>
      </trkpt>
      <trkpt lat="51.709011672064662" lon="103.42244421131909">
        <ele>689.23000000000002</ele>
        <time>2022-07-16T09:21:48Z</time>
      </trkpt>
      <trkpt lat="51.709154583513737" lon="103.42227883636951">
        <ele>688.23000000000002</ele>
        <time>2022-07-16T09:21:53Z</time>
      </trkpt>
      <trkpt lat="51.70935021713376" lon="103.42207021079957">
        <ele>686.48000000000002</ele>
        <time>2022-07-16T09:22:00Z</time>
      </trkpt>
      <trkpt lat="51.709541575983167" lon="103.42180483974516">
        <ele>685.23000000000002</ele>
        <time>2022-07-16T09:22:07Z</time>
      </trkpt>
      <trkpt lat="51.70965020544827" lon="103.42166704125702">
        <ele>685.23000000000002</ele>
        <time>2022-07-16T09:22:12Z</time>
      </trkpt>
      <trkpt lat="51.709772078320384" lon="103.42156302183867">
        <ele>684.28999999999996</ele>
        <time>2022-07-16T09:22:17Z</time>
      </trkpt>
      <trkpt lat="51.710168709978461" lon="103.42121131718159">
        <ele>683.28999999999996</ele>
        <time>2022-07-16T09:22:32Z</time>
      </trkpt>
      <trkpt lat="51.710320841521025" lon="103.42107368633151">
        <ele>683.48000000000002</ele>
        <time>2022-07-16T09:22:37Z</time>
      </trkpt>
      <trkpt lat="51.710544470697641" lon="103.42087218537927">
        <ele>683.23000000000002</ele>
        <time>2022-07-16T09:22:42Z</time>
      </trkpt>
      <trkpt lat="51.71078042127192" lon="103.4205871168524">
        <ele>682.23000000000002</ele>
        <time>2022-07-16T09:22:48Z</time>
      </trkpt>
      <trkpt lat="51.710973288863897" lon="103.42023683711886">
        <ele>683.23000000000002</ele>
        <time>2022-07-16T09:22:54Z</time>
      </trkpt>
      <trkpt lat="51.711171772330999" lon="103.42003307305276">
        <ele>683.16999999999996</ele>
        <time>2022-07-16T09:22:59Z</time>
      </trkpt>
      <trkpt lat="51.711350809782743" lon="103.41993198730052">
        <ele>685.16999999999996</ele>
        <time>2022-07-16T09:23:05Z</time>
      </trkpt>
      <trkpt lat="51.711548622697592" lon="103.41990030370653">
        <ele>685.23000000000002</ele>
        <time>2022-07-16T09:23:12Z</time>
      </trkpt>
      <trkpt lat="51.711890269070864" lon="103.41975186020136">
        <ele>685.23000000000002</ele>
        <time>2022-07-16T09:23:18Z</time>
      </trkpt>
      <trkpt lat="51.711993869394064" lon="103.41965253464878">
        <ele>685.23000000000002</ele>
        <time>2022-07-16T09:23:24Z</time>
      </trkpt>
      <trkpt lat="51.71216418966651" lon="103.41950308531523">
        <ele>685.23000000000002</ele>
        <time>2022-07-16T09:23:29Z</time>
      </trkpt>
      <trkpt lat="51.712374491617084" lon="103.41937978751957">
        <ele>685.03999999999996</ele>
        <time>2022-07-16T09:23:34Z</time>
      </trkpt>
      <trkpt lat="51.712706917896867" lon="103.41933527961373">
        <ele>688.14999999999998</ele>
        <time>2022-07-16T09:23:38Z</time>
      </trkpt>
      <trkpt lat="51.712821833789349" lon="103.41933787800372">
        <ele>689.16999999999996</ele>
        <time>2022-07-16T09:23:43Z</time>
      </trkpt>
      <trkpt lat="51.713044038042426" lon="103.41936629265547">
        <ele>689.23000000000002</ele>
        <time>2022-07-16T09:23:48Z</time>
      </trkpt>
      <trkpt lat="51.71331980265677" lon="103.41941767372191">
        <ele>690.23000000000002</ele>
        <time>2022-07-16T09:23:54Z</time>
      </trkpt>
      <trkpt lat="51.713578132912517" lon="103.41946821659803">
        <ele>690.23000000000002</ele>
        <time>2022-07-16T09:23:59Z</time>
      </trkpt>
      <trkpt lat="51.713829003274441" lon="103.41965773142874">
        <ele>689.23000000000002</ele>
        <time>2022-07-16T09:24:04Z</time>
      </trkpt>
      <trkpt lat="51.714030504226685" lon="103.41994137503207">
        <ele>688.48000000000002</ele>
        <time>2022-07-16T09:24:10Z</time>
      </trkpt>
      <trkpt lat="51.714243907481432" lon="103.42020339332521">
        <ele>689.98000000000002</ele>
        <time>2022-07-16T09:24:15Z</time>
      </trkpt>
      <trkpt lat="51.714400816708803" lon="103.42039676383138">
        <ele>691.22000000000003</ele>
        <time>2022-07-16T09:24:20Z</time>
      </trkpt>
      <trkpt lat="51.714597288519144" lon="103.42064931057394">
        <ele>692.23000000000002</ele>
        <time>2022-07-16T09:24:26Z</time>
      </trkpt>
      <trkpt lat="51.714756460860372" lon="103.42081921175122">
        <ele>693.23000000000002</ele>
        <time>2022-07-16T09:24:32Z</time>
      </trkpt>
      <trkpt lat="51.714914795011282" lon="103.42098366469145">
        <ele>693.24000000000001</ele>
        <time>2022-07-16T09:24:38Z</time>
      </trkpt>
      <trkpt lat="51.715139765292406" lon="103.42117041349411">
        <ele>696.97000000000003</ele>
        <time>2022-07-16T09:24:44Z</time>
      </trkpt>
      <trkpt lat="51.715314276516438" lon="103.42139446176589">
        <ele>698.22000000000003</ele>
        <time>2022-07-16T09:24:48Z</time>
      </trkpt>
      <trkpt lat="51.715397760272026" lon="103.42151851393282">
        <ele>698.24000000000001</ele>
        <time>2022-07-16T09:24:55Z</time>
      </trkpt>
      <trkpt lat="51.716082058846951" lon="103.42256331816316">
        <ele>701.24000000000001</ele>
        <time>2022-07-16T09:25:18Z</time>
      </trkpt>
      <trkpt lat="51.716235112398863" lon="103.4228631388396">
        <ele>702.24000000000001</ele>
        <time>2022-07-16T09:25:23Z</time>
      </trkpt>
      <trkpt lat="51.716377437114716" lon="103.42310386709869">
        <ele>703.23000000000002</ele>
        <time>2022-07-16T09:25:28Z</time>
      </trkpt>
      <trkpt lat="51.716483468189836" lon="103.42333269305527">
        <ele>703.24000000000001</ele>
        <time>2022-07-16T09:25:33Z</time>
      </trkpt>
      <trkpt lat="51.716578099876642" lon="103.42354190535843">
        <ele>703.24000000000001</ele>
        <time>2022-07-16T09:25:38Z</time>
      </trkpt>
      <trkpt lat="51.71743799932301" lon="103.42501410283148">
        <ele>698.49000000000001</ele>
        <time>2022-07-16T09:26:14Z</time>
      </trkpt>
      <trkpt lat="51.717545622959733" lon="103.42526271007955">
        <ele>698.24000000000001</ele>
        <time>2022-07-16T09:26:19Z</time>
      </trkpt>
      <trkpt lat="51.717643272131681" lon="103.42548189684749">
        <ele>698.49000000000001</ele>
        <time>2022-07-16T09:26:24Z</time>
      </trkpt>
      <trkpt lat="51.717747207731009" lon="103.42569219879806">
        <ele>698.24000000000001</ele>
        <time>2022-07-16T09:26:29Z</time>
      </trkpt>
      <trkpt lat="51.717853741720319" lon="103.42599201947451">
        <ele>697.24000000000001</ele>
        <time>2022-07-16T09:26:34Z</time>
      </trkpt>
      <trkpt lat="51.717996736988425" lon="103.42629083432257">
        <ele>696.24000000000001</ele>
        <time>2022-07-16T09:26:40Z</time>
      </trkpt>
      <trkpt lat="51.718084579333663" lon="103.42659903690219">
        <ele>694.25999999999999</ele>
        <time>2022-07-16T09:26:44Z</time>
      </trkpt>
      <trkpt lat="51.718145096674562" lon="103.42675519175828">
        <ele>692.32000000000005</ele>
        <time>2022-07-16T09:26:49Z</time>
      </trkpt>
      <trkpt lat="51.718332432210445" lon="103.42711008153856">
        <ele>689.30999999999995</ele>
        <time>2022-07-16T09:26:54Z</time>
      </trkpt>
      <trkpt lat="51.718564191833138" lon="103.42729289084673">
        <ele>687.24000000000001</ele>
        <time>2022-07-16T09:26:58Z</time>
      </trkpt>
      <trkpt lat="51.718770302832127" lon="103.42741283588111">
        <ele>685.30999999999995</ele>
        <time>2022-07-16T09:27:05Z</time>
      </trkpt>
      <trkpt lat="51.719008013606071" lon="103.42766026966274">
        <ele>683.30999999999995</ele>
        <time>2022-07-16T09:27:10Z</time>
      </trkpt>
      <trkpt lat="51.719153691083193" lon="103.42787191271782">
        <ele>681.30999999999995</ele>
        <time>2022-07-16T09:27:15Z</time>
      </trkpt>
      <trkpt lat="51.719295093789697" lon="103.42802010476589">
        <ele>680.25999999999999</ele>
        <time>2022-07-16T09:27:20Z</time>
      </trkpt>
      <trkpt lat="51.719439513981342" lon="103.42820073477924">
        <ele>680.25</ele>
        <time>2022-07-16T09:27:25Z</time>
      </trkpt>
      <trkpt lat="51.719591394066811" lon="103.42842570506036">
        <ele>679.25</ele>
        <time>2022-07-16T09:27:30Z</time>
      </trkpt>
      <trkpt lat="51.719706393778324" lon="103.42861287295818">
        <ele>679.25</ele>
        <time>2022-07-16T09:27:35Z</time>
      </trkpt>
      <trkpt lat="51.72056470066309" lon="103.42966513708234">
        <ele>680.25</ele>
        <time>2022-07-16T09:28:06Z</time>
      </trkpt>
      <trkpt lat="51.720738876610994" lon="103.42980737797916">
        <ele>680.25</ele>
        <time>2022-07-16T09:28:11Z</time>
      </trkpt>
      <trkpt lat="51.720916740596294" lon="103.42991843819618">
        <ele>678.37</ele>
        <time>2022-07-16T09:28:16Z</time>
      </trkpt>
      <trkpt lat="51.721099801361561" lon="103.42999999411404">
        <ele>679.25</ele>
        <time>2022-07-16T09:28:21Z</time>
      </trkpt>
      <trkpt lat="51.721297530457377" lon="103.43006101436913">
        <ele>678.25</ele>
        <time>2022-07-16T09:28:26Z</time>
      </trkpt>
      <trkpt lat="51.721569690853357" lon="103.43023343011737">
        <ele>679</ele>
        <time>2022-07-16T09:28:30Z</time>
      </trkpt>
      <trkpt lat="51.72166021540761" lon="103.4303339291364">
        <ele>678.5</ele>
        <time>2022-07-16T09:28:35Z</time>
      </trkpt>
      <trkpt lat="51.721786027774215" lon="103.4305009804666">
        <ele>678.25</ele>
        <time>2022-07-16T09:28:40Z</time>
      </trkpt>
      <trkpt lat="51.721908487379551" lon="103.4305807761848">
        <ele>679.25</ele>
        <time>2022-07-16T09:28:45Z</time>
      </trkpt>
      <trkpt lat="51.722062630578876" lon="103.43057591468096">
        <ele>679.25</ele>
        <time>2022-07-16T09:28:50Z</time>
      </trkpt>
      <trkpt lat="51.722287684679031" lon="103.43057189136744">
        <ele>679.25</ele>
        <time>2022-07-16T09:28:56Z</time>
      </trkpt>
      <trkpt lat="51.722430428490043" lon="103.43058572150767">
        <ele>679.25</ele>
        <time>2022-07-16T09:29:01Z</time>
      </trkpt>
      <trkpt lat="51.722562108188868" lon="103.43059116974473">
        <ele>679.25</ele>
        <time>2022-07-16T09:29:07Z</time>
      </trkpt>
      <trkpt lat="51.722692027688026" lon="103.43058823607862">
        <ele>679.25</ele>
        <time>2022-07-16T09:29:14Z</time>
      </trkpt>
      <trkpt lat="51.722810883074999" lon="103.43057063408196">
        <ele>678.25</ele>
        <time>2022-07-16T09:29:19Z</time>
      </trkpt>
      <trkpt lat="51.723637841641903" lon="103.43044909648597">
        <ele>674.26999999999998</ele>
        <time>2022-07-16T09:29:49Z</time>
      </trkpt>
      <trkpt lat="51.723891394212842" lon="103.43044163659215">
        <ele>671.51999999999998</ele>
        <time>2022-07-16T09:29:58Z</time>
      </trkpt>
      <trkpt lat="51.724067665636539" lon="103.43044146895409">
        <ele>664.51999999999998</ele>
        <time>2022-07-16T09:30:04Z</time>
      </trkpt>
      <trkpt lat="51.724199177697301" lon="103.43044876120985">
        <ele>658.51999999999998</ele>
        <time>2022-07-16T09:30:09Z</time>
      </trkpt>
      <trkpt lat="51.724785659462214" lon="103.43069150112569">
        <ele>656.25</ele>
        <time>2022-07-16T09:30:28Z</time>
      </trkpt>
      <trkpt lat="51.725024627521634" lon="103.43116130679846">
        <ele>662.19000000000005</ele>
        <time>2022-07-16T09:30:41Z</time>
      </trkpt>
      <trkpt lat="51.725050108507276" lon="103.43140941113234">
        <ele>664.19000000000005</ele>
        <time>2022-07-16T09:30:46Z</time>
      </trkpt>
      <trkpt lat="51.725073494017124" lon="103.43168970197439">
        <ele>667</ele>
        <time>2022-07-16T09:30:51Z</time>
      </trkpt>
      <trkpt lat="51.725117918103933" lon="103.43195901252329">
        <ele>667.25</ele>
        <time>2022-07-16T09:30:56Z</time>
      </trkpt>
      <trkpt lat="51.725207436829805" lon="103.43215598724782">
        <ele>668</ele>
        <time>2022-07-16T09:31:01Z</time>
      </trkpt>
      <trkpt lat="51.725452020764351" lon="103.4321918617934">
        <ele>673.86000000000001</ele>
        <time>2022-07-16T09:31:08Z</time>
      </trkpt>
      <trkpt lat="51.725661484524608" lon="103.43218859285116">
        <ele>677.99000000000001</ele>
        <time>2022-07-16T09:31:13Z</time>
      </trkpt>
      <trkpt lat="51.725888634100556" lon="103.43220049515367">
        <ele>680.19000000000005</ele>
        <time>2022-07-16T09:31:18Z</time>
      </trkpt>
      <trkpt lat="51.726060127839446" lon="103.4321762714535">
        <ele>681.25</ele>
        <time>2022-07-16T09:31:23Z</time>
      </trkpt>
      <trkpt lat="51.726245703175664" lon="103.43214383348823">
        <ele>683.19000000000005</ele>
        <time>2022-07-16T09:31:28Z</time>
      </trkpt>
      <trkpt lat="51.726384591311216" lon="103.43241322785616">
        <ele>684.24000000000001</ele>
        <time>2022-07-16T09:31:33Z</time>
      </trkpt>
      <trkpt lat="51.726616015657783" lon="103.43259964138269">
        <ele>684.25999999999999</ele>
        <time>2022-07-16T09:31:37Z</time>
      </trkpt>
      <trkpt lat="51.72673168592155" lon="103.43262730166316">
        <ele>683.25999999999999</ele>
        <time>2022-07-16T09:31:44Z</time>
      </trkpt>
      <trkpt lat="51.729063363745809" lon="103.43236251734197">
        <ele>674.25999999999999</ele>
        <time>2022-07-16T09:32:51Z</time>
      </trkpt>
      <trkpt lat="51.729272827506065" lon="103.43238129280508">
        <ele>674.25999999999999</ele>
        <time>2022-07-16T09:32:56Z</time>
      </trkpt>
      <trkpt lat="51.729608690366149" lon="103.43241607770324">
        <ele>676.00999999999999</ele>
        <time>2022-07-16T09:33:01Z</time>
      </trkpt>
      <trkpt lat="51.72985746525228" lon="103.43247014097869">
        <ele>679.19000000000005</ele>
        <time>2022-07-16T09:33:06Z</time>
      </trkpt>
      <trkpt lat="51.730139097198844" lon="103.43237617984414">
        <ele>682.00999999999999</ele>
        <time>2022-07-16T09:33:10Z</time>
      </trkpt>
      <trkpt lat="51.730271615087986" lon="103.43236276879907">
        <ele>682.25999999999999</ele>
        <time>2022-07-16T09:33:16Z</time>
      </trkpt>
      <trkpt lat="51.730459788814187" lon="103.43237768858671">
        <ele>682.25999999999999</ele>
        <time>2022-07-16T09:33:22Z</time>
      </trkpt>
      <trkpt lat="51.730599934235215" lon="103.43240291811526">
        <ele>681.25999999999999</ele>
        <time>2022-07-16T09:33:27Z</time>
      </trkpt>
      <trkpt lat="51.730765225365758" lon="103.43237458728254">
        <ele>681.25999999999999</ele>
        <time>2022-07-16T09:33:32Z</time>
      </trkpt>
      <trkpt lat="51.730988519266248" lon="103.43227551318705">
        <ele>681.25999999999999</ele>
        <time>2022-07-16T09:33:36Z</time>
      </trkpt>
      <trkpt lat="51.731090862303972" lon="103.43224450014532">
        <ele>681.25999999999999</ele>
        <time>2022-07-16T09:33:42Z</time>
      </trkpt>
      <trkpt lat="51.731807263568044" lon="103.43212673440576">
        <ele>679.25999999999999</ele>
        <time>2022-07-16T09:34:02Z</time>
      </trkpt>
      <trkpt lat="51.732056876644492" lon="103.43235187232494">
        <ele>682.00999999999999</ele>
        <time>2022-07-16T09:34:07Z</time>
      </trkpt>
      <trkpt lat="51.732441773638129" lon="103.4324231185019">
        <ele>684.00999999999999</ele>
        <time>2022-07-16T09:34:14Z</time>
      </trkpt>
      <trkpt lat="51.732644364237785" lon="103.43238313682377">
        <ele>685.25999999999999</ele>
        <time>2022-07-16T09:34:19Z</time>
      </trkpt>
      <trkpt lat="51.73274620436132" lon="103.43226746656001">
        <ele>683.33000000000004</ele>
        <time>2022-07-16T09:34:27Z</time>
      </trkpt>
      <trkpt lat="51.73289037309587" lon="103.43224542215466">
        <ele>683.25999999999999</ele>
        <time>2022-07-16T09:34:32Z</time>
      </trkpt>
      <trkpt lat="51.733071925118566" lon="103.43228783458471">
        <ele>682.33000000000004</ele>
        <time>2022-07-16T09:34:37Z</time>
      </trkpt>
      <trkpt lat="51.73332673497498" lon="103.43235162086785">
        <ele>682.50999999999999</ele>
        <time>2022-07-16T09:34:42Z</time>
      </trkpt>
      <trkpt lat="51.733570815995336" lon="103.43243326060474">
        <ele>681.33000000000004</ele>
        <time>2022-07-16T09:34:47Z</time>
      </trkpt>
      <trkpt lat="51.733853034675121" lon="103.43248640187085">
        <ele>682.20000000000005</ele>
        <time>2022-07-16T09:34:52Z</time>
      </trkpt>
      <trkpt lat="51.734015895053744" lon="103.43255530111492">
        <ele>683.26999999999998</ele>
        <time>2022-07-16T09:34:57Z</time>
      </trkpt>
      <trkpt lat="51.734241703525186" lon="103.43239101581275">
        <ele>682.26999999999998</ele>
        <time>2022-07-16T09:35:02Z</time>
      </trkpt>
      <trkpt lat="51.734466170892119" lon="103.43186027370393">
        <ele>679.77999999999997</ele>
        <time>2022-07-16T09:35:07Z</time>
      </trkpt>
      <trkpt lat="51.734572621062398" lon="103.43110581859946">
        <ele>677.08000000000004</ele>
        <time>2022-07-16T09:35:12Z</time>
      </trkpt>
      <trkpt lat="51.734738582745194" lon="103.43050357885659">
        <ele>676.33000000000004</ele>
        <time>2022-07-16T09:35:17Z</time>
      </trkpt>
      <trkpt lat="51.73502029851079" lon="103.4299208689481">
        <ele>674.33000000000004</ele>
        <time>2022-07-16T09:35:22Z</time>
      </trkpt>
      <trkpt lat="51.735408129170537" lon="103.42940135858953">
        <ele>672.33000000000004</ele>
        <time>2022-07-16T09:35:27Z</time>
      </trkpt>
      <trkpt lat="51.735869301483035" lon="103.42906733974814">
        <ele>670.59000000000003</ele>
        <time>2022-07-16T09:35:32Z</time>
      </trkpt>
      <trkpt lat="51.736360481008887" lon="103.42877531424165">
        <ele>671.25999999999999</ele>
        <time>2022-07-16T09:35:37Z</time>
      </trkpt>
      <trkpt lat="51.736717885360122" lon="103.42853081412613">
        <ele>671.01999999999998</ele>
        <time>2022-07-16T09:35:42Z</time>
      </trkpt>
      <trkpt lat="51.737000271677971" lon="103.42829687520862">
        <ele>671.27999999999997</ele>
        <time>2022-07-16T09:35:47Z</time>
      </trkpt>
      <trkpt lat="51.737293973565102" lon="103.42815748415887">
        <ele>671.26999999999998</ele>
        <time>2022-07-16T09:35:52Z</time>
      </trkpt>
      <trkpt lat="51.737581808120012" lon="103.4281062707305">
        <ele>669.33000000000004</ele>
        <time>2022-07-16T09:35:57Z</time>
      </trkpt>
      <trkpt lat="51.737810717895627" lon="103.42785950750113">
        <ele>668.51999999999998</ele>
        <time>2022-07-16T09:36:02Z</time>
      </trkpt>
      <trkpt lat="51.738017164170742" lon="103.42755507677794">
        <ele>668.26999999999998</ele>
        <time>2022-07-16T09:36:07Z</time>
      </trkpt>
      <trkpt lat="51.738099893555045" lon="103.42745633795857">
        <ele>668.26999999999998</ele>
        <time>2022-07-16T09:36:24Z</time>
      </trkpt>
      <trkpt lat="51.738253114745021" lon="103.42725877650082">
        <ele>668.02999999999997</ele>
        <time>2022-07-16T09:36:30Z</time>
      </trkpt>
    </trkseg>
  </trk>

</gpx>