,total ratings,installs,average rating,growth (30 days),growth (60 days),price,category,5 star ratings,4 star ratings,3 star ratings,2 star ratings,1 star ratings,paid
0,86273129,500000000,4,2.1,6.9,0.0,0,63546766,4949507,3158756,2122183,12495915,0
1,37276732,500000000,4,1.8,3.6,0.0,0,28339753,2164478,1253185,809821,4709492,0
2,26663595,100000000,4,1.5,3.2,0.0,0,18777988,1812094,1050600,713912,4308998,0
3,17971552,100000000,4,1.4,4.4,0.0,0,13018610,1552950,774012,406184,2219794,0
4,14464235,500000000,4,0.8,1.5,0.0,0,9827328,2124154,1047741,380670,1084340,0
5,13572148,100000000,4,2.0,4.0,0.0,0,10501443,1274162,517273,268489,1010778,0
6,11936964,100000000,3,1.8,5.6,0.0,0,5954262,1041297,853099,719378,3368926,0
7,9633929,500000000,4,0.3,0.8,0.0,0,6579369,991341,614643,349003,1099571,0
8,7578630,100000000,4,1.0,2.5,0.0,0,5382545,500696,351523,238986,1104879,0
9,6268377,100000000,4,0.4,1.0,0.0,0,4509647,605510,319332,167792,666094,0
10,5681934,100000000,4,0.2,0.5,0.0,0,3866308,527159,326294,186593,775578,0
11,5471344,100000000,4,2.0,4.1,0.0,0,4319351,514574,229990,98901,308525,0
12,4801658,50000000,4,3.0,7.6,0.0,0,3884644,365380,135150,65422,351059,0
13,4710639,100000000,4,1.3,4012.8,0.0,0,3581634,397794,200800,116460,413948,0
14,4564398,50000000,4,1.0,2.7,0.0,0,3142312,386513,204843,111645,719082,0
15,4496723,100000000,4,0.5,1.0,0.0,0,3497817,518453,223009,72115,185328,0
16,4464668,100000000,4,0.1,0.2,0.0,0,3379550,576816,234463,68644,205194,0
17,4221389,50000000,3,692.7,0.6,0.0,0,2634036,450688,267931,164087,704645,0
18,4215808,50000000,4,0.5,1.2,0.0,0,2874353,457806,254154,136153,493340,0
19,4159837,50000000,4,0.7,1.6,0.0,0,3073534,463932,205166,103198,314004,0
20,4112075,100000000,3,0.2,0.3,0.0,0,2493810,428315,289428,156522,743997,0
21,3987062,100000000,4,0.0,0.0,0.0,0,2776350,614755,242698,81199,272058,0
22,3516024,100000000,4,0.5,1.0,0.0,0,2419540,421218,214049,100008,361206,0
23,3213257,100000000,4,1.0,2.3,0.0,0,2174466,265019,189630,118612,465528,0
24,3195503,100000000,4,1.4,7584.9,0.0,0,2486283,232254,118927,70889,287147,0
25,3140510,50000000,4,0.2,0.5,0.0,0,2332406,409344,156460,63835,178462,0
26,3133361,100000000,4,0.9,2.1,0.0,0,2107121,271167,174340,107203,473528,0
27,2695923,10000000,4,3.2,5.5,0.0,0,1922909,223625,133776,79762,335849,0
28,2670589,50000000,4,1082.3,1.0,0.0,0,1944649,272948,134237,69845,248907,0
29,2540439,10000000,4,0.1,0.2,0.0,0,1879504,251048,115871,60732,233281,0
30,2472561,100000000,4,0.3,0.7,0.0,0,1841035,284687,138333,56785,151718,0
31,2380639,50000000,4,0.2,0.3,0.0,0,1582549,267812,149090,73581,307605,0
32,2365838,50000000,4,0.1,0.2,0.0,0,1849560,211891,101452,42652,160281,0
33,2271977,50000000,4,0.4,0.9,0.0,0,1561779,253442,130615,65118,261021,0
34,2131549,10000000,4,0.1,0.2,0.0,0,1508264,249413,138706,48233,186930,0
35,2100984,100000000,4,3.1,6.7,0.0,0,1509125,187398,116123,66573,221763,0
36,2083413,10000000,4,0.1,0.1,0.0,0,1394048,187327,118080,65989,317967,0
37,2006745,100000000,4,0.9,1.6,0.0,0,1474331,212483,115682,53493,150754,0
38,1985016,10000000,3,0.3,0.6,0.0,0,1293275,125940,82481,56490,426828,0
39,1949497,50000000,4,0.7,1.5,0.0,0,1268146,253822,113829,62099,251599,0
40,1860814,50000000,4,0.1,0.1,0.0,0,1160948,217692,116516,65998,299658,0
41,1846221,100000000,4,2.7,6.1,0.0,0,1224239,194406,138751,80276,208547,0
42,1823477,50000000,3,0.1,0.2,0.0,0,1182010,113508,91381,66639,369937,0
43,1796325,100000000,4,1.4,3.2,0.0,0,1346602,186584,95030,41917,126190,0
44,1714060,50000000,4,0.2,0.3,0.0,0,1307508,207492,77701,27838,93519,0
45,1656299,10000000,4,0.1,0.2,0.0,0,1168260,143292,81868,46576,216300,0
46,1642589,50000000,4,1.1,2.5,0.0,0,1250905,137258,70168,38552,145704,0
47,1607897,10000000,4,0.2,0.5,0.0,0,1036342,184035,107587,53758,226173,0
48,1599244,10000000,3,0.0,0.0,0.0,0,996575,145501,99100,53947,304119,0
49,1583866,100000000,3,0.3,0.8,0.0,0,877904,162431,131708,84146,327675,0
50,1576576,100000000,4,2.3,5.3,0.0,0,1146916,188132,81053,40397,120075,0
51,1542169,50000000,4,0.9,1.8,0.0,0,1081928,209791,90183,36824,123441,0
52,1495507,50000000,4,0.1,0.2,0.0,0,1096349,179585,80390,29979,109201,0
53,1481552,10000000,4,0.1,0.3,0.0,0,1101432,189555,81708,28774,80080,0
54,1457639,100000000,4,1.2,2.7,0.0,0,1091308,146150,77445,36949,105784,0
55,1396630,100000000,4,0.9,1.9,0.0,0,1033914,134027,67488,33534,127664,0
56,1344699,100000000,4,1.7,3.7,0.0,0,1027860,91275,58201,37535,129825,0
57,1301440,50000000,4,1.2,2.5,0.0,0,944546,135687,69421,32918,118866,0
58,1291305,50000000,4,1.4,2.9,0.0,0,992147,145616,55754,23143,74642,0
59,1258805,100000000,4,1.3,2.7,0.0,0,820853,127892,80228,51083,178747,0
60,1254295,10000000,4,0.5,1.2,0.0,0,896055,102711,59553,34605,161368,0
61,1238228,100000000,4,1.3,3.0,0.0,0,909585,103667,61570,36884,126519,0
62,1227050,50000000,4,0.8,1.7,0.0,0,876781,130160,71604,34890,113612,0
63,1216126,10000000,4,1.6,3.6,0.0,0,868905,139200,61082,28015,118922,0
64,1196490,50000000,4,0.3,0.6,0.0,0,777088,124118,91842,47065,156374,0
65,1166709,50000000,4,0.3,0.6,0.0,0,829860,123712,68779,31450,112906,0
66,1161701,100000000,4,1.2,2.4,0.0,0,692694,176040,96601,46480,149883,0
67,1134127,10000000,4,1.4,3.1,0.0,0,904701,144910,43308,12872,28334,0
68,1129645,50000000,4,4.1,8.5,0.0,0,846003,88206,53387,31451,110596,0
69,1073769,10000000,4,2.7,4.5,0.0,0,839876,56847,34971,22041,120032,0
70,1070197,100000000,4,2.6,5.6,0.0,0,758309,80160,55138,37528,139060,0
71,1066554,10000000,4,0.5,0.9,0.0,0,795922,118008,40491,18831,93301,0
72,1023162,50000000,4,0.0,0.1,0.0,0,637243,120170,62893,33380,169472,0
73,998677,10000000,4,0.0,0.1,0.0,0,716212,146888,62106,19161,54308,0
74,996586,100000000,4,2.7,5.9,0.0,0,682355,73943,51588,39307,149391,0
75,992742,10000000,4,0.2,0.6,0.0,0,617561,123643,72319,38945,140270,0
76,974789,100000000,4,4.2,9.0,0.0,0,711239,72360,43788,30322,117078,0
77,963507,10000000,3,0.5,0.9,0.0,0,547583,109014,62331,33309,211267,0
78,907609,10000000,4,0.7,1.4,0.0,0,669505,94180,47135,22028,74760,0
79,900069,10000000,4,1.5,2.3,0.0,0,623089,74194,38393,22556,141835,0
80,875257,10000000,3,0.1,0.2,0.0,0,550679,68691,58297,34315,163272,0
81,875065,100000000,4,6.4,14.5,0.0,0,702488,63211,30606,16093,62664,0
82,864581,100000000,4,2.5,5.3,0.0,0,650499,70109,36672,23021,84278,0
83,809654,10000000,4,0.5,1.3,0.0,0,537380,104057,50801,25962,91451,0
84,809487,10000000,4,1.9,4.2,0.0,0,550198,75892,46216,25340,111839,0
85,808331,10000000,4,0.3,0.8,0.0,0,514130,120636,67629,30074,75860,0
86,800432,100000000,4,0.1,0.2,0.0,0,565625,79308,51475,23173,80847,0
87,799866,10000000,3,0.0,0.0,0.0,0,487332,76581,33776,18217,183958,0
88,799114,10000000,4,2.9,9.0,0.0,0,628812,68233,33155,13323,55590,0
89,794575,50000000,4,1.7,3.6,0.0,0,614844,53826,33678,20882,71341,0
90,792071,100000000,4,0.1,0.2,0.0,0,680584,47463,18399,8824,36799,0
91,788653,50000000,4,0.3,0.7,0.0,0,537934,79339,56540,30852,83985,0
92,777188,50000000,4,1.4,3.1,0.0,0,551328,86449,45301,21966,72141,0
93,771254,50000000,4,3.0,6.6,0.0,0,542497,74237,39639,20325,94553,0
94,764042,10000000,4,3.0,7.1,0.0,0,585204,77395,31524,15502,54414,0
95,756002,10000000,3,0.1,0.1,0.0,0,434187,90078,58506,35311,137917,0
96,748945,10000000,4,0.1,0.3,0.0,0,554163,80239,38183,14231,62125,0
97,727627,10000000,4,0.1,0.1,0.0,0,541833,91851,33669,12216,48055,0
98,718905,10000000,4,0.2,0.5,0.0,0,445276,83143,55372,35836,99275,0
99,703514,10000000,4,0.6,1.3,0.0,0,519090,68518,34658,17634,63612,0
100,21820451,100000000,4,2.6,5.7,0.0,1,16674013,1916826,822266,423122,1984222,0
101,14541662,100000000,4,0.5,0.9,0.0,1,9517488,1746849,883965,452314,1941044,0
102,4273420,100000000,4,0.1,0.2,0.0,1,3264905,445397,217853,93681,251581,0
103,2544322,10000000,4,0.0,0.0,0.0,1,1722222,323198,198160,74312,226427,0
104,2258595,50000000,4,1.5,3.3,0.0,1,1659776,310670,122549,48906,116692,0
105,2078458,100000000,3,0.0,0.0,0.0,1,1166370,247385,221072,104655,338974,0
106,2016845,50000000,4,15364.2,5.2,0.0,1,1423448,161233,90975,57560,283626,0
107,1585186,10000000,4,0.1,0.2,0.0,1,1211041,177267,74388,29809,92678,0
108,1550978,10000000,4,6.2,15.5,0.0,1,1248963,139513,50491,23697,88311,0
109,1434245,50000000,4,0.1,0.1,0.0,1,943752,176055,111141,53711,149584,0
110,1279866,10000000,4,0.1,0.3,0.0,1,990768,104418,57683,28206,98788,0
111,1164984,50000000,4,0.1,0.3,0.0,1,851605,128930,74782,26563,83101,0
112,1096282,10000000,4,0.1,0.1,0.0,1,754581,139419,71549,32075,98655,0
113,1014301,10000000,3,0.3,0.7,0.0,1,542530,73688,72005,51658,274417,0
114,1008075,10000000,3,0.0,0.0,0.0,1,587972,126076,79831,49340,164854,0
115,892542,5000000,4,0.1,0.1,0.0,1,532135,214918,102189,19643,23655,0
116,830121,10000000,4,1.9,4.0,0.0,1,580582,143752,41142,16642,48000,0
117,822854,10000000,4,1.0,2.2,0.0,1,499384,155809,79328,34103,54228,0
118,753449,5000000,4,0.0,0.0,0.0,1,583782,93073,41661,10380,24550,0
119,734291,10000000,4,0.2,0.5,0.0,1,548689,77834,37498,17379,52889,0
120,728187,10000000,4,0.5,1.0,0.0,1,601386,54972,24205,10694,36927,0
121,677145,10000000,4,0.1,0.3,0.0,1,526704,54521,28494,14271,53152,0
122,668761,10000000,4,1.1,2.2,0.0,1,502309,64074,32411,16085,53879,0
123,653025,10000000,4,2.6,5.5,0.0,1,422638,69283,42381,23676,95044,0
124,637160,10000000,3,517.9,0.4,0.0,1,334913,57505,45776,33167,165796,0
125,625580,50000000,4,2.4,4.5,0.0,1,475950,58024,26954,14907,49743,0
126,554454,50000000,4,2.0,4.4,0.0,1,378346,47366,27814,19163,81761,0
127,549049,50000000,4,2.3,5.1,0.0,1,361061,64373,35178,20635,67799,0
128,545166,5000000,4,0.1,0.0,0.0,1,367186,59836,37681,19145,61316,0
129,532248,10000000,4,0.4,0.7,0.0,1,371942,93262,27248,11087,28706,0
130,530520,10000000,4,0.9,1.8,0.0,1,372553,68645,29737,14509,45074,0
131,526594,10000000,4,0.6,1.2,0.0,1,329694,100003,44311,18809,33774,0
132,505541,10000000,4,2.3,5.3,0.0,1,359523,111661,17212,5896,11246,0
133,495725,5000000,4,0.4,0.8,0.0,1,368974,72587,28261,8217,17684,0
134,491846,10000000,4,0.5,0.9,0.0,1,312123,47791,31641,19418,80871,0
135,486767,10000000,4,0.7,1.7,0.0,1,335639,79203,27697,11655,32572,0
136,476258,10000000,4,1.2,2.7,0.0,1,371122,46567,19971,9337,29259,0
137,443044,10000000,4,0.8,1.5,0.0,1,340597,55084,18141,7442,21778,0
138,442542,100000000,4,2.4,6.0,0.0,1,310760,41967,23638,14983,51191,0
139,434780,10000000,4,0.0,0.0,0.0,1,282007,58193,28882,13327,52369,0
140,428566,10000000,3,0.2,0.5,0.0,1,198352,56692,32869,24522,116130,0
141,394199,10000000,4,0.6,1.3,0.0,1,259228,58165,28583,14117,34104,0
142,376854,1000000,4,1.2,2.5,0.0,1,210364,86173,53464,12423,14428,0
143,373672,10000000,4,14.4,22.8,0.0,1,266506,60287,23503,7143,16231,0
144,347489,10000000,3,0.6,1.4,0.0,1,213419,36163,25947,15482,56474,0
145,342940,10000000,3,0.7,1.7,0.0,1,210677,36908,25365,16060,53928,0
146,340647,10000000,4,2.0,4.9,0.0,1,240206,48397,20907,8870,22265,0
147,326203,10000000,4,2283.0,0.4,0.0,1,238366,24575,15568,9217,38476,0
148,326177,10000000,4,11.7,27.8,0.0,1,248268,27790,11796,6681,31639,0
149,321154,10000000,4,0.1,0.2,0.0,1,205269,43812,25070,13274,33726,0
150,320317,10000000,4,1027.4,17.4,0.0,1,208001,29851,19215,12693,50554,0
151,317393,10000000,4,0.1,0.2,0.0,1,254347,21977,13156,5943,21967,0
152,316902,5000000,4,0.0,0.1,0.0,1,237051,31312,17425,8567,22544,0
153,316484,10000000,4,0.0,0.0,0.0,1,261012,25341,11826,4778,13525,0
154,315349,10000000,3,0.2,0.5,0.0,1,147620,48065,29967,21162,68532,0
155,310393,50000000,4,0.3,0.7,0.0,1,216151,24597,17098,10149,42396,0
156,302458,10000000,4,0.0,0.0,0.0,1,209809,34317,20129,11172,27028,0
157,299697,10000000,4,5.0,10.2,0.0,1,223886,21973,14655,8777,30403,0
158,276333,10000000,4,0.5,1.2,0.0,1,202494,37063,16735,6257,13781,0
159,269887,10000000,4,0.0,60.6,0.0,1,215891,22409,13503,5547,12534,0
160,267176,10000000,4,0.1,0.1,0.0,1,203138,20459,11244,6006,26326,0
161,248376,10000000,3,0.8,1.7,0.0,1,156766,21189,14838,10225,45355,0
162,245912,5000000,4,0.5,1.1,0.0,1,157308,34746,19289,10917,23650,0
163,244108,100000000,4,7.0,17.0,0.0,1,162830,18935,13921,9969,38451,0
164,241766,10000000,4,0.4,0.9,0.0,1,174210,25753,14123,7011,20666,0
165,237178,1000000,4,0.3,0.6,0.0,1,140986,51097,29799,6942,8351,0
166,236968,10000000,4,0.3,0.5,0.0,1,178035,28566,13369,5155,11840,0
167,236324,5000000,4,0.2,0.4,0.0,1,179887,22918,10579,5559,17378,0
168,235190,5000000,4,0.0,0.1,0.0,1,180024,25247,13218,3889,12808,0
169,232238,10000000,3,0.6,1.3,0.0,1,139009,29963,15906,9032,38326,0
170,228860,50000000,4,5156.3,6.8,0.0,1,155724,17892,13469,9404,32368,0
171,228093,10000000,3,0.1,0.2,0.0,1,137922,23910,18607,10966,36685,0
172,220878,10000000,4,1.1,2.4,0.0,1,162516,19437,10535,6342,22045,0
173,220154,10000000,4,0.0,0.1,0.0,1,157452,29143,14521,4294,14741,0
174,214038,1000000,4,0.8,1.9,0.0,1,148804,36783,15996,4554,7899,0
175,212099,10000000,3,0.1,0.2,0.0,1,119575,23404,18969,9375,40773,0
176,209326,10000000,4,1.7,5.1,0.0,1,135267,34179,15209,7029,17639,0
177,205339,10000000,4,5.0,11.4,0.0,1,157834,9984,7605,5007,24906,0
178,202932,10000000,4,0.1,0.1,0.0,1,120363,50493,20584,4941,6548,0
179,198913,5000000,4,1.2,2.4,0.0,1,154771,19840,8313,3912,12075,0
180,196731,10000000,4,2.0,5.0,0.0,1,140066,18997,10561,6110,20994,0
181,195798,10000000,3,0.1,0.3,0.0,1,98812,18705,18566,10027,49686,0
182,192892,10000000,4,7.4,19.4,0.0,1,129555,15897,9752,6792,30894,0
183,187523,1000000,4,1.1,3.0,0.0,1,153686,22367,6679,1949,2839,0
184,184387,5000000,4,1.1,2.2,0.0,1,137725,24816,9649,4022,8173,0
185,184296,10000000,4,0.1,0.3,0.0,1,127282,17122,11488,6373,22028,0
186,181431,1000000,4,1.7,3.9,0.0,1,118453,37881,17008,3258,4828,0
187,176486,50000000,4,1.8,3.9,0.0,1,115933,13880,9575,6955,30141,0
188,174281,5000000,4,0.2,0.4,0.0,1,102685,29511,14650,7075,20357,0
189,173009,10000000,4,0.7,1.4,0.0,1,112463,17402,9523,6694,26925,0
190,167371,10000000,4,0.9,1.9,0.0,1,119216,14108,9116,6127,18801,0
191,166142,1000000,4,0.1,0.3,0.0,1,130867,22259,6726,1980,4308,0
192,165363,10000000,3,0.3,0.7,0.0,1,82072,18237,15811,10471,38770,0
193,164143,1000000,4,1446.6,1.0,0.0,1,126888,15295,8052,3446,10459,0
194,164000,5000000,4,0.8,1.6,0.0,1,138571,12269,4782,2475,5900,0
195,162534,1000000,4,0.0,264.0,0.0,1,139554,12547,5061,1647,3723,0
196,159801,10000000,3,1.2,2.6,0.0,1,97662,15566,9679,6406,30485,0
197,155657,10000000,4,0.2,0.4,0.0,1,112657,13089,9609,4869,15429,0
198,155193,5000000,4,0.6,1.4,0.0,1,102527,16613,9828,5977,20246,0
199,154835,10000000,4,0.3,0.7,0.0,1,99726,22100,12197,5612,15197,0
200,35665901,1000000000,4,0.5,1.0,0.0,2,27138572,3366600,1622695,814890,2723142,0
201,7202013,100000000,4,0.4,0.8,0.0,2,5220860,792543,404086,191098,593424,0
202,6960814,100000000,4,421.7,0.9,0.0,2,4787054,831967,432708,188672,720411,0
203,5903477,100000000,4,0.4,0.8,0.0,2,4295577,615956,339838,159034,493070,0
204,5402149,100000000,4,0.7,1.5,0.0,2,4290826,539449,214946,88100,268825,0
205,5367599,100000000,4,0.2,0.4,0.0,2,3745457,583916,354239,150993,532992,0
206,4919742,100000000,4,0.1,0.2,0.0,2,3676322,567777,271954,94004,309682,0
207,4816448,500000000,4,0.7,1.5,0.0,2,3184391,438320,318164,204384,671187,0
208,4565220,100000000,4,0.6,1.2,0.0,2,3220230,532157,287592,139793,385446,0
209,4100452,10000000,4,234.3,2.4,7.49,2,3324435,317144,135048,65677,258146,1
210,3398125,100000000,4,0.2,0.5,0.0,2,2395375,354636,204730,99007,344374,0
211,3290970,100000000,4,1.4,2.9,0.0,2,2393224,283587,152239,95032,366885,0
212,2858076,10000000,4,0.0,0.2,0.0,2,1795281,475749,286985,88464,211595,0
213,2342083,100000000,4,1.0,2.1,0.0,2,1816379,198405,90386,47422,189489,0
214,2222817,100000000,4,3.5,7.7,0.0,2,1461686,192188,120639,79343,368958,0
215,2156973,100000000,4,1.8,3.9,0.0,2,1510574,191501,113211,71395,270289,0
216,2096404,100000000,4,1.8,3.4,0.0,2,1726149,161104,70669,34470,104010,0
217,2062961,50000000,4,3.7,8.6,0.0,2,1624579,147084,71698,37603,181994,0
218,1988570,100000000,4,1.2,2.6,0.0,2,1572089,156316,80008,41595,138560,0
219,1910010,100000000,3,0.3,0.7,0.0,2,1110353,239968,152266,89330,318090,0
220,1900382,50000000,4,0.2,0.4,0.0,2,1512745,178112,72290,31011,106221,0
221,1858504,100000000,4,1.5,2.5,0.0,2,1420595,193116,86126,40095,118569,0
222,1793741,100000000,4,0.1,0.2,0.0,2,1171395,203409,147447,59488,212000,0
223,1735909,50000000,4,0.4,0.7,0.0,2,1300677,187802,93990,34872,118566,0
224,1679572,100000000,4,0.0,0.0,0.0,2,1242877,203320,96109,40077,97187,0
225,1573012,10000000,3,0.0,0.1,0.0,2,940005,180923,135759,68822,247501,0
226,1564855,100000000,4,0.6,1.4,0.0,2,1071973,156950,94348,56534,185047,0
227,1493740,100000000,4,4.5,14.0,0.0,2,934431,158781,126162,67909,206456,0
228,1471629,100000000,4,1.5,3.4,0.0,2,975205,141609,89864,56824,208125,0
229,1470166,100000000,4,0.0,0.0,0.0,2,1069403,194779,77716,36573,91693,0
230,1458849,10000000,4,0.2,0.3,0.0,2,1012396,180762,89016,37984,138688,0
231,1340841,100000000,3,0.7,1.2,0.0,2,725819,164205,142281,80224,228309,0
232,1337580,100000000,4,2.7,5.6,0.0,2,1013921,120437,57288,31344,114587,0
233,1254191,100000000,4,0.1,0.3,0.0,2,921162,142312,80488,32165,78061,0
234,1215112,100000000,4,0.1,0.1,0.0,2,914036,101920,67294,27922,103938,0
235,1205884,100000000,4,0.0,0.1,0.0,2,770961,125694,97115,38288,173823,0
236,1188910,50000000,4,0.1,0.3,0.0,2,785999,93502,67304,41596,200506,0
237,1153022,50000000,4,0.2,0.4,0.0,2,767538,152124,84721,37763,110873,0
238,1136712,10000000,4,0.0,0.1,0.0,2,794750,206822,80806,14190,40143,0
239,1132730,50000000,4,0.1,0.1,0.0,2,829701,135593,64673,23686,79075,0
240,1102273,100000000,4,0.4,0.8,0.0,2,690857,140198,76072,45368,149775,0
241,1089029,50000000,4,0.4,0.8,0.0,2,749202,118094,74237,36598,110896,0
242,1082604,50000000,4,0.8,1.8,0.0,2,649183,141827,91623,48150,151818,0
243,1079670,100000000,4,0.5,1.0,0.0,2,811052,81884,50974,31690,104068,0
244,1079537,100000000,4,1.1,2.3,0.0,2,836216,78970,45685,27253,91411,0
245,1066764,100000000,4,1.0,1.9,0.0,2,730329,115731,66556,33722,120423,0
246,1042160,50000000,4,1.1,1.9,0.0,2,760677,112796,55978,23795,88911,0
247,1040051,50000000,4,0.2,0.5,0.0,2,774936,103632,58908,24854,77719,0
248,988381,50000000,4,0.4,0.9,0.0,2,752024,81739,45929,26358,82328,0
249,955594,100000000,4,1.2,2.5,0.0,2,684749,89958,58706,31681,90497,0
250,949510,100000000,4,6.5,14.0,0.0,2,736043,64772,37205,22355,89132,0
251,926298,50000000,4,0.1,0.2,0.0,2,671799,107479,61137,20868,65013,0
252,923982,50000000,4,9.2,19.1,0.0,2,712509,111993,45974,15592,37912,0
253,903937,100000000,4,3.3,7.8,0.0,2,602667,87709,60378,37674,115506,0
254,883825,10000000,4,0.7,1.5,0.0,2,658521,87562,42961,20344,74434,0
255,878563,100000000,4,5.6,11.2,0.0,2,594828,74318,50544,35093,123778,0
256,860147,100000000,3,0.3,0.7,0.0,2,523785,98246,65754,38475,133885,0
257,827611,100000000,4,0.0,0.1,0.0,2,647207,100159,36474,9363,34405,0
258,791425,10000000,4,0.3,0.7,0.0,2,534451,43551,39653,26844,146923,0
259,784985,50000000,4,4.4,9.6,0.0,2,587579,62902,32887,21327,80287,0
260,777941,1000000,4,0.7,1.3,1.99,2,636912,73308,24749,9026,33945,1
261,752635,10000000,4,0.0,0.1,0.0,2,603783,86183,31653,9078,21935,0
262,715951,50000000,4,7.3,16.5,0.0,2,483133,69181,37056,24468,102110,0
263,693956,50000000,4,0.9,1.9,0.0,2,463486,77216,51767,26398,75087,0
264,690642,10000000,4,0.0,0.0,0.0,2,457100,98199,54710,19396,61235,0
265,662256,100000000,4,0.8,863.6,0.0,2,469634,59835,38697,23160,70927,0
266,660553,10000000,4,0.1,0.3,0.0,2,483682,62930,37560,17430,58950,0
267,656039,50000000,4,4.6,10.4,0.0,2,555192,41420,18778,9270,31377,0
268,636293,100000000,4,2.1,4.8,0.0,2,455906,62932,29296,20066,68091,0
269,626542,50000000,4,2.6,4.7,0.0,2,484878,59816,27043,11050,43753,0
270,621232,100000000,3,1117.1,1107.1,0.0,2,367867,71578,67163,34403,80219,0
271,620257,50000000,3,0.9,1.9,0.0,2,355568,93220,54643,31418,85405,0
272,609853,10000000,4,0.2,0.4,0.0,2,522395,32985,15337,7428,31705,0
273,588562,10000000,4,0.0,0.0,0.0,2,376960,58234,42194,17599,93573,0
274,581821,10000000,4,77.5,0.3,0.0,2,450597,64012,26420,9972,30817,0
275,572863,50000000,4,0.1,0.2,0.0,2,323922,96008,55435,27358,70138,0
276,561461,10000000,4,0.0,0.1,0.0,2,344081,93766,60771,20160,42680,0
277,556766,10000000,4,0.3,0.6,0.0,2,417025,52081,24677,10020,52961,0
278,541549,10000000,4,1.4,2.4,0.0,2,450604,55216,17728,5449,12549,0
279,532569,10000000,4,2.7,5.9,0.0,2,395621,48350,27559,12339,48696,0
280,532176,10000000,4,0.0,0.0,0.0,2,353695,83149,33681,15527,46122,0
281,509654,50000000,4,1.8,3.0,0.0,2,407365,41520,18908,9863,31996,0
282,506876,50000000,3,0.5,1.2,0.0,2,290763,74910,50722,25625,64853,0
283,497484,10000000,4,0.4,0.8,0.0,2,405757,48566,18492,6533,18133,0
284,476858,10000000,4,2948.2,0.1,0.0,2,329614,64312,32355,11652,38924,0
285,473706,50000000,4,0.1,0.1,0.0,2,296894,49159,43940,18046,65665,0
286,470099,10000000,4,0.9,1.8,0.0,2,315988,61332,27827,14373,50577,0
287,467497,10000000,4,0.6,1.5,0.0,2,317484,54366,29299,12418,53927,0
288,466518,10000000,4,0.1,0.1,0.0,2,340776,51499,28569,9164,36508,0
289,460549,10000000,4,0.2,0.3,0.0,2,368057,49159,18102,6607,18622,0
290,458684,10000000,4,1.3,2.5,0.0,2,308505,50335,25797,12264,61781,0
291,449205,10000000,4,0.6,1.3,0.0,2,311382,35677,23861,16154,62128,0
292,448716,100000000,3,0.5,1.2,0.0,2,271968,45329,35060,22824,73533,0
293,447522,10000000,4,990.2,0.7,0.0,2,268067,58110,41935,22944,56463,0
294,446946,10000000,4,0.1,0.2,0.0,2,331761,57741,25895,9077,22469,0
295,441188,50000000,4,1.8,4.4,0.0,2,310177,39918,27014,15030,49046,0
296,438162,10000000,4,0.1,0.1,0.0,2,309059,54390,26775,10700,37236,0
297,429256,10000000,4,0.3,0.6,0.0,2,318853,42785,22872,11416,33328,0
298,426000,50000000,4,0.1,0.2,0.0,2,255915,70110,42076,15851,42046,0
299,418663,10000000,3,0.3,0.6,0.0,2,218936,46999,31975,20348,100402,0
300,7512316,500000000,4,4.0,6.5,0.0,3,5291589,773193,369290,204053,874188,0
301,2516777,100000000,4,250.5,2.9,0.0,3,1927153,358243,109137,38480,83762,0
302,2430531,10000000,4,0.2,0.5,0.0,3,1763377,127289,78458,41427,419978,0
303,2131083,50000000,4,1.5,3.2,0.0,3,1587565,176498,89205,46088,231725,0
304,1590460,10000000,3,0.0,0.0,0.0,3,664388,137875,140391,88652,559151,0
305,1578022,100000000,4,1.9,4.0,0.0,3,1097787,214381,99477,41236,125138,0
306,1283404,100000000,4,528.5,5.2,0.0,3,995139,130393,56747,27061,74062,0
307,1273770,100000000,4,2.6,5.1,0.0,3,929697,113906,53688,29740,146737,0
308,1245352,10000000,4,0.1,0.2,0.0,3,963785,69907,41197,17092,153370,0
309,1062798,50000000,4,2.8,6.2,0.0,3,829950,139476,35263,14426,43680,0
310,788064,10000000,4,1.8,3.9,0.0,3,604370,104216,34581,14116,30778,0
311,769196,10000000,4,2.1,4.5,0.0,3,597616,56899,32850,14912,66917,0
312,615530,10000000,4,7.8,15.8,0.0,3,493766,68026,19325,7219,27192,0
313,598584,5000000,4,0.2,0.4,0.0,3,481850,54404,28767,10827,22734,0
314,597656,10000000,4,2.8,5.5,0.0,3,416103,46952,33058,18737,82805,0
315,575124,10000000,4,0.4,0.8,0.0,3,445724,24956,15105,8122,81214,0
316,567662,10000000,4,0.2,0.4,0.0,3,460779,36966,21660,10130,38125,0
317,554532,100000000,4,1.4,3.0,0.0,3,371827,69515,37892,18726,56569,0
318,482155,50000000,4,0.8,1.9,0.0,3,350353,50622,27688,14084,39405,0
319,470850,10000000,4,0.3,0.7,0.0,3,396719,31773,15341,6226,20788,0
320,467655,5000000,4,0.4,0.8,0.0,3,339411,65520,18573,8821,35327,0
321,466525,5000000,3,2212.2,0.2,0.0,3,271493,22728,15722,8505,148075,0
322,447613,10000000,4,0.0,0.0,0.0,3,344284,45999,23309,12179,21840,0
323,404907,10000000,4,0.5,0.9,0.0,3,257543,65328,27088,11958,42987,0
324,402345,50000000,4,0.0,0.0,0.0,3,281427,84152,18717,4956,13091,0
325,391135,5000000,4,0.1,0.3,0.0,3,277978,88322,18138,2358,4337,0
326,356365,50000000,4,0.1,0.3,0.0,3,243769,40684,24296,11208,36405,0
327,353244,10000000,4,0.8,1.6,0.0,3,232140,57146,27330,9795,26830,0
328,351361,10000000,4,0.2,0.5,0.0,3,232675,65416,21279,8961,23027,0
329,335347,5000000,4,2.6,5.0,0.0,3,288443,26221,7586,3620,9475,0
330,313765,5000000,4,0.7,1.3,0.0,3,247479,34766,16068,5498,9951,0
331,312477,10000000,4,0.4,0.9,0.0,3,181755,52704,24745,11079,42191,0
332,303060,50000000,3,0.1,0.3,0.0,3,189271,25883,21636,13961,52307,0
333,295628,5000000,4,0.2,0.3,0.0,3,194900,45677,20155,8733,26161,0
334,282866,10000000,4,0.0,0.0,0.0,3,190032,46076,23927,6933,15895,0
335,277062,10000000,4,0.0,0.0,0.0,3,186130,33342,18640,8135,30813,0
336,276518,10000000,4,0.4,0.8,0.0,3,195563,43630,12654,6916,17752,0
337,267286,5000000,4,3.6,9.4,0.0,3,216554,19173,11667,5256,14634,0
338,264663,10000000,4,0.9,2.0,0.0,3,196888,23316,7163,4340,32954,0
339,263074,10000000,4,0.7,1.3,0.0,3,206440,26008,11760,5865,12999,0
340,261799,10000000,4,1.6,3.2,0.0,3,186942,34906,13333,6552,20064,0
341,257492,1000000,4,0.9,2.0,0.0,3,234050,11006,4005,1777,6651,0
342,256773,50000000,4,8.2,20.5,0.0,3,195552,14301,10068,6125,30724,0
343,256158,10000000,4,0.3,0.7,0.0,3,202678,19491,11109,6294,16584,0
344,242006,10000000,4,0.8,2.2,0.0,3,161104,36953,11231,7784,24932,0
345,237706,50000000,4,3.2,6.4,0.0,3,152766,23513,14002,10385,37038,0
346,228476,1000000,4,0.1,0.2,0.0,3,180118,13063,9967,5143,20184,0
347,221378,10000000,4,3.1,8.2,0.0,3,155994,33820,12131,4574,14856,0
348,221279,5000000,4,1.3,1.8,0.0,3,184719,9219,5639,2509,19189,0
349,219916,10000000,4,4.8,10.4,0.0,3,190920,12118,6114,2732,8029,0
350,207685,10000000,4,3.7,6.3,0.0,3,138317,22597,12774,6990,27005,0
351,206953,10000000,4,0.1,0.3,0.0,3,159460,31048,8926,2908,4608,0
352,200804,5000000,4,2.3,4.9,0.0,3,147818,11277,6510,3918,31278,0
353,199569,10000000,4,1.6,3.4,0.0,3,122036,28805,14402,10209,24114,0
354,193778,5000000,4,0.0,82.3,0.0,3,139962,43688,6448,1179,2499,0
355,190736,5000000,4,1.1,2.3,0.0,3,159290,6177,3043,1955,20268,0
356,189798,5000000,4,0.8,2.4,0.0,3,130404,35555,15055,3097,5684,0
357,183337,5000000,4,0.2,0.5,0.0,3,114799,27401,13296,8750,19089,0
358,183016,5000000,3,0.0,0.1,0.0,3,113744,11105,9547,5602,43015,0
359,175837,5000000,4,0.1,0.1,0.0,3,121928,10437,8149,4406,30915,0
360,175718,5000000,4,0.1,0.2,0.0,3,114159,37346,11296,3368,9546,0
361,173571,5000000,4,2.4,4.9,0.0,3,143591,13315,4405,2750,9508,0
362,169696,50000000,4,3.8,13.4,0.0,3,124263,11055,8516,6437,19422,0
363,162936,50000000,4,6.5,12.8,0.0,3,114317,17059,9620,5048,16890,0
364,160744,50000000,4,3.9,42875.2,0.0,3,106470,17372,9565,5473,21862,0
365,158521,10000000,4,1.6,3.3,0.0,3,108183,26837,11124,3535,8839,0
366,151671,10000000,4,4.7,11.4,0.0,3,94437,20567,13519,6540,16605,0
367,151004,5000000,4,0.0,0.1,0.0,3,136805,6439,2289,1159,4309,0
368,149633,1000000,4,1.3,2.5,0.0,3,129492,5996,3944,2091,8108,0
369,141110,10000000,4,0.0,0.1,0.0,3,99540,32990,6680,890,1010,0
370,140706,1000000,4,0.7,1.4,0.0,3,106667,25275,5275,1430,2056,0
371,138105,10000000,4,2.2,3.8,0.0,3,102104,10047,6688,4638,14626,0
372,134398,5000000,4,0.0,0.0,0.0,3,82092,34320,10335,2776,4873,0
373,131464,10000000,4,3.2,7.0,0.0,3,103785,11277,5757,2467,8175,0
374,126466,1000000,3,0.1,15483.9,0.0,3,68210,21237,16060,4827,16130,0
375,122235,5000000,4,5.7,10.7,0.0,3,82530,22097,8396,2557,6652,0
376,116322,10000000,4,0.0,0.0,0.0,3,74028,16366,10328,4770,10827,0
377,111670,1000000,4,0.1,0.3,0.0,3,69697,14357,6508,3569,17536,0
378,111627,10000000,3,0.2,0.5,0.0,3,66986,11332,7797,4952,20558,0
379,111431,5000000,4,3.0,6.5,0.0,3,88631,10037,3309,1639,7811,0
380,109162,10000000,4,0.0,0.1,0.0,3,72559,13043,8357,3114,12088,0
381,104859,10000000,4,0.5,0.9,0.0,3,63550,14139,8933,4526,13709,0
382,104158,5000000,4,9.4,21.9,0.0,3,64626,16981,7777,3110,11661,0
383,103101,5000000,4,0.6,1.3,0.0,3,71430,6210,4930,3160,17370,0
384,102300,5000000,4,2.1,4.8,0.0,3,69504,14461,6902,2820,8611,0
385,100639,5000000,4,1.5,3.1,0.0,3,71102,9612,5095,2947,11880,0
386,100315,1000000,4,0.2,0.2,0.0,3,68732,12596,7028,2559,9397,0
387,99283,5000000,4,0.2,0.4,0.0,3,63654,17539,6861,3316,7910,0
388,97958,10000000,4,16.5,30.6,0.0,3,61897,10411,8335,4489,12824,0
389,96841,1000000,4,0.0,0.1,0.0,3,69120,13560,6990,2520,4650,0
390,95383,10000000,4,6.0,17.2,0.0,3,69374,14596,4246,1916,5248,0
391,94264,10000000,4,1.3,3.1,0.0,3,65804,8875,5468,3396,10718,0
392,93977,1000000,4,0.4,0.8,0.0,3,82738,2739,1215,707,6575,0
393,92835,10000000,4,0.4,0.6,0.0,3,61320,9118,5819,3789,12787,0
394,92620,1000000,4,1.3,3.6,0.0,3,73551,5890,4236,1963,6977,0
395,92362,5000000,3,0.1,0.1,0.0,3,52380,14466,8352,3196,13966,0
396,91738,10000000,4,293.1,0.2,0.0,3,57069,12037,6182,2937,13510,0
397,89195,1000000,4,0.1,0.2,0.0,3,67405,14192,3528,1379,2688,0
398,82144,1000000,4,2.3,5.1,0.0,3,64478,7127,3558,1670,5308,0
399,80887,1000000,4,1.0,2.0,0.0,3,48946,11333,7651,2607,10348,0
400,2113853,50000000,4,0.4,0.9,0.0,4,1541203,217812,103751,54390,196694,0
401,1765570,10000000,3,0.3,0.5,0.0,4,960279,190763,105553,74294,434678,0
402,1590733,100000000,4,0.4,0.9,0.0,4,1117298,308402,82191,25750,57090,0
403,1590733,100000000,4,0.4,0.9,0.0,4,431463,90350,40065,15998,70189,0
404,1590733,100000000,4,0.4,0.9,0.0,4,418115,47121,16871,6574,18567,0
405,1590733,100000000,4,0.4,0.9,0.0,4,299715,68177,20617,4959,12653,0
406,1418398,50000000,4,0.8,1.6,0.0,4,980671,195988,81079,37547,123112,0
407,1120832,10000000,4,0.0,0.1,0.0,4,703247,191160,84161,35024,107238,0
408,1069313,10000000,4,0.1,0.3,0.0,4,791561,173283,54038,15776,34652,0
409,926432,50000000,4,3.6,6.9,0.0,4,679554,83354,43036,22743,97743,0
410,881563,10000000,4,3.1,5.8,0.0,4,687097,115002,29330,13767,36364,0
411,654922,10000000,4,1.1,2.1,0.0,4,457634,120229,36631,12570,27855,0
412,648068,50000000,4,0.0,0.0,0.0,4,1117298,308402,82191,25750,57090,0
413,648068,50000000,4,0.0,0.0,0.0,4,431463,90350,40065,15998,70189,0
414,648068,50000000,4,0.0,0.0,0.0,4,418115,47121,16871,6574,18567,0
415,648068,50000000,4,0.0,0.0,0.0,4,299715,68177,20617,4959,12653,0
416,561518,10000000,4,0.8,1.6,0.0,4,426538,60455,24904,10746,38873,0
417,533216,10000000,4,1.1,2.4,0.0,4,396321,89813,23855,6905,16319,0
418,507250,50000000,4,0.9,1.9,0.0,4,1117298,308402,82191,25750,57090,0
419,507250,50000000,4,0.9,1.9,0.0,4,431463,90350,40065,15998,70189,0
420,507250,50000000,4,0.9,1.9,0.0,4,418115,47121,16871,6574,18567,0
421,507250,50000000,4,0.9,1.9,0.0,4,299715,68177,20617,4959,12653,0
422,501154,10000000,4,0.6,1.2,0.0,4,353392,85751,30329,9306,22372,0
423,494492,10000000,4,0.6,1.2,0.0,4,405050,31047,9361,5998,43034,0
424,485069,10000000,4,1.6,3.3,0.0,4,389106,51098,13716,6473,24675,0
425,469770,10000000,4,0.0,0.0,0.0,4,341845,41158,25636,13347,47782,0
426,467621,10000000,3,37994.4,2.6,0.0,4,275963,46108,26591,15940,103016,0
427,406124,10000000,4,0.3,0.7,0.0,4,1117298,308402,82191,25750,57090,0
428,406124,10000000,4,0.3,0.7,0.0,4,431463,90350,40065,15998,70189,0
429,406124,10000000,4,0.3,0.7,0.0,4,418115,47121,16871,6574,18567,0
430,406124,10000000,4,0.3,0.7,0.0,4,299715,68177,20617,4959,12653,0
431,374842,5000000,4,0.2,0.3,0.0,4,279209,46731,11785,6217,30897,0
432,353226,10000000,4,0.1,0.2,0.0,4,241310,65576,20366,8114,17858,0
433,350853,5000000,4,0.1,0.2,0.0,4,256571,35754,18091,7763,32671,0
434,337505,5000000,4,0.0,0.0,0.0,4,270355,51158,10680,1976,3334,0
435,325427,10000000,3,0.4,0.7,0.0,4,184232,41857,24227,10264,64845,0
436,321884,1000000,4,1.8,4.5,0.0,4,269993,31051,10360,2940,7539,0
437,320403,1000000,4,2.1,4.7,0.0,4,253370,43423,9203,3437,10967,0
438,313503,10000000,4,0.1,0.2,0.0,4,247002,49280,8994,2338,5886,0
439,311834,1000000,4,0.0,0.0,0.0,4,204963,59535,18594,7042,21697,0
440,305751,10000000,4,0.4,0.9,0.0,4,239774,24103,11159,6631,24083,0
441,290160,5000000,4,0.1,0.3,0.0,4,181785,42321,20426,10233,35392,0
442,281352,10000000,4,5.3,11.6,0.0,4,199329,10974,7664,4036,59346,0
443,265004,10000000,4,0.2,1.2,0.0,4,177294,36354,18820,8577,23957,0
444,263341,5000000,4,1.0,2.0,0.0,4,190221,26703,9851,5793,30771,0
445,245912,10000000,4,0.6,1.2,0.0,4,159956,26398,12115,6172,41269,0
446,240095,10000000,4,0.6,1.1,0.0,4,158888,27598,14303,7201,32103,0
447,232276,10000000,4,0.7,1.2,0.0,4,154927,28783,11168,5738,31658,0
448,230415,10000000,4,0.5,1.2,0.0,4,169079,43639,8617,2639,6438,0
449,211163,5000000,4,0.8,1.6,0.0,4,141282,14863,12545,7859,34611,0
450,208319,1000000,4,1.7,3.5,0.0,4,175964,12836,6602,3371,9544,0
451,205537,5000000,4,1.6,3.4,0.0,4,156282,28591,12716,3029,4918,0
452,202598,5000000,4,0.1,0.2,0.0,4,145751,24108,8139,4224,20373,0
453,200923,5000000,4,0.0,0.0,0.0,4,137772,38789,11720,4586,8053,0
454,194946,5000000,4,3.4,69441.4,0.0,4,158260,10262,8488,4393,13540,0
455,191804,5000000,3,1.1,2.1,0.0,4,115344,20710,10774,7259,37715,0
456,178476,5000000,4,1.5,3.1,0.0,4,135825,19743,7755,4561,10590,0
457,177098,1000000,4,0.0,0.0,0.0,4,121906,34850,10285,3125,6930,0
458,174545,5000000,3,0.2,0.4,0.0,4,96745,13756,10747,6368,46927,0
459,172895,5000000,4,0.2,0.4,0.0,4,136067,21789,6870,2356,5811,0
460,172895,5000000,4,0.2,0.4,0.0,4,121771,32009,6485,1307,3182,0
461,172895,5000000,4,0.2,0.4,0.0,4,114538,32551,6438,1309,2919,0
462,170875,1000000,4,0.0,0.0,0.0,4,111965,21094,10487,6272,21054,0
463,170181,1000000,4,55880.6,5.3,0.0,4,116976,33175,10188,3336,6503,0
464,164757,5000000,4,0.1,0.1,0.0,4,136067,21789,6870,2356,5811,0
465,164757,5000000,4,0.1,0.1,0.0,4,121771,32009,6485,1307,3182,0
466,164757,5000000,4,0.1,0.1,0.0,4,114538,32551,6438,1309,2919,0
467,163771,1000000,4,0.1,0.2,0.0,4,123907,22509,8782,2537,6034,0
468,157757,5000000,4,1.0,2.7,0.0,4,136067,21789,6870,2356,5811,0
469,157757,5000000,4,1.0,2.7,0.0,4,121771,32009,6485,1307,3182,0
470,157757,5000000,4,1.0,2.7,0.0,4,114538,32551,6438,1309,2919,0
471,155922,1000000,4,0.2,0.4,0.0,4,115228,10542,7061,4284,18804,0
472,155644,5000000,4,2.1,4.3,0.0,4,129663,10105,5550,2561,7763,0
473,154738,5000000,4,0.6,1.4,0.0,4,116190,23913,7511,2297,4824,0
474,153690,5000000,4,1.5,3.4,0.0,4,136827,9554,2785,1257,3264,0
475,152145,1000000,4,0.2,0.3,0.0,4,102186,25534,13116,3079,8228,0
476,150087,5000000,4,0.4,1.1,0.0,4,121848,19155,4401,1457,3224,0
477,146718,500000,4,0.1,0.1,2.99,4,108356,25417,5887,2868,4187,1
478,145613,5000000,4,0.7,1.6,0.0,4,114843,19267,5656,1668,4177,0
479,145481,10000000,4,0.0,0.0,0.0,4,106115,27404,6189,1966,3803,0
480,143615,1000000,3,0.1,0.1,0.0,4,85985,19159,9904,5796,22768,0
481,142577,10000000,4,1.4,2.9,0.0,4,114899,14187,5903,2100,5485,0
482,140758,10000000,4,0.4,1.0,0.0,4,106869,21050,6134,1638,5065,0
483,140758,10000000,4,0.4,1.0,0.0,4,94475,20067,5296,1475,4247,0
484,138755,1000000,4,0.8,1.8,0.0,4,117683,11887,3998,1196,3988,0
485,137405,500000,4,0.2,0.4,0.0,4,92609,18503,10976,3668,11646,0
486,136367,1000000,4,0.1,0.3,0.0,4,101950,25090,4293,1417,3614,0
487,127654,1000000,4,0.0,0.0,0.0,4,96817,11631,5555,3667,9982,0
488,127104,1000000,4,0.0,0.0,0.0,4,76095,26217,12177,3596,9016,0
489,126880,5000000,4,0.3,0.6,0.0,4,83483,19818,9609,3609,10359,0
490,125561,10000000,4,0.8,1.7,0.0,4,106869,21050,6134,1638,5065,0
491,125561,10000000,4,0.8,1.7,0.0,4,94475,20067,5296,1475,4247,0
492,124281,1000000,4,4.3,9.0,0.0,4,91703,12202,4426,3912,12034,0
493,121295,5000000,4,0.9,1.9,0.0,4,85332,14387,6518,3129,11927,0
494,116379,1000000,3,0.1,0.7,0.0,4,58634,16991,13211,6370,21171,0
495,115102,1000000,4,1.3,3.1,0.0,4,65184,33291,10404,1957,4263,0
496,113870,1000000,4,0.5,0.5,0.0,4,74180,16081,8035,3008,12563,0
497,113663,1000000,4,0.0,0.1,0.0,4,63095,32122,11977,1919,4548,0
498,113566,5000000,4,0.2,0.3,0.0,4,83970,12489,4286,2178,10641,0
499,111394,1000000,4,5.7,121.1,0.0,4,78190,20777,8995,1557,1874,0
500,109280,1000000,3,2.3,3.5,0.0,4,62429,14950,9248,3981,18670,0
501,109069,10000000,4,0.0,0.1,0.0,4,85752,15131,4027,1369,2788,0
502,107962,10000000,4,0.2,0.4,0.0,4,67747,14080,8338,3145,14649,0
503,107933,1000000,4,3.6,6.2,0.0,4,78082,14437,5008,2001,8403,0
504,107183,5000000,4,1.1,1.5,0.0,4,83092,16456,3117,1348,3167,0
505,106773,5000000,4,4.3,8.9,0.0,4,90322,9155,3306,1009,2979,0
506,106773,5000000,4,4.3,8.9,0.0,4,88759,7238,2562,919,2954,0
507,106773,5000000,4,4.3,8.9,0.0,4,66889,11772,5441,4213,10554,0
508,106689,5000000,4,0.2,0.6,0.0,4,68707,14719,7514,4051,11695,0
509,103958,5000000,4,10.0,27.8,0.0,4,70597,18028,8210,1847,5273,0
510,103945,1000000,4,0.1,0.3,0.0,4,66476,25258,6709,1739,3759,0
511,102434,10000000,4,4.7,13.1,0.0,4,90322,9155,3306,1009,2979,0
512,102434,10000000,4,4.7,13.1,0.0,4,88759,7238,2562,919,2954,0
513,102434,10000000,4,4.7,13.1,0.0,4,66889,11772,5441,4213,10554,0
514,101659,1000000,4,1.3,2.8,0.0,4,67959,14879,8459,2829,7529,0
515,100719,1000000,4,0.0,0.1,0.0,4,69497,20485,5637,1307,3791,0
516,98872,10000000,4,0.2,0.5,0.0,4,90322,9155,3306,1009,2979,0
517,98872,10000000,4,0.2,0.5,0.0,4,88759,7238,2562,919,2954,0
518,98872,10000000,4,0.2,0.5,0.0,4,66889,11772,5441,4213,10554,0
519,97299,1000000,4,1.4,3.1,0.0,4,73069,13513,5613,1787,3315,0
520,97018,1000000,4,0.7,1.3,0.0,4,68858,21134,3377,1368,2278,0
521,94069,10000000,4,0.1,0.3,0.0,4,67229,9785,8896,2076,6080,0
522,91698,1000000,4,0.0,0.1,0.0,4,59670,16308,6950,2426,6341,0
523,90695,1000000,4,0.3,0.8,0.0,4,75861,4012,2827,1602,6391,0
524,90585,1000000,4,74.3,148.5,0.0,4,56281,19515,8904,2133,3749,0
525,88866,1000000,4,0.0,0.0,0.0,4,49649,16835,7470,3670,11240,0
526,2582669,50000000,4,393.4,0.7,0.0,5,1821678,301722,110833,52012,296421,0
527,1822223,50000000,4,0.8,1.7,0.0,5,1293272,259642,102017,42902,124388,0
528,1529589,50000000,4,1.0,1.9,0.0,5,1210258,112027,46530,24581,136190,0
529,1494419,50000000,4,0.3,0.5,0.0,5,1080443,110156,68549,41577,193691,0
530,1485440,50000000,4,0.3,0.6,0.0,5,1102560,158208,85517,34400,104752,0
531,1418336,10000000,4,0.9,1.6,0.0,5,1065696,180009,82885,28435,61309,0
532,1259099,10000000,4,0.9,1.9,0.0,5,933699,202401,78707,14826,29463,0
533,1006982,10000000,3,0.2,0.5,0.0,5,649353,60917,44026,37669,215015,0
534,925068,10000000,4,1.0,1.9,0.0,5,671012,153638,52961,14029,33425,0
535,755734,10000000,4,0.4,1.0,0.0,5,533316,88102,42476,19261,72576,0
536,664469,10000000,4,0.6,1.2,0.0,5,458507,97014,48182,19338,41426,0
537,649856,5000000,4,0.8,1.8,0.0,5,476204,106016,39009,8107,20518,0
538,617349,10000000,4,0.9,1.8,0.0,5,424459,77519,39348,19359,56661,0
539,616294,10000000,4,0.0,0.0,0.0,5,457055,82563,30766,13683,32225,0
540,583815,10000000,4,0.0,0.1,0.0,5,380317,79701,41575,16718,65502,0
541,556639,10000000,4,0.3,0.5,0.0,5,459497,44454,15369,7774,29543,0
542,544905,10000000,4,0.0,0.1,0.0,5,392404,100738,26490,5663,19608,0
543,493071,5000000,4,0.2,0.5,0.0,5,344195,68441,30992,14931,34510,0
544,485882,10000000,4,0.2,0.5,0.0,5,404060,44200,14354,6230,17036,0
545,482246,10000000,4,0.4,0.9,0.0,5,377560,57203,20891,7865,18725,0
546,477132,10000000,4,227105.7,2.2,0.0,5,367411,48463,28359,9074,23822,0
547,455282,5000000,4,0.1,0.1,0.0,5,365871,33169,22482,7247,26511,0
548,431936,10000000,4,0.6,1.1,0.0,5,299466,49060,33254,12770,37384,0
549,423010,5000000,4,0.3,0.7,0.0,5,298900,42958,25401,11181,44567,0
550,422035,10000000,4,0.5,1.1,0.0,5,286143,56390,26064,15856,37580,0
551,401912,10000000,4,0.0,0.0,0.0,5,280648,56377,27394,8958,28533,0
552,394704,10000000,4,0.1,0.3,0.0,5,309185,26459,17197,8513,33346,0
553,392274,10000000,4,1.1,2.2,0.0,5,289544,46703,20683,9892,25450,0
554,377401,10000000,4,0.3,0.6,0.0,5,258486,45068,23157,11678,39010,0
555,367694,1000000,4,0.1,0.1,0.0,5,278174,55844,18491,4517,10665,0
556,351166,5000000,4,0.5,1.2,0.0,5,248240,47419,22591,9903,23011,0
557,343727,10000000,4,2.8,6.1,0.0,5,277118,21504,10762,6273,28067,0
558,333168,5000000,4,0.9,2.0,0.0,5,293637,16901,7210,3485,11931,0
559,318101,10000000,4,0.2,0.4,0.0,5,218298,35139,19922,11200,33540,0
560,316679,10000000,4,0.1,0.2,0.0,5,252941,33956,12697,4255,12827,0
561,313214,10000000,4,3.2,7.8,0.0,5,244252,38385,15608,4462,10504,0
562,312113,10000000,4,0.0,0.0,0.0,5,238241,41399,13246,4698,14526,0
563,306937,10000000,4,0.8,1.6,0.0,5,248156,14000,6875,3866,34038,0
564,306128,5000000,4,4.9,12.1,0.0,5,266535,19491,6879,2721,10498,0
565,292630,5000000,4,0.5,0.9,0.0,5,207533,29742,13572,5187,36593,0
566,272892,10000000,4,1.1,2.4,0.0,5,194550,29431,13763,6678,28469,0
567,272095,5000000,4,225.1,5.5,0.0,5,206509,33265,13164,4388,14767,0
568,266126,10000000,4,5550.2,14.5,0.0,5,176379,35942,22679,9287,21836,0
569,265946,5000000,4,0.9,1.8,0.0,5,219920,23950,8698,2822,10553,0
570,264556,10000000,4,0.5,1.1,0.0,5,189320,36506,18622,5091,15015,0
571,258755,10000000,4,6.1,13.5,0.0,5,222685,12554,7642,3397,12474,0
572,215021,5000000,4,1.0,2.3,0.0,5,170145,17010,7086,3398,17380,0
573,211680,5000000,4,0.2,0.4,0.0,5,160936,22352,11006,3828,13555,0
574,211511,1000000,4,1.1,2.2,0.0,5,174952,18748,7633,2843,7333,0
575,208279,10000000,4,0.4,0.7,0.0,5,146678,19467,7368,4159,30605,0
576,207326,5000000,4,0.2,0.5,0.0,5,189655,7941,3925,1388,4415,0
577,204371,5000000,4,0.2,0.4,0.0,5,147841,26775,14092,3867,11793,0
578,189656,10000000,4,54.5,0.0,0.0,5,127766,19807,11872,6245,23964,0
579,183628,5000000,4,0.6,1.1,0.0,5,141239,20865,10352,3829,7340,0
580,179520,5000000,4,1.1,2.2,0.0,5,139632,11699,5599,3789,18798,0
581,179001,1000000,4,0.5,1.1,0.0,5,138485,21446,8344,2918,7805,0
582,177051,1000000,4,0.7,1.4,0.0,5,154436,8822,3644,1672,8474,0
583,174066,10000000,4,1.4,2.7,0.0,5,123770,19227,11002,5367,14697,0
584,173372,5000000,4,0.0,0.0,0.0,5,126569,21203,10941,4076,10581,0
585,172651,5000000,4,0.7,0.9,0.0,5,106066,26042,13410,4426,22704,0
586,172200,5000000,4,1.4,3.0,0.0,5,123431,19427,8684,4217,16439,0
587,170510,5000000,4,0.3,0.6,0.0,5,144759,10409,4881,2271,8188,0
588,154112,1000000,4,0.0,0.0,0.0,5,119255,21177,7308,2113,4257,0
589,146663,5000000,3,0.1,0.2,0.0,5,84613,13974,13184,5793,29096,0
590,145635,5000000,3,0.1,0.3,0.0,5,88085,17381,12934,5744,21490,0
591,142948,10000000,3,1.5,3.1,0.0,5,95538,7899,5039,2809,31659,0
592,141345,10000000,4,11.4,22.9,0.0,5,83149,26077,14384,5285,12447,0
593,140882,1000000,4,2.5,5.6,0.0,5,103574,20093,9394,2580,5239,0
594,139860,1000000,4,0.7,1.4,0.0,5,126642,5717,2420,1095,3984,0
595,138883,1000000,4,2.4,4.7,0.0,5,103586,18665,8883,2911,4835,0
596,131646,1000000,4,0.0,0.0,0.0,5,85071,22022,10736,4148,9666,0
597,126322,1000000,4,2.6,5.6,0.0,5,103766,10635,5038,1742,5138,0
598,125918,5000000,4,0.1,0.2,0.0,5,88160,15582,6712,2896,12565,0
599,123277,1000000,4,3.6,6.3,0.0,5,90489,20226,8054,1588,2918,0
600,122801,5000000,4,0.8,1.9,0.0,5,110967,5426,2458,1019,2928,0
601,120434,1000000,4,1.5,3.0,0.0,5,104694,7396,4236,1375,2731,0
602,117668,1000000,4,106.2,4.2,0.0,5,102696,5785,3091,1401,4692,0
603,116891,1000000,4,0.0,0.1,0.0,5,103484,5940,2023,807,4634,0
604,116673,1000000,4,0.1,0.1,0.0,5,93674,13383,3198,1609,4807,0
605,112869,1000000,4,4.1,9.6,0.0,5,102054,5274,2202,730,2607,0
606,107509,1000000,4,0.1,0.2,0.0,5,79688,14753,3703,2096,7267,0
607,107253,5000000,4,0.3,0.7,0.0,5,83222,6679,4141,3006,10203,0
608,103380,1000000,4,0.0,0.1,0.0,5,78160,10300,5230,1980,7710,0
609,102352,1000000,4,0.0,0.0,0.0,5,76766,11076,5291,2353,6863,0
610,100479,1000000,4,2.4,5.5,0.0,5,91237,3977,2043,877,2342,0
611,99465,5000000,4,0.0,0.0,0.0,5,71856,12049,6509,2619,6429,0
612,99082,500000,4,0.1,0.2,0.0,5,78458,14511,3405,749,1957,0
613,97488,5000000,4,3.1,5.5,0.0,5,64510,12362,5972,3254,11387,0
614,94814,1000000,3,0.1,0.2,0.0,5,47906,8026,7360,4920,26599,0
615,94628,1000000,4,0.2,0.3,0.0,5,78741,7178,3029,1389,4289,0
616,92912,5000000,4,2.1,5.4,0.0,5,67690,7454,4956,2668,10142,0
617,90370,1000000,4,0.0,0.0,0.0,5,68116,10388,5149,1826,4889,0
618,90110,1000000,4,0.0,0.0,0.0,5,65034,10141,3586,2191,9155,0
619,89886,1000000,4,0.7,1.4,0.0,5,72362,9441,4365,1308,2407,0
620,87528,1000000,4,0.0,0.0,0.0,5,73570,6359,3015,1128,3454,0
621,87102,1000000,4,0.2,0.5,0.0,5,72719,6222,2636,1238,4284,0
622,86366,1000000,4,0.3,0.9,0.0,5,66745,8015,4197,2003,5403,0
623,85258,1000000,4,4.2,9.7,0.0,5,68846,9410,2950,960,3090,0
624,84646,1000000,4,0.2,0.5,0.0,5,60073,8840,4614,2856,8260,0
625,83313,1000000,4,0.1,0.3,0.0,5,64498,9941,3313,1247,4311,0
626,31367945,1000000000,4,0.9,1.6,0.0,6,23837448,4176798,1534041,486005,1333650,0
627,16810315,500000000,4,0.3,0.5,0.0,6,12234051,1514188,851145,465627,1745303,0
628,13050503,500000000,4,0.6,1.4,0.0,6,9165205,1073761,636763,399662,1775110,0
629,12098786,100000000,4,0.5,1.2,0.0,6,9031154,1239752,599727,297910,930241,0
630,11506051,500000000,4,0.2,0.5,0.0,6,8175679,1051014,688712,346244,1244400,0
631,10721875,100000000,4,0.6,1.5,0.0,6,7566483,1406080,591119,264105,894086,0
632,10659387,100000000,4,0.0,0.1,0.0,6,7884729,1105063,542317,236861,890414,0
633,10159890,100000000,4,0.8,2.1,0.0,6,7089644,1367797,604525,262575,835347,0
634,9123920,100000000,4,0.6,1.2,0.0,6,7097079,1176491,433227,128489,288631,0
635,8306868,100000000,4,0.6,1.2,0.0,6,5666720,959679,483208,261701,935558,0
636,8071775,100000000,4,0.4,0.8,0.0,6,6031478,1145290,420595,132006,342404,0
637,6964142,100000000,4,0.5,1.1,0.0,6,5161994,738250,337096,159672,567126,0
638,5768595,100000000,4,2.0,5.0,0.0,6,4089427,617190,303609,139343,619023,0
639,5720687,100000000,4,0.4,0.9,0.0,6,4040927,701272,315427,150412,512646,0
640,4170408,50000000,4,0.6,1.4,0.0,6,3234679,428334,200017,86064,221311,0
641,4079806,100000000,4,0.1,0.2,0.0,6,2650097,486532,256817,141989,544370,0
642,3617773,100000000,4,2.0,4.6,0.0,6,2619420,297742,172533,114892,413183,0
643,2954685,100000000,4,252.7,0.1,0.0,6,2182994,442668,186915,45788,96317,0
644,2914639,50000000,4,0.3,0.5,0.0,6,1994505,407586,195237,87860,229449,0
645,2264014,100000000,3,0.7,1.5,0.0,6,1459128,186361,140080,100488,377954,0
646,2154956,100000000,4,0.9,2.1,0.0,6,1513881,301704,140589,56303,142476,0
647,2091145,50000000,4,0.5,1.0,0.0,6,1646856,256082,76653,33048,78503,0
648,2001718,10000000,4,0.1,0.2,0.0,6,1671110,180104,55116,21918,73468,0
649,1898651,50000000,4,0.0,0.1,0.0,6,1399681,245543,112191,39947,101286,0
650,1876427,100000000,4,5.4,12.0,0.0,6,1404351,145789,83448,52288,190548,0
651,1782012,100000000,4,0.0,0.1,0.0,6,1265351,195451,108001,46276,166930,0
652,1683260,50000000,4,0.8,1.6,0.0,6,1268463,242273,83832,27455,61234,0
653,1627243,50000000,4,0.3,0.8,0.0,6,1204255,135347,78073,44346,165218,0
654,1503412,100000000,4,3.1,6.7,0.0,6,1033894,163259,108056,54617,143583,0
655,1432166,10000000,4,0.2,0.3,0.0,6,1049465,142061,64707,33473,142459,0
656,1431962,50000000,4,0.2,0.3,0.0,6,975697,146337,81939,48296,179690,0
657,1378621,10000000,4,0.0,0.1,0.0,6,983456,257030,77494,15776,44864,0
658,1326867,50000000,4,0.1,0.3,0.0,6,956682,190254,81633,28037,70258,0
659,1222505,10000000,4,5.9,12.9,0.0,6,976018,118010,42649,18392,67434,0
660,1218003,10000000,4,0.0,0.1,0.0,6,883862,199331,79682,18938,36188,0
661,1135695,10000000,4,0.2,0.4,0.0,6,825239,185210,69324,19865,36055,0
662,1131205,100000000,4,0.7,1.6,0.0,6,809274,94858,59551,38632,128888,0
663,1099997,50000000,4,196.3,0.1,0.0,6,813086,144035,64753,23147,54974,0
664,1009374,10000000,4,0.2,0.5,0.0,6,784152,106559,46334,17864,54463,0
665,978460,50000000,4,1.5,4.2,0.0,6,673255,72892,32537,20945,178828,0
666,952348,100000000,3,1.1,2.6,0.0,6,591803,80978,62429,48097,169038,0
667,941133,10000000,4,0.1,0.1,0.0,6,731661,81527,45176,19280,63487,0
668,939577,50000000,4,0.3,0.7,0.0,6,676889,96965,56485,26929,82307,0
669,924595,10000000,4,0.4,0.7,0.0,6,571381,115687,76942,38875,121707,0
670,921224,100000000,4,0.0,0.0,0.0,6,751461,107090,30751,10390,21529,0
671,910777,50000000,4,2.1,5.0,0.0,6,651420,117048,52529,24633,65145,0
672,881816,100000000,4,1.2,2.8,0.0,6,622790,117945,56216,23294,61569,0
673,880964,10000000,4,0.4,0.8,0.0,6,566493,120253,69961,33039,91215,0
674,875343,50000000,4,0.2,0.3,0.0,6,585941,90239,60299,28150,110712,0
675,865040,10000000,4,5.5,14.0,0.0,6,638136,98626,54652,22207,51416,0
676,847777,50000000,4,1.8,3.7,0.0,6,660874,63957,33911,20752,68280,0
677,781393,10000000,4,0.7,1.4,0.0,6,689356,38419,16073,7813,29731,0
678,777217,10000000,4,0.3,0.5,0.0,6,532145,83892,54115,28958,78104,0
679,752953,10000000,4,0.4,0.6,0.0,6,419680,145021,65512,34343,88394,0
680,712766,10000000,4,0.0,0.1,0.0,6,515705,91031,43134,17633,45261,0
681,685365,5000000,4,0.0,0.0,0.0,6,552588,94468,21233,5136,11938,0
682,679330,10000000,4,0.0,0.1,0.0,6,432002,91148,56154,24538,75485,0
683,670105,10000000,4,0.2,0.3,0.0,6,494241,81755,38494,15919,39693,0
684,665838,10000000,4,0.1,0.1,0.0,6,482665,78462,35349,17654,51705,0
685,659139,10000000,4,0.2,0.3,0.0,6,451806,82817,44197,20209,60108,0
686,655486,10000000,4,0.0,0.0,0.0,6,497030,57511,30349,13680,56912,0
687,652820,50000000,4,0.9,1.9,0.0,6,452065,54651,38207,25278,82615,0
688,649699,10000000,4,0.3,0.6,0.0,6,467599,79307,35546,17028,50216,0
689,636439,10000000,4,1.2,2.3,0.0,6,454670,70717,34755,17372,58923,0
690,627963,10000000,4,0.0,0.1,0.0,6,456597,74051,44136,16750,36428,0
691,627042,100000000,4,1.2,2.7,0.0,6,440620,46732,31244,22519,85924,0
692,605422,10000000,4,3.2,6.5,0.0,6,473424,51048,22893,13584,44471,0
693,603781,10000000,4,0.0,0.1,0.0,6,462582,58790,33494,11913,36999,0
694,602123,10000000,4,0.0,0.1,0.0,6,459046,63875,35736,10925,32537,0
695,592625,10000000,4,10.0,19.3,0.0,6,411401,90484,39822,15183,35732,0
696,570955,10000000,4,0.3,0.5,0.0,6,443937,66232,26738,10215,23830,0
697,568174,10000000,4,0.1,0.2,0.0,6,364726,54802,38870,19860,89914,0
698,567668,10000000,4,0.3,0.7,0.0,6,392672,118389,23787,8741,24077,0
699,556525,10000000,4,5.5,11.8,0.0,6,438288,22770,12779,9891,72795,0
700,540665,10000000,4,0.1,0.3,0.0,6,389914,49587,35329,16166,49667,0
701,539618,10000000,4,0.4,0.9,0.0,6,392042,84757,31131,10657,21028,0
702,532119,10000000,4,0.2,0.5,0.0,6,391786,63353,34261,12140,30576,0
703,526404,1000000,4,625.9,1251.8,0.0,6,332168,78207,48369,16909,50748,0
704,521999,50000000,4,0.3,0.6,0.0,6,333246,64379,41810,21779,60782,0
705,513273,100000000,4,0.3,0.6,0.0,6,356049,63918,35560,16181,41563,0
706,510146,10000000,4,1914.7,1.7,0.0,6,338839,73912,48046,16253,33093,0
707,497556,10000000,4,0.0,0.0,0.0,6,220970,146774,82128,15085,32597,0
708,487206,100000000,4,0.5,1.1,0.0,6,339101,60100,31478,14670,41854,0
709,476520,10000000,4,0.1,0.3,0.0,6,355557,44409,26769,12156,37627,0
710,475705,10000000,4,0.1,0.1,0.0,6,335504,44683,31325,13678,50513,0
711,469274,1000000,4,0.0,0.1,0.0,6,348400,68745,30278,5392,16457,0
712,462861,10000000,4,24.0,49.3,0.0,6,328311,64534,28243,9107,32664,0
713,462460,10000000,3,0.7,1.4,0.0,6,278605,46716,34234,22630,80272,0
714,458766,10000000,4,0.1,0.2,0.0,6,279541,73007,41708,20739,43768,0
715,444080,5000000,3,0.0,0.0,0.0,6,226320,43452,36250,17770,120287,0
716,442100,10000000,3,0.3,0.6,0.0,6,259916,61224,39116,19478,62364,0
717,430459,50000000,4,0.0,0.1,0.0,6,309838,47284,26040,10352,36942,0
718,428132,10000000,4,0.9,2.1,0.0,6,295035,44478,27154,14836,46626,0
719,414428,10000000,4,1.7,3.8,0.0,6,297229,47857,24352,11976,33011,0
720,405505,50000000,4,0.3,0.6,0.0,6,307443,40558,16388,7553,33561,0
721,385882,10000000,4,0.6,1.3,0.0,6,273707,57256,22876,9323,22718,0
722,381919,5000000,4,0.1,0.2,0.0,6,316246,31810,9963,5205,18692,0
723,378085,10000000,4,2.0,4.2,0.0,6,258091,47714,27671,11842,32765,0
724,373522,10000000,4,1.4,2.9,0.0,6,289498,37687,15999,6754,23581,0
725,370755,10000000,4,508.1,2.8,0.0,6,233460,65503,22707,12643,36439,0
726,1690405,50000000,4,11.1,26.7,0.0,7,1191130,195192,95400,50193,158487,0
727,1543998,100000000,4,0.9,2.0,0.0,7,1044380,167400,99241,57056,175918,0
728,758930,50000000,4,0.6,1.3,0.0,7,569677,64417,38966,21992,63877,0
729,571355,1000000,4,0.0,0.0,0.0,7,395665,71737,37756,15358,50837,0
730,519854,10000000,4,0.4,0.8,0.0,7,330550,67983,37226,19708,64384,0
731,469665,10000000,4,3.7,7.9,0.0,7,338284,37308,23232,16939,53900,0
732,440099,10000000,4,0.3,0.6,0.0,7,284760,81030,28581,12818,32907,0
733,335602,50000000,4,0.6,1.2,0.0,7,227796,38019,21197,13605,34982,0
734,299512,100000000,4,2.1,5.1,0.0,7,221507,19279,12167,10193,36364,0
735,229515,50000000,4,11.0,23.1,0.0,7,177112,13802,8861,6241,23497,0
736,210406,100000000,4,1.9,4.3,0.0,7,142332,15737,11577,9045,31713,0
737,204816,10000000,4,1.5,3.3,0.0,7,132787,19175,11845,9717,31289,0
738,201926,10000000,4,3.0,6.9,0.0,7,154697,16426,8631,5266,16904,0
739,191141,10000000,4,10.0,24.7,0.0,7,150962,11416,6201,5011,17549,0
740,188628,10000000,4,1.8,4.0,0.0,7,131144,14630,9261,7644,25947,0
741,185082,10000000,4,0.0,0.0,0.0,7,129634,16481,12725,5763,20476,0
742,177900,50000000,4,3.5,6.7,0.0,7,136565,10350,6860,5324,18798,0
743,164764,10000000,4,3.3,7.3,0.0,7,118137,14783,8830,5341,17670,0
744,161896,50000000,4,1.1,2.4,0.0,7,113255,11857,7862,7032,21887,0
745,158721,500000,4,0.6,1.1,0.0,7,149917,6111,1435,358,897,0
746,155279,50000000,4,4.9,9.8,0.0,7,117842,9711,6246,4458,17020,0
747,152780,50000000,4,3.1,6.8,0.0,7,113689,8994,6478,5001,18617,0
748,147633,100000000,4,5446.9,10.2,0.0,7,98893,11767,8266,6773,21932,0
749,146101,10000000,4,4.6,10.0,0.0,7,111993,21993,6404,1817,3892,0
750,145347,10000000,4,8.2,18.8,0.0,7,110407,11110,6183,3914,13730,0
751,142128,10000000,4,2.1,4.4,0.0,7,97965,10628,7445,6616,19471,0
752,141681,50000000,4,2.2,4.7,0.0,7,105203,9009,6799,4859,15808,0
753,138294,50000000,4,4.6,11.1,0.0,7,95108,13510,8076,5246,16351,0
754,135433,1000000,4,0.1,0.2,0.0,7,103645,13910,7204,2797,7874,0
755,132854,10000000,4,1.5,3.4,0.0,7,95241,8553,5436,4416,19206,0
756,129911,50000000,4,2.5,5.0,0.0,7,98822,8155,5566,3684,13682,0
757,128528,50000000,4,3.4,7.5,0.0,7,92578,8404,6004,4602,16937,0
758,123262,10000000,4,1.4,2.8,0.0,7,91784,5925,5156,3677,16718,0
759,121977,10000000,4,1.9,4.1,0.0,7,82251,11555,11792,4308,12068,0
760,116243,10000000,4,2013.3,9.3,0.0,7,80372,8500,5402,4349,17617,0
761,106074,10000000,4,0.0,0.0,0.0,7,75946,12756,7102,2217,8051,0
762,103248,10000000,4,0.0,0.0,0.0,7,74312,10957,5883,2047,10048,0
763,102219,5000000,4,2.1,4.8,0.0,7,90114,4431,1625,852,5194,0
764,102168,5000000,4,2.7,5.9,0.0,7,77581,13635,4971,2006,3972,0
765,101418,10000000,3,0.5,0.2,0.0,7,66006,7186,6156,4757,17311,0
766,94157,10000000,4,1.9,4.5,0.0,7,72545,5575,3879,2822,9334,0
767,91946,10000000,4,5.6,12.3,0.0,7,65777,6298,4430,3427,12011,0
768,91542,1000000,4,5.9,15.1,0.0,7,77154,9565,1942,759,2120,0
769,90720,10000000,3,0.1,0.1,0.0,7,55578,8660,7441,4235,14803,0
770,90184,10000000,4,2.5,6.0,0.0,7,68668,9896,4022,2070,5525,0
771,89570,10000000,3,0.0,0.0,0.0,7,55869,7412,5656,4419,16211,0
772,88278,10000000,4,2.7,6.0,0.0,7,62679,6818,4119,3682,10977,0
773,85437,10000000,4,2.5,5.1,0.0,7,66723,5406,3610,2174,7521,0
774,83994,10000000,4,1.7,3.5,0.0,7,58641,5858,4008,3538,11946,0
775,81628,1000000,4,0.5,1.1,0.0,7,71135,6195,1678,759,1858,0
776,81135,10000000,4,1.6,3.9,0.0,7,60102,5200,3703,2615,9512,0
777,79583,10000000,4,3.1,7.1,0.0,7,57296,5472,4000,3121,9691,0
778,79263,50000000,3,2.3,5.2,0.0,7,50961,6250,4670,3720,13660,0
779,78145,1000000,4,0.2,0.3,0.0,7,42904,14624,8998,3381,8236,0
780,76981,10000000,3,5.4,11.9,0.0,7,43442,7060,5325,5046,16106,0
781,76498,10000000,3,0.4,0.9,0.0,7,47396,6488,5338,4288,12986,0
782,75435,10000000,4,0.1,0.2,0.0,7,53508,7325,6366,2088,6146,0
783,75270,10000000,4,0.1,0.2,0.0,7,54579,6354,4815,1908,7612,0
784,75082,10000000,4,0.1,672.7,0.0,7,52362,5787,4729,2823,9379,0
785,73407,5000000,4,0.3,0.7,0.0,7,43304,15335,6560,2492,5713,0
786,72164,10000000,4,8.9,23.3,0.0,7,51654,5773,3346,2593,8796,0
787,70614,10000000,4,0.3,0.6,0.0,7,54274,4189,2324,1685,8139,0
788,69285,10000000,4,0.6,1.4,0.0,7,52476,4439,2919,1999,7449,0
789,68066,10000000,4,0.5,1.0,0.0,7,50643,6903,3048,1653,5817,0
790,67910,10000000,4,2.1,4.6,0.0,7,47218,6153,3614,2559,8364,0
791,66241,10000000,4,6.9,14.7,0.0,7,49236,4324,2860,2245,7574,0
792,66160,10000000,3,3.2,7.0,0.0,7,40798,5423,4460,3437,12039,0
793,66057,10000000,4,1.7,3.9,0.0,7,44993,5999,3661,2477,8925,0
794,65669,5000000,3,0.3,0.5,0.0,7,36321,7560,5642,3775,12368,0
795,63887,50000000,3,4.5,10.0,0.0,7,39665,5486,4964,4235,9534,0
796,63873,10000000,4,12.5,33.0,0.0,7,47377,4920,3008,1871,6694,0
797,63384,1000000,4,1.2,2.1,0.0,7,55735,4543,1178,419,1507,0
798,62792,10000000,4,0.5,1.1,0.0,7,42609,5574,3539,2213,8854,0
799,62564,5000000,4,0.0,0.0,0.0,7,50512,5116,2678,989,3267,0
800,62194,5000000,4,87.5,174.9,0.0,7,40029,6518,5668,2779,7198,0
801,61993,1000000,4,0.3,0.5,0.0,7,43164,5426,3367,2118,7915,0
802,60889,10000000,4,14.5,29.6,0.0,7,41190,5048,3972,3003,7674,0
803,60654,10000000,4,2.7,5.8,0.0,7,44911,4360,2741,1797,6843,0
804,59598,10000000,4,3.7,8.3,0.0,7,41141,4207,3237,2298,8713,0
805,57537,10000000,4,6.9,16.6,0.0,7,42166,4103,2752,2096,6418,0
806,56865,10000000,4,0.8,1.8,0.0,7,39917,3888,2721,2223,8115,0
807,56525,10000000,4,2.8,6.5,0.0,7,35477,5997,4790,2963,7295,0
808,56416,10000000,4,2428.7,2.5,0.0,7,42626,2823,2464,1895,6605,0
809,56154,5000000,4,0.1,0.1,0.0,7,37592,6117,3688,1999,6756,0
810,55294,1000000,4,3.9,8.3,0.0,7,47904,5419,1123,266,581,0
811,55114,10000000,3,4.4,8.9,0.0,7,31358,4705,3647,3331,12070,0
812,55006,10000000,4,3.3,7.3,0.0,7,39870,4473,2558,1745,6357,0
813,54400,10000000,4,0.6,1.3,0.0,7,41341,2813,1785,1666,6793,0
814,54217,10000000,4,1.7,3.7,0.0,7,37964,3338,2381,2281,8250,0
815,54205,10000000,4,3.3,7.5,0.0,7,39390,3463,2695,2136,6518,0
816,53535,10000000,4,3.1,7.3,0.0,7,35719,5842,3432,1934,6606,0
817,53039,10000000,4,3.7,8.3,0.0,7,40078,3342,2155,1616,5846,0
818,51944,10000000,4,5.9,13.6,0.0,7,38541,3722,2145,1985,5548,0
819,51903,10000000,4,3.0,6.1,0.0,7,35441,3967,2828,2348,7316,0
820,51861,10000000,4,5.3,12.1,0.0,7,37558,4077,2298,1988,5936,0
821,51687,5000000,4,0.1,0.2,0.0,7,41659,5118,1929,609,2369,0
822,51547,10000000,4,2.8,6.4,0.0,7,35544,3608,3103,2012,7277,0
823,51002,1000000,4,1.0,1.7,0.0,7,38219,6460,2431,982,2907,0
824,50931,10000000,3,2.9,6.1,0.0,7,30222,4867,4037,3098,8705,0
825,49811,10000000,4,8.9,21.0,0.0,7,35964,3842,2150,1751,6101,0
826,2454558,100000000,4,3.3,7.5,0.0,8,1815983,211433,119350,69277,238513,0
827,2381045,100000000,4,2.5,5.7,0.0,8,1570436,234136,154821,92834,328815,0
828,1363013,10000000,4,0.3,0.7,0.0,8,1099001,128954,50656,22006,62394,0
829,1280824,100000000,4,0.3,0.6,0.0,8,852807,110725,67194,36282,213813,0
830,665818,100000000,4,2.0,4.5,0.0,8,437466,65470,44575,27672,90633,0
831,664703,50000000,4,0.4,0.7,0.0,8,487709,65614,36484,18292,56602,0
832,640085,50000000,4,0.0,0.1,0.0,8,416639,83385,63908,16319,59831,0
833,608905,50000000,3,0.4,0.7,0.0,8,346418,57223,43330,24894,137038,0
834,571244,5000000,4,0.1,0.2,0.0,8,463607,48438,17949,10009,31239,0
835,552415,5000000,4,0.1,0.2,0.0,8,461266,43525,16200,7865,23556,0
836,407001,100000000,4,3.9,8.6,0.0,8,302144,36847,19082,11939,36986,0
837,403074,10000000,4,0.0,0.0,0.0,8,278414,59680,23708,12163,29106,0
838,388495,50000000,4,1.5,3.7,0.0,8,282968,38871,21217,11806,33632,0
839,372516,10000000,4,76.2,152.4,0.0,8,225363,54103,37848,16843,38357,0
840,363476,10000000,4,0.2,0.3,0.0,8,293298,20676,13578,7408,28514,0
841,296208,10000000,4,1.9,4.5,0.0,8,223552,25631,15025,7961,24035,0
842,273983,10000000,4,1.8,3.7,0.0,8,233792,15101,7350,3745,13992,0
843,253894,10000000,3,0.3,0.9,0.0,8,139713,20684,15206,8877,69411,0
844,240014,10000000,4,0.3,0.7,0.0,8,163437,25465,17153,9079,24877,0
845,239452,10000000,3,0.0,0.0,0.0,8,135432,33561,30264,10088,30105,0
846,237878,10000000,4,0.6,1.1,0.0,8,149371,35947,17998,8445,26114,0
847,230317,5000000,3,0.1,0.2,0.0,8,150738,15438,11184,6960,45995,0
848,217878,5000000,4,0.3,0.7,0.0,8,144790,22711,13991,9427,26956,0
849,208186,10000000,4,0.0,0.1,0.0,8,125085,30702,21835,7760,22802,0
850,202039,5000000,4,0.8,1.6,0.0,8,135506,24399,12350,6997,22784,0
851,189580,10000000,4,0.1,0.2,0.0,8,144341,14615,8725,4546,17351,0
852,185412,10000000,4,19.1,43.7,0.0,8,149100,13083,6873,3680,12673,0
853,167310,5000000,4,0.2,498.5,0.0,8,121186,14735,8311,5234,17841,0
854,166382,10000000,3,0.1,0.3,0.0,8,90107,17468,12983,9208,36614,0
855,164622,50000000,4,1.5,3.3,0.0,8,104696,17994,10039,7088,24803,0
856,161111,5000000,4,1.2,2.5,0.0,8,117376,21217,8910,3356,10249,0
857,152996,1000000,4,10.9,30.2,0.0,8,124784,15891,5795,2434,4090,0
858,151011,5000000,4,0.0,0.0,0.0,8,102981,19281,10003,4142,14602,0
859,149674,5000000,4,0.0,0.0,0.0,8,85482,23970,13830,7370,19020,0
860,139058,10000000,4,0.2,0.4,0.0,8,96177,12792,7743,5496,16847,0
861,138709,5000000,3,0.2,0.5,0.0,8,73982,19252,13140,8577,23755,0
862,130606,1000000,4,0.4,0.9,0.0,8,102708,14153,5413,2297,6032,0
863,130471,10000000,3,0.5,1.0,0.0,8,78352,11517,8268,6388,25944,0
864,127314,1000000,4,0.4,1.0,0.0,8,90009,16965,7215,3373,9750,0
865,123653,10000000,4,2.3,5.2,0.0,8,94189,11112,6057,2869,9423,0
866,114600,10000000,4,0.8,1.8,0.0,8,78216,10083,6848,4863,14589,0
867,113827,10000000,4,6.8,15.9,0.0,8,83507,11434,6161,2997,9725,0
868,112810,10000000,3,0.1,0.3,0.0,8,59082,12398,9954,6855,24519,0
869,111679,1000000,4,0.8,1.7,1.99,8,88842,11945,4620,1947,4322,1
870,108187,10000000,3,0.5,1.2,0.0,8,59335,11560,7264,4883,25143,0
871,107328,1000000,4,0.3,0.6,0.0,8,68411,16535,8083,3916,10381,0
872,105984,1000000,4,0.0,0.1,0.0,8,73443,12242,6752,3858,9686,0
873,104261,5000000,3,0.2,0.4,0.0,8,43790,6890,6890,5510,41180,0
874,102536,1000000,4,1.9,4.7,0.0,8,80964,9639,4027,2113,5791,0
875,102133,5000000,4,0.0,0.1,0.0,8,65640,10602,6764,3607,15518,0
876,97355,10000000,4,0.0,0.0,0.0,8,64307,12188,8931,3576,8351,0
877,95540,10000000,4,1.5,3.6,0.0,8,62900,9673,6076,4057,12831,0
878,87197,10000000,3,2.0,3.6,0.0,8,54591,6688,5454,4070,16392,0
879,87091,10000000,4,19.7,62.5,0.0,8,71476,5527,3071,1731,5282,0
880,86693,10000000,4,0.0,0.0,0.0,8,56117,12116,6432,3226,8800,0
881,83342,10000000,4,0.8,1.8,0.0,8,61458,6680,4012,2459,8731,0
882,82629,1000000,4,2.0,4.5,0.0,8,66304,6988,2885,1537,4912,0
883,71117,5000000,3,1446.7,0.1,0.0,8,37347,8774,10183,3008,11802,0
884,71008,1000000,4,0.0,0.0,0.0,8,51391,7698,4139,1859,5918,0
885,69242,100000,4,0.1,0.1,0.0,8,51096,9117,5438,1059,2529,0
886,68321,5000000,4,0.7,1.5,0.0,8,39709,11266,6684,3560,7100,0
887,67388,5000000,4,2.1,4.2,0.0,8,54348,4150,2189,1174,5524,0
888,65897,10000000,4,0.7,426.0,0.0,8,39278,12259,3699,2329,8329,0
889,65210,1000000,4,0.2,0.4,0.0,8,44969,8419,4498,2084,5237,0
890,64028,10000000,4,3.0,6.0,0.0,8,52167,3567,2048,1418,4826,0
891,60920,10000000,4,0.1,0.2,0.0,8,38319,6683,5388,2430,8098,0
892,56963,1000000,4,0.0,0.0,0.0,8,31363,9224,9663,2443,4268,0
893,56107,1000000,4,0.1,0.3,0.0,8,45083,5276,2158,1109,2478,0
894,55578,1000000,4,0.8,1.9,0.0,8,37028,7639,4729,1929,4249,0
895,55357,500000,4,0.0,0.0,0.0,8,30635,15762,5493,1738,1728,0
896,55015,1000000,4,0.2,0.5,0.0,8,35154,7096,4617,1909,6237,0
897,54079,1000000,3,0.3,0.9,0.0,8,29528,3838,4178,2848,13684,0
898,53791,10000000,4,1.8,4.3,0.0,8,37386,5789,3922,1837,4855,0
899,53142,1000000,3,0.5,1.1,0.0,8,27811,6397,5002,3188,10741,0
900,52940,5000000,3,0.2,0.6,0.0,8,31781,6806,3787,2298,8265,0
901,50867,5000000,3,3.1,6.9,0.0,8,28083,5616,3754,2763,10648,0
902,48198,500000,4,3.9,10.7,0.0,8,37036,5112,2158,1334,2556,0
903,48107,1000000,3,2.8,6.2,0.0,8,22453,6626,5140,2852,11033,0
904,47959,1000000,4,0.4,718.2,0.0,8,32842,6648,3169,1469,3829,0
905,47171,500000,4,0.2,0.3,0.0,8,37830,5098,1941,836,1463,0
906,46210,10000000,4,0.1,0.2,0.0,8,30610,6215,3317,1743,4323,0
907,45842,10000000,4,4.6,11.5,0.0,8,30296,3539,2428,2101,7475,0
908,45178,1000000,4,1.2,5.4,0.0,8,34403,2928,1619,1109,5117,0
909,45003,5000000,3,0.0,0.0,0.0,8,22326,4329,4399,2799,11148,0
910,43497,5000000,4,0.2,0.4,0.0,8,29234,4587,3328,1549,4797,0
911,43124,5000000,4,1.2,3.2,0.0,8,32760,3038,1928,1089,4307,0
912,42881,1000000,3,4.3,4.7,0.0,8,23820,6247,3976,2538,6297,0
913,42763,1000000,4,0.1,0.1,0.0,8,31694,3989,2779,1109,3189,0
914,41521,1000000,4,1.7,3.0,0.0,8,26336,6930,3484,1871,2897,0
915,40370,10000000,4,21.2,56.5,0.0,8,31297,3395,1483,1036,3157,0
916,40192,10000000,4,1.5,3.6,0.0,8,27089,2471,2044,1677,6908,0
917,38912,1000000,4,7.3,16.0,0.0,8,27999,5085,2443,1157,2226,0
918,37291,5000000,3,3.2,6.8,0.0,8,13975,3720,3521,3043,13030,0
919,36046,10000000,4,2.9,6.0,0.0,8,26252,3277,1873,886,3756,0
920,35324,1000000,4,1.3,3.0,0.0,8,24495,5029,2569,869,2359,0
921,34781,5000000,4,2.4,5.7,0.0,8,24705,4583,1947,838,2706,0
922,34434,1000000,4,0.4,1.0,0.0,8,23468,3894,2256,998,3814,0
923,34140,100000,4,768.5,6.7,1.49,8,29210,2774,718,429,1007,1
924,33173,1000000,4,0.8,1.9,0.0,8,26494,3628,1405,528,1116,0
925,32993,1000000,4,0.0,0.0,0.0,8,19715,5998,4988,849,1439,0
926,4876844,100000000,4,1.0,2.9,0.0,9,3641850,439299,231737,124487,439469,0
927,4467655,100000000,4,1.8,3.4,0.0,9,3390163,421521,211538,99383,345048,0
928,3222428,50000000,4,1.0,2.0,0.0,9,2556112,384991,149188,39049,93086,0
929,2941258,50000000,4,0.5,1.3,0.0,9,2267242,373376,152797,45384,102457,0
930,2514879,50000000,4,0.4,0.8,0.0,9,1916271,353214,112067,37981,95344,0
931,2301209,100000000,4,0.1,0.2,0.0,9,1810251,255614,102894,33835,98612,0
932,2151126,100000000,4,0.2,0.5,0.0,9,1461033,221781,145555,76086,246668,0
933,2107067,50000000,4,0.7,1.5,0.0,9,1424833,234631,132332,75143,240126,0
934,2065276,100000000,4,633.0,2.5,0.0,9,1558040,233777,105530,45513,122413,0
935,1951302,50000000,4,1.1,2.3,0.0,9,1406839,263363,115542,47833,117722,0
936,1713085,50000000,4,0.1,0.2,0.0,9,1268094,258390,86945,28762,70892,0
937,1704670,50000000,4,1.1,2.3,0.0,9,1254531,307541,79949,18011,44635,0
938,1701889,10000000,4,1.3,2.8,0.0,9,1416736,103007,67437,31868,82838,0
939,1652333,100000000,4,0.5,1.1,0.0,9,1199685,241711,99714,31883,79338,0
940,1561049,100000000,4,0.1,0.2,0.0,9,994338,242232,126119,51089,147270,0
941,1557099,100000000,4,1.0,2.4,0.0,9,1068366,190532,105960,50031,142208,0
942,1455893,100000000,4,142.6,0.8,0.0,9,1021457,195457,91530,41930,105517,0
943,1361162,10000000,4,134.8,269.5,0.0,9,873731,251904,104041,49104,82379,0
944,1265308,10000000,4,0.0,0.0,0.0,9,980240,108412,62854,22734,91066,0
945,1232582,50000000,4,0.1,0.3,0.0,9,905234,131252,71105,25952,99036,0
946,1210485,10000000,4,0.7,1.9,0.0,9,902546,176537,68702,19301,43397,0
947,1198499,10000000,3,0.1,0.2,0.0,9,569538,254994,163385,62002,148577,0
948,1160505,50000000,4,0.2,0.5,0.0,9,875961,158170,55526,20293,50553,0
949,1160229,10000000,4,1.0,2.1,0.0,9,809178,210244,67354,21742,51708,0
950,1110248,50000000,4,0.1,0.1,0.0,9,885876,116537,44258,14299,49275,0
951,1104361,50000000,4,0.5,0.9,0.0,9,788438,195027,60848,20236,39809,0
952,1065264,10000000,4,1.8,4.1,0.0,9,832411,119697,50381,20597,42175,0
953,1039836,10000000,4,2.3,4.9,0.0,9,736089,201323,65426,13651,23345,0
954,998983,5000000,4,0.0,0.0,0.0,9,931620,35619,10710,5345,15686,0
955,997666,10000000,3,0.0,0.0,0.0,9,515259,198338,117823,46204,120039,0
956,975608,10000000,4,0.0,0.0,0.0,9,611973,208216,82752,17876,54788,0
957,968677,100000000,3,0.7,1.7,0.0,9,586764,100779,77199,50085,153849,0
958,944709,10000000,4,1.3,2.7,0.0,9,643024,163847,53900,21376,62560,0
959,941228,10000000,4,0.1,0.4,0.0,9,622828,101496,47377,20562,148963,0
960,924459,100000000,4,0.0,0.1,0.0,9,691718,101102,57033,19277,55325,0
961,884220,50000000,4,0.2,0.5,0.0,9,672791,95015,36419,18973,61021,0
962,819672,10000000,4,0.2,0.4,0.0,9,633312,108225,42934,12432,22766,0
963,754345,10000000,4,1.3,2.7,0.0,9,516134,122842,56446,18848,40072,0
964,735564,10000000,4,0.7,1.4,0.0,9,586868,90997,26745,9261,21690,0
965,721199,10000000,4,0.0,0.0,0.0,9,600677,52736,26857,8992,31933,0
966,701845,50000000,4,0.0,0.1,0.0,9,539528,78197,35664,12690,35764,0
967,701221,10000000,4,6.8,13.1,0.0,9,519848,129208,34746,5986,11431,0
968,699239,10000000,4,0.0,0.0,0.0,9,458200,129823,50977,23198,37038,0
969,694965,100000000,4,0.8,1.9,0.0,9,468482,86334,53179,23037,63930,0
970,685364,10000000,4,169.9,0.0,0.0,9,463196,120923,48379,19969,32895,0
971,673835,10000000,4,0.1,0.1,0.0,9,500676,79495,36922,17243,39498,0
972,669939,10000000,4,0.0,0.1,0.0,9,535471,95701,22684,5194,10887,0
973,661430,100000000,4,0.2,0.5,0.0,9,422723,76767,53669,30462,77806,0
974,649024,100000000,4,1.0,2.2,0.0,9,442810,71356,41422,23585,69849,0
975,643644,10000000,4,0.2,0.3,0.0,9,389089,106228,67787,21747,58790,0
976,608546,50000000,4,0.6,1.4,0.0,9,404176,74546,44217,22786,62819,0
977,596554,10000000,4,0.2,0.4,0.0,9,411377,105903,41525,11585,26160,0
978,594490,10000000,3,0.1,0.3,0.0,9,332022,79166,56797,26915,99587,0
979,584124,10000000,4,0.1,0.2,0.0,9,458061,106350,10329,2675,6707,0
980,571570,50000000,4,0.0,0.0,0.0,9,383776,73557,55320,16169,42746,0
981,570345,50000000,4,0.0,0.0,0.0,9,420021,43026,30999,18902,57395,0
982,565614,50000000,4,0.1,0.3,0.0,9,429284,45646,29382,15814,45486,0
983,554434,10000000,4,6.3,13.3,0.0,9,474823,41233,15227,7257,15890,0
984,550425,10000000,4,0.1,251.7,0.0,9,357903,75666,39518,18329,59007,0
985,547548,10000000,4,1.1,2.5,0.0,9,389864,72820,30413,13849,40600,0
986,546820,50000000,3,0.0,0.1,0.0,9,300160,90111,49226,29196,78124,0
987,541211,50000000,4,1.0,2.1,0.0,9,380589,73442,37922,13378,35878,0
988,540007,50000000,4,444.6,0.0,0.0,9,387875,56186,34325,15360,46259,0
989,530612,50000000,4,0.4,0.8,0.0,9,342051,69406,45347,23688,50117,0
990,528900,5000000,4,0.1,0.1,0.0,9,374132,91668,41509,8309,13279,0
991,521894,10000000,4,5.8,13.3,0.0,9,355232,108346,38485,6823,13005,0
992,520896,50000000,4,0.5,1.1,0.0,9,367445,72031,23863,14116,43438,0
993,518428,10000000,4,0.0,353.1,0.0,9,358319,108094,26601,6815,18597,0
994,512643,10000000,4,3.2,6.7,0.0,9,357322,101120,28132,8286,17780,0
995,510656,10000000,4,0.1,0.2,0.0,9,337321,78723,33993,15936,44680,0
996,509754,10000000,4,0.1,0.2,0.0,9,373628,59435,26925,12778,36986,0
997,502640,10000000,4,0.3,0.5,0.0,9,399600,55407,20951,6877,19802,0
998,499265,10000000,4,3.6,6.7,0.0,9,408802,62489,14505,4285,9181,0
999,491439,50000000,4,0.1,0.2,0.0,9,318746,82552,32565,17102,40471,0
1000,490970,50000000,4,0.0,0.0,0.0,9,324781,38060,31659,22752,73715,0
1001,489067,10000000,4,0.6,1.3,0.0,9,325679,78321,33920,15720,35425,0
1002,485621,10000000,4,0.1,0.3,0.0,9,335295,44072,31284,17077,57890,0
1003,481615,10000000,4,6.2,12.0,0.0,9,412995,32366,11448,5054,19749,0
1004,470475,10000000,4,0.1,0.2,0.0,9,346937,60356,26756,10175,26247,0
1005,466759,10000000,4,0.1,0.2,0.0,9,332243,64131,29683,11306,29394,0
1006,464014,10000000,4,0.5,1.0,0.0,9,383178,42022,15107,6078,17626,0
1007,463260,50000000,4,752.0,0.9,0.0,9,294864,57247,41036,22447,47663,0
1008,462036,10000000,4,172.6,0.5,0.0,9,375734,64079,10145,3534,8542,0
1009,460315,5000000,4,28.9,113.2,0.0,9,361695,36463,18076,9353,34725,0
1010,459320,10000000,4,0.0,0.1,0.0,9,398796,37824,12018,3187,7492,0
1011,453317,10000000,4,0.2,0.4,0.0,9,311581,43790,31309,17438,49197,0
1012,451860,10000000,4,0.6,1.2,0.0,9,286839,63628,36663,17826,46901,0
1013,440665,10000000,4,0.0,0.1,0.0,9,355004,53499,15716,4832,11612,0
1014,420325,10000000,4,4.6,11.2,0.0,9,286657,61968,16908,13744,41045,0
1015,414811,50000000,4,3.2,8.3,0.0,9,307162,34076,23013,12619,37938,0
1016,414626,10000000,3,0.7,1.3,0.0,9,158839,88968,76250,27016,63551,0
1017,414430,10000000,4,3.0,4.9,0.0,9,272911,80283,31266,8726,21241,0
1018,407062,100000000,4,1862.1,4.5,0.0,9,273664,36549,24461,17968,54418,0
1019,403195,50000000,4,10.1,26.0,0.0,9,266695,39854,21493,15180,59970,0
1020,402599,10000000,4,0.0,0.0,0.0,9,262234,91540,27186,6527,15110,0
1021,398873,50000000,4,5.6,11.5,0.0,9,296810,44152,20472,10052,27385,0
1022,390519,100000000,4,0.0,0.1,0.0,9,304567,48911,16267,5635,15137,0
1023,384115,100000000,4,4.8,11.5,0.0,9,251975,39025,32327,17572,43213,0
1024,383236,1000000,4,0.0,0.0,0.0,9,232374,93919,40506,5918,10516,0
1025,377015,5000000,4,0.2,0.4,0.0,9,235595,67597,41877,12829,19115,0
1026,10188038,500000000,4,0.4,0.8,0.0,10,7148370,982941,607603,338715,1110407,0
1027,7580227,100000000,4,0.5,1.0,0.0,10,5426819,833452,446764,212143,661046,0
1028,6062833,100000000,4,0.3,0.5,0.0,10,4580870,581388,308448,145729,446396,0
1029,6062304,100000000,4,0.5,1.0,0.0,10,4307671,494396,337684,213487,709064,0
1030,4507290,100000000,4,0.6,1.2,0.0,10,2976966,514643,268717,148109,598854,0
1031,4476329,10000000,4,0.5,0.9,0.0,10,3458236,578619,178927,70721,189823,0
1032,3870456,100000000,4,476.9,0.0,0.0,10,2753918,362720,224963,101659,427194,0
1033,3612756,100000000,4,1.7,3.7,0.0,10,2691153,285485,166427,102619,367068,0
1034,2962468,100000000,4,0.3,0.6,0.0,10,2026065,303481,185693,93766,353461,0
1035,2490517,50000000,4,0.0,0.0,0.0,10,1948115,240253,105455,35448,161244,0
1036,2221285,100000000,4,2.1,5.2,0.0,10,1465135,236017,175065,95923,249142,0
1037,2178512,100000000,4,1.1,2.2,0.0,10,1657717,195050,96043,49967,179732,0
1038,2098500,50000000,4,1.6,3.9,0.0,10,1605688,206562,85294,41374,159579,0
1039,1848375,100000000,4,0.0,0.1,0.0,10,1329863,205301,132256,43679,137274,0
1040,1781295,100000000,4,0.4,0.8,0.0,10,1265382,217366,109868,48019,140658,0
1041,1618815,50000000,4,0.6,1.3,0.0,10,1155090,182406,92136,41613,147567,0
1042,1555939,50000000,4,0.1,0.1,0.0,10,1139740,156099,102803,35354,121941,0
1043,1516846,10000000,4,0.4,1.0,0.0,10,1152122,186491,65330,26060,86840,0
1044,1471540,50000000,4,0.0,0.1,0.0,10,1103560,147780,89499,34002,96697,0
1045,1463492,50000000,4,0.9,1.8,0.0,10,1021504,128346,80074,47703,185862,0
1046,1446238,100000000,4,1.7,3.4,0.0,10,1019029,156704,82624,42277,145602,0
1047,1415418,50000000,4,1.7,3.9,0.0,10,1121337,131782,63322,26528,72448,0
1048,1364891,50000000,4,0.3,0.6,0.0,10,987702,138417,74068,34247,130454,0
1049,1297337,50000000,4,0.1,0.1,0.0,10,882650,139848,108195,37861,128780,0
1050,1219865,10000000,4,0.9,2.0,0.0,10,977765,57490,37557,29620,117431,0
1051,1119800,10000000,4,0.1,0.1,0.0,10,766370,143156,72043,32718,105511,0
1052,1109569,100000000,4,0.3,0.6,0.0,10,742944,103484,76033,43585,143520,0
1053,1100694,10000000,4,0.2,0.5,0.0,10,852081,98112,45985,22363,82151,0
1054,924106,100000000,4,0.0,0.1,0.0,10,730045,75692,31616,15958,70792,0
1055,899964,10000000,4,0.0,0.1,0.0,10,697561,102310,38678,12966,48447,0
1056,895239,100000000,4,0.2,0.3,0.0,10,654777,72957,50728,25429,91346,0
1057,883713,100000000,4,0.4,0.7,0.0,10,608166,77193,53756,31658,112937,0
1058,851386,100000000,4,2.8,6.1,0.0,10,571641,72556,52594,32840,121752,0
1059,849317,50000000,4,2.0,4.4,0.0,10,648879,74627,40777,19697,65335,0
1060,847739,10000000,4,0.4,0.8,0.0,10,679415,70848,31619,14431,51423,0
1061,780720,10000000,4,3.5,7.1,0.0,10,606816,109933,25613,9960,28395,0
1062,735549,50000000,4,0.1,0.3,0.0,10,460052,86095,52656,28914,107829,0
1063,725551,100000000,4,0.7,1.4,0.0,10,496433,68326,45697,27638,87455,0
1064,724219,100000000,4,2.6,5.4,0.0,10,475029,61493,45462,32518,109714,0
1065,713034,100000000,4,0.0,0.0,0.0,10,522787,91183,38976,16107,43979,0
1066,707004,100000000,4,1.1,1.8,0.0,10,482641,95941,40848,21087,66484,0
1067,699303,100000000,4,0.5,1.1,0.0,10,489279,54309,38758,26555,90399,0
1068,682124,10000000,4,0.3,0.6,0.0,10,453061,80544,39897,20677,87942,0
1069,654903,50000000,4,0.8,1.6,0.0,10,461668,51409,36192,23100,82532,0
1070,635669,10000000,4,0.4,0.9,0.0,10,460158,67101,32671,16480,59256,0
1071,630972,10000000,4,2577.7,0.1,0.0,10,481202,56421,42201,12617,38529,0
1072,619717,10000000,4,0.8,1.6,0.0,10,401585,96573,51712,19328,50516,0
1073,611439,10000000,4,0.1,0.3,0.0,10,434421,43582,29734,17096,86604,0
1074,577754,10000000,4,0.5,1.2,0.0,10,376407,52922,35205,20118,93100,0
1075,577204,50000000,4,0.1,0.3,0.0,10,394695,73535,38827,17438,52706,0
1076,559157,5000000,4,4.8,10.1,0.0,10,316445,126788,52399,16657,46866,0
1077,558462,50000000,4,4.4,10.1,0.0,10,409899,59875,29768,13972,44946,0
1078,549630,50000000,4,1.2,6004.4,0.0,10,393808,49832,30694,18239,57054,0
1079,513359,10000000,4,0.1,0.2,0.0,10,381134,53191,30260,10921,37851,0
1080,508166,10000000,4,3.8,8.3,0.0,10,347602,56038,29117,15751,59656,0
1081,503879,50000000,4,2.2,4.8,0.0,10,353448,45177,27142,16616,61494,0
1082,466732,10000000,4,1911.2,0.7,0.0,10,336061,39673,28533,15418,47044,0
1083,464730,10000000,4,0.2,0.4,0.0,10,319470,50982,29079,14405,50792,0
1084,445846,50000000,3,0.4,0.9,0.0,10,285166,27715,26917,17393,88652,0
1085,430550,10000000,4,0.1,0.1,0.0,10,307739,37469,23631,10253,51456,0
1086,426246,10000000,4,0.0,0.1,0.0,10,318741,42714,23542,8562,32684,0
1087,423514,10000000,4,0.1,0.1,0.0,10,344341,24227,18914,8328,27702,0
1088,419851,10000000,4,0.5,1.2,0.0,10,290888,48697,26055,13626,40581,0
1089,414528,10000000,4,2.9,6.1,0.0,10,299949,40563,19993,11806,42214,0
1090,412241,10000000,4,0.2,0.5,0.0,10,293823,54620,19629,10774,33392,0
1091,407995,10000000,4,1.0,2.2,0.0,10,292915,34591,21351,12771,46364,0
1092,388123,10000000,3,2.1,3.6,0.0,10,239417,39274,26384,14498,68548,0
1093,386128,100000000,4,0.2,0.4,0.0,10,271644,62888,20719,7568,23306,0
1094,380849,50000000,4,0.4,1.0,0.0,10,279496,26949,18355,13010,43037,0
1095,365649,50000000,4,3.0,6.2,0.0,10,274639,29909,17419,10119,33559,0
1096,350249,10000000,4,0.0,0.1,0.0,10,245205,41967,25508,10219,27348,0
1097,349416,50000000,4,1.7,3.7,0.0,10,231141,28660,20999,12988,55625,0
1098,337837,10000000,4,0.1,0.1,0.0,10,252463,22906,15694,7422,39350,0
1099,334069,5000000,4,0.1,0.1,0.0,10,281200,18440,11203,5233,17991,0
1100,330803,50000000,4,1702.5,1.0,0.0,10,221973,28431,18870,14015,47511,0
1101,318474,10000000,4,4.5,9.5,0.0,10,247670,29860,12956,6483,21502,0
1102,315332,10000000,4,0.1,0.1,0.0,10,220091,34171,21601,9439,30027,0
1103,312017,10000000,4,0.7,1.5,0.0,10,243498,24007,14244,6807,23458,0
1104,310589,10000000,4,1358.2,2716.5,0.0,10,194685,34134,34664,14257,32847,0
1105,309939,50000000,4,0.0,0.1,0.0,10,229692,23871,20238,7614,28521,0
1106,308362,50000000,3,12602.3,0.7,0.0,10,193275,23624,19047,12841,59571,0
1107,308175,10000000,4,4.3,8.9,0.0,10,250319,27125,11685,4164,14880,0
1108,303913,10000000,4,1.6,3.3,0.0,10,231744,30895,11515,6286,23470,0
1109,297540,50000000,4,1.1,2.4,0.0,10,211343,28447,16325,9459,31964,0
1110,294097,10000000,4,0.9,1.9,0.0,10,204804,38467,16732,8251,25840,0
1111,293250,50000000,4,0.1,0.1,0.0,10,185690,27186,24754,13961,41656,0
1112,288581,10000000,4,0.0,0.1,0.0,10,210942,32264,18169,8367,18836,0
1113,285522,10000000,4,0.0,0.0,0.0,10,209958,33351,13914,7231,21065,0
1114,284892,10000000,4,0.2,0.4,0.0,10,200210,26653,16790,8834,32403,0
1115,284450,100000000,4,0.0,0.0,0.0,10,193903,44509,15942,8162,21931,0
1116,283592,10000000,4,0.1,0.3,0.0,10,202256,41141,15071,5659,19463,0
1117,283127,10000000,4,0.0,0.0,0.0,10,205997,35802,17941,5514,17871,0
1118,282063,10000000,4,0.0,0.1,0.0,10,196521,27353,21819,7648,28719,0
1119,281848,10000000,4,0.1,0.3,0.0,10,195324,38185,19227,7908,21201,0
1120,281769,5000000,4,0.3,0.5,0.0,10,254416,15454,4525,2037,5334,0
1121,280605,10000000,4,0.0,0.0,0.0,10,188046,26619,24879,10609,30449,0
1122,280243,50000000,4,2.5,7.7,0.0,10,185132,28854,20922,12717,32615,0
1123,273705,10000000,4,0.6,1.2,0.0,10,188833,29440,18180,8800,28450,0
1124,272721,10000000,3,0.1,0.2,0.0,10,138933,22589,21760,15256,74182,0
1125,271610,10000000,4,0.2,0.5,0.0,10,189031,25182,16212,9799,31385,0
1126,3170246,100000000,4,1.2,2.6,0.0,11,2243868,353334,177840,84957,310244,0
1127,3126336,10000000,4,1.0,2.2,0.0,11,2238968,619905,158568,31102,77791,0
1128,3105550,50000000,4,1.0,2.2,0.0,11,2198832,316726,170928,91523,327539,0
1129,2651253,100000000,4,965.5,0.9,0.0,11,1680842,413154,208205,85294,263756,0
1130,2650536,10000000,4,310.2,0.0,0.0,11,2095096,255252,104890,41878,153418,0
1131,2374967,10000000,4,0.5,1.1,0.0,11,2064105,201653,57358,16101,35746,0
1132,1710440,50000000,4,0.3,0.6,0.0,11,1087749,274134,110300,55130,183125,0
1133,1493476,10000000,4,0.0,0.1,0.0,11,916890,183806,125740,58046,208992,0
1134,1475764,10000000,4,0.5,1.1,0.0,11,1086953,195959,71146,29100,92603,0
1135,1424463,10000000,4,0.3,0.7,0.0,11,956315,167107,59800,39531,201708,0
1136,1363701,10000000,4,1.9,3.9,0.0,11,919549,170753,64585,40706,168105,0
1137,1344784,10000000,4,0.0,0.0,0.0,11,1206706,67528,25703,9641,35204,0
1138,1311495,50000000,4,4.7,10.6,0.0,11,1036086,107619,27019,15790,124979,0
1139,1193550,10000000,3,0.0,0.1,0.0,11,647071,155738,105157,55935,229646,0
1140,1130195,10000000,4,0.0,0.1,0.0,11,818101,125808,56193,24736,105355,0
1141,937102,10000000,3,17025.0,0.1,0.0,11,528121,88140,76690,38540,205610,0
1142,914423,10000000,4,1.1,2.1,0.0,11,724371,77956,31174,14878,66041,0
1143,910412,10000000,4,805.0,1.9,0.0,11,670148,130534,48808,15731,45189,0
1144,898630,5000000,4,0.5,1.1,0.0,11,695406,145860,32061,8424,16877,0
1145,887982,10000000,4,1.0,2.3,0.0,11,696871,118164,38208,9681,25056,0
1146,880376,10000000,4,718.4,0.1,0.0,11,614909,107710,53285,23653,80817,0
1147,825827,10000000,4,0.2,0.3,0.0,11,527674,133134,51983,25372,87661,0
1148,765525,10000000,3,0.1,0.2,0.0,11,453136,95928,54217,30073,132169,0
1149,758951,10000000,4,1.9,3.4,0.0,11,567469,91326,36052,16252,47850,0
1150,732372,10000000,4,0.0,0.1,0.0,11,518719,100269,41029,18510,53842,0
1151,705186,10000000,4,1.1,2.6,0.0,11,454148,86399,47648,25101,91887,0
1152,687214,10000000,4,0.9,2.1,0.0,11,499705,95877,32128,12298,47204,0
1153,667980,50000000,4,4.1,8.2,0.0,11,460506,85901,42462,21843,57264,0
1154,666442,10000000,4,0.4,1.0,0.0,11,444291,75196,44462,23315,79175,0
1155,644802,10000000,4,2.8,6.2,0.0,11,513670,65317,20016,8845,36952,0
1156,632926,10000000,4,2.4,5.1,0.0,11,453861,77554,38017,16740,46752,0
1157,612572,10000000,4,0.0,0.0,0.0,11,412770,54959,36609,16832,91399,0
1158,597411,10000000,4,0.5,0.8,0.0,11,369440,84434,46630,23095,73810,0
1159,594700,10000000,4,0.8,1.7,0.0,11,450467,74953,23915,12207,33155,0
1160,572359,5000000,4,1.0,2.0,0.0,11,382074,94649,39645,14670,41319,0
1161,569162,10000000,3,1.4,3.4,0.0,11,368097,37701,30963,21455,110945,0
1162,558013,5000000,4,0.1,0.1,0.0,11,395714,92102,34423,9208,26564,0
1163,556175,5000000,4,0.1,0.2,0.0,11,407087,51168,33739,13251,50928,0
1164,553833,10000000,3,1.6,3.3,0.0,11,281401,76022,42302,49578,104528,0
1165,547967,10000000,4,4.9,8.5,0.0,11,378419,75961,30792,13367,49425,0
1166,538673,10000000,4,4.4,9.4,0.0,11,438556,47143,16802,7679,28491,0
1167,524462,10000000,4,0.0,0.0,0.0,11,345143,79079,36211,14372,49655,0
1168,518434,5000000,4,0.0,0.2,0.0,11,324117,79581,37928,14686,62119,0
1169,516540,5000000,4,0.1,0.1,0.0,11,394331,59201,21524,8270,33211,0
1170,514023,10000000,4,0.0,0.0,0.0,11,316918,65188,37865,15150,78899,0
1171,513522,100000000,4,2.3,5.0,0.0,11,361164,40462,27413,18348,66132,0
1172,504968,10000000,4,0.6,1.6,0.0,11,439888,10359,8749,6339,39629,0
1173,503826,50000000,3,0.4,0.8,0.0,11,289263,38358,35005,28656,112541,0
1174,503643,10000000,4,0.2,0.5,0.0,11,335781,35856,25781,18113,88109,0
1175,494101,10000000,4,1.0,1.9,0.0,11,368890,45042,22761,12633,44773,0
1176,490756,10000000,4,1.8,4.4,0.0,11,337466,79331,29799,12802,31356,0
1177,487726,10000000,4,2.5,6.5,0.0,11,332747,53409,25678,14273,61616,0
1178,474469,5000000,4,0.0,0.0,0.0,11,321723,49520,26088,13438,63697,0
1179,467209,10000000,4,0.2,0.4,0.0,11,317412,59037,28604,14791,47363,0
1180,464201,1000000,4,5.0,9.0,0.0,11,259353,118989,61879,10613,13364,0
1181,463791,10000000,4,0.2,0.3,0.0,11,263061,79102,55812,17289,48525,0
1182,459149,10000000,4,0.0,0.1,0.0,11,316149,44853,25447,15270,57427,0
1183,433067,5000000,4,18.2,32.4,0.0,11,350218,32714,13508,7151,29474,0
1184,423249,1000000,4,0.6,0.9,0.0,11,238516,97107,57024,11426,19174,0
1185,418992,10000000,4,2.1,4.4,0.0,11,285038,47406,26709,15312,44525,0
1186,414159,10000000,4,1.5,3.2,0.0,11,338835,41096,13688,5042,15496,0
1187,413804,50000000,4,0.2,0.1,0.0,11,284653,55093,21603,11546,40907,0
1188,409319,5000000,4,2.5,4.9,0.0,11,307543,66903,17200,5137,12533,0
1189,406697,5000000,4,0.3,0.7,0.0,11,288242,61345,21730,8612,26766,0
1190,398449,10000000,4,0.0,0.0,0.0,11,272495,43944,26106,11438,44464,0
1191,395402,5000000,4,0.7,1.5,0.0,11,289124,43996,17756,9241,35283,0
1192,393787,10000000,4,1.5,3.3,0.0,11,259564,52468,24049,11536,46167,0
1193,393183,10000000,4,0.1,0.1,0.0,11,284293,47015,22967,9199,29707,0
1194,386821,5000000,4,3.3,6.0,0.0,11,334309,31876,8338,3281,9016,0
1195,382714,10000000,4,0.0,0.1,0.0,11,270191,47911,18236,9425,36949,0
1196,380907,10000000,4,0.1,0.0,0.0,11,266068,49217,22446,8261,34913,0
1197,373793,10000000,3,0.3,0.7,0.0,11,215662,37106,26813,17118,77092,0
1198,371730,5000000,4,0.0,0.0,0.0,11,227672,52313,24459,13912,53372,0
1199,371644,5000000,4,0.3,0.7,0.0,11,239729,60883,26866,13154,31009,0
1200,368592,10000000,4,1.1,2.3,0.0,11,237377,44513,23085,13663,49952,0
1201,366341,1000000,4,0.0,0.0,0.0,11,249430,55784,25086,9129,26910,0
1202,364398,1000000,4,5.3,10.4,0.0,11,301336,35050,10864,4773,12372,0
1203,362652,5000000,4,1.1,2.2,0.0,11,305733,35318,11138,3945,6515,0
1204,361987,10000000,3,0.4,0.7,0.0,11,229584,33544,22596,15280,60981,0
1205,358237,5000000,4,7.1,16.5,0.0,11,314420,16260,7209,4146,16201,0
1206,357910,5000000,4,8.5,20.8,0.0,11,295735,34364,16188,4354,7266,0
1207,351850,10000000,4,0.3,0.6,0.0,11,221235,57641,24241,12944,35787,0
1208,340801,5000000,4,1.3,2.8,0.0,11,259507,39684,15411,4777,21419,0
1209,334232,100000000,4,5.4,10.8,0.0,11,233444,25663,16683,13001,45439,0
1210,332270,5000000,4,8.8,28.9,0.0,11,248965,33709,15915,6697,26981,0
1211,328319,10000000,4,1.7,3.3,0.0,11,239892,45313,15416,5865,21830,0
1212,327986,10000000,4,0.3,0.7,0.0,11,217841,36644,22216,12391,38891,0
1213,324192,5000000,4,2.2,4.9,0.0,11,235330,29057,16734,9420,33648,0
1214,320930,5000000,4,0.7,1.3,0.0,11,256626,25415,10304,6376,22207,0
1215,317023,10000000,4,0.1,0.2,0.0,11,217629,30073,17135,10530,41653,0
1216,313301,10000000,4,2.4,5.2,0.0,11,204972,37865,25592,12761,32108,0
1217,311126,1000000,4,725.3,5.1,0.99,11,222761,32884,15877,9298,30304,1
1218,302340,5000000,4,0.1,0.1,0.0,11,214245,39705,19137,8414,20836,0
1219,300651,5000000,3,0.0,0.0,0.0,11,159232,45041,29484,12679,54213,0
1220,297438,1000000,4,0.0,0.0,0.0,11,139743,90255,40327,10029,17082,0
1221,293945,1000000,3,0.1,0.2,0.0,11,146469,58422,50871,12202,25978,0
1222,284337,10000000,4,311.5,1.4,0.0,11,185851,22546,15187,11038,49712,0
1223,281603,5000000,3,0.1,0.2,0.0,11,176808,25306,16764,9471,53251,0
1224,281148,1000000,4,0.0,0.0,0.0,11,208788,37624,15607,3864,15262,0
1225,280566,10000000,4,1.3,2.9,0.0,11,199651,24809,14347,9953,31803,0
1226,5541105,100000000,4,0.2,0.4,0.0,12,3457057,660545,377283,215335,830882,0
1227,5213933,100000000,4,0.2,0.4,0.0,12,3484074,871560,349321,144772,364203,0
1228,3622549,100000000,4,1.1,2.3,0.0,12,2310125,623432,309451,110606,268932,0
1229,3519405,100000000,4,0.4,0.9,0.0,12,2613482,492087,188184,62933,162717,0
1230,3420152,10000000,4,0.3,0.5,0.0,12,2526660,558262,157102,54319,123807,0
1231,2763325,50000000,4,1208.1,1.3,0.0,12,2087931,284544,127895,62539,200412,0
1232,2233572,10000000,4,0.2,0.4,0.0,12,1444449,444807,212428,52454,79432,0
1233,1917203,50000000,4,2.6,5.6,0.0,12,1469488,149675,82882,47743,167413,0
1234,1652561,50000000,4,0.8,1.7,0.0,12,1072746,189663,106587,61626,221936,0
1235,1583634,10000000,4,0.3,0.5,0.0,12,1126714,261874,87807,28370,78865,0
1236,1487303,50000000,4,0.1,0.1,0.0,12,940898,164202,112902,56945,212354,0
1237,1421165,100000000,4,0.0,0.0,0.0,12,1149212,147633,52590,18948,52780,0
1238,1389243,10000000,4,0.4,0.8,0.0,12,924315,243628,84511,40231,96556,0
1239,1367006,10000000,4,0.3,0.5,0.0,12,896829,241396,115240,30409,83131,0
1240,1353453,50000000,4,1.8,4.1,0.0,12,1133700,105496,37830,18205,58220,0
1241,1319464,10000000,4,6.7,15.7,0.0,12,1040495,82055,43016,28773,125122,0
1242,1264769,100000000,4,4.2,9.4,0.0,12,910338,109308,62930,39377,142813,0
1243,1243436,10000000,4,0.9,1.7,0.0,12,1039153,84922,45291,20019,54048,0
1244,1218642,50000000,4,7.3,11.4,0.0,12,852661,133280,68279,38685,125734,0
1245,1216891,10000000,4,1.1,2.5,0.0,12,881238,188929,87539,20875,38307,0
1246,1210916,100000000,4,0.9,1.9,0.0,12,861406,85432,59428,42751,161897,0
1247,1160646,10000000,4,7.2,15.9,0.0,12,896264,175664,49198,12920,26597,0
1248,1055152,10000000,4,1.8,4.3,0.0,12,761330,192559,59534,15423,26303,0
1249,1053098,50000000,4,1.2,3.1,0.0,12,627464,220283,89694,43213,72441,0
1250,1004304,10000000,4,0.2,0.4,0.0,12,655793,114334,65822,34380,133973,0
1251,999846,10000000,4,0.3,0.7,0.0,12,640733,109253,68841,37389,143629,0
1252,976872,10000000,4,0.0,0.0,0.0,12,631576,161006,82647,34326,67315,0
1253,961095,50000000,4,6.2,14.1,0.0,12,722284,86105,41201,23345,88157,0
1254,955109,10000000,4,0.4,0.8,0.0,12,734006,130386,50647,13323,26745,0
1255,945807,10000000,4,1.6,3.7,0.0,12,716734,128526,45012,17630,37902,0
1256,931389,50000000,4,0.0,0.1,0.0,12,623758,97783,81972,36797,91077,0
1257,913357,100000000,4,0.9,1.7,0.0,12,657566,71214,44473,29538,110563,0
1258,882690,10000000,4,2.4,5.9,0.0,12,701501,81667,37640,16884,44995,0
1259,880659,10000000,3,0.4,0.9,0.0,12,499070,136217,78571,40680,126119,0
1260,841432,10000000,4,1.3,2.6,0.0,12,605637,115698,51236,20680,48178,0
1261,813912,10000000,4,0.3,0.8,0.0,12,617744,106689,43975,14804,30698,0
1262,796153,50000000,4,3.2,7.6,0.0,12,546289,80821,46463,27262,95315,0
1263,765250,50000000,4,0.3,0.7,0.0,12,515008,89015,53159,25335,82731,0
1264,758948,100000000,4,2.9,6.0,0.0,12,514724,70767,45153,28608,99693,0
1265,740483,10000000,4,0.1,516.9,0.0,12,448604,136222,66882,28655,60118,0
1266,734122,10000000,4,0.5,2.4,0.0,12,518421,102421,43823,18579,50876,0
1267,709426,10000000,4,0.2,0.4,0.0,12,494190,133523,50535,9803,21372,0
1268,708938,100000000,3,0.1,0.2,0.0,12,442574,63971,56129,29012,117248,0
1269,704695,100000000,4,4.0,8.6,0.0,12,532809,56092,29099,17362,69331,0
1270,683592,10000000,4,0.3,0.7,0.0,12,462013,70983,41810,22014,86769,0
1271,671111,10000000,4,0.1,0.2,0.0,12,464483,85302,54588,19605,47130,0
1272,664240,10000000,4,0.2,0.4,0.0,12,545194,52362,27910,10232,28539,0
1273,651287,50000000,4,0.2,0.6,0.0,12,470567,56357,36998,18998,68364,0
1274,648290,10000000,4,0.9,1.7,0.0,12,485935,70484,36921,15854,39093,0
1275,643497,10000000,4,1.7,3.6,0.0,12,481585,60163,28340,15861,57546,0
1276,641259,50000000,4,4.4,9.2,0.0,12,451269,73006,40541,19087,57353,0
1277,640012,10000000,4,0.5,1.0,0.0,12,405565,72000,44204,24153,94088,0
1278,624634,50000000,3,0.3,0.7,0.0,12,378516,68203,42677,29034,106202,0
1279,620435,10000000,4,0.2,0.5,0.0,12,395363,65435,37895,23622,98118,0
1280,609547,10000000,4,15.8,64.3,0.0,12,479497,56553,26852,12237,34405,0
1281,607477,50000000,4,0.4,0.6,0.0,12,428415,70221,44605,18880,45354,0
1282,604400,10000000,4,0.0,0.0,0.0,12,458884,69985,33454,11517,30557,0
1283,593269,10000000,4,3.9,8.6,0.0,12,459452,47555,22115,13771,50373,0
1284,572365,10000000,4,0.1,0.1,0.0,12,464939,68293,16484,6583,16064,0
1285,555485,5000000,4,0.5,1.0,0.0,12,394139,85652,31238,12687,31767,0
1286,552049,10000000,4,0.1,0.1,0.0,12,427302,50508,31366,12153,30718,0
1287,543795,10000000,4,0.5,481.5,0.0,12,347069,84658,45262,20402,46402,0
1288,502248,10000000,4,3.4,6.4,0.0,12,372965,50894,23747,11770,42870,0
1289,501382,50000000,3,0.0,0.0,0.0,12,249117,39864,38725,33320,140354,0
1290,495240,10000000,4,0.1,0.3,0.0,12,315630,70759,43914,18950,45984,0
1291,490931,10000000,4,0.5,1.1,0.0,12,336153,55303,30560,16791,52121,0
1292,482519,10000000,4,0.3,0.6,0.0,12,325745,62787,34580,15140,44265,0
1293,469556,10000000,4,2.2,4.9,0.0,12,319312,49141,28495,16144,56462,0
1294,461516,10000000,4,4.7,8.2,0.0,12,328638,72163,33136,9419,18158,0
1295,460207,10000000,4,0.6,1.4,0.0,12,290673,63017,32312,15512,58692,0
1296,459870,10000000,4,1.0,1.9,0.0,12,296424,48785,31277,19678,63704,0
1297,452939,10000000,4,1.1,1.4,0.0,12,312223,51549,35188,15361,38614,0
1298,447230,10000000,4,0.4,0.9,0.0,12,295736,49354,27584,15716,58838,0
1299,444868,1000000,4,0.3,0.7,0.0,12,360479,53149,17468,4630,9141,0
1300,440328,100000000,3,1.9,5.8,0.0,12,270134,48303,34507,23777,63605,0
1301,438497,10000000,4,1.6,2.9,0.0,12,279057,59004,33758,16184,50492,0
1302,436857,10000000,4,1.8,3.6,0.0,12,284626,70011,30778,15633,35807,0
1303,425415,10000000,4,0.0,0.0,0.0,12,256882,80382,35672,14906,37571,0
1304,424389,50000000,4,0.2,0.5,0.0,12,322660,60867,23726,5834,11299,0
1305,423346,10000000,4,0.3,0.6,0.0,12,289749,67679,29166,11427,25323,0
1306,421173,10000000,4,1.7,3.6,0.0,12,313187,34205,17716,10470,45593,0
1307,419193,5000000,4,0.8,1.7,0.0,12,356875,30456,11327,5569,14964,0
1308,416810,10000000,3,0.3,709.0,0.0,12,247167,51343,29577,18589,70132,0
1309,408005,10000000,4,0.4,1.0,0.0,12,268617,36817,24125,15405,63038,0
1310,404733,10000000,4,3.2,6.4,0.0,12,269192,76249,27786,10798,20707,0
1311,402206,10000000,4,0.2,0.4,0.0,12,265159,57516,29317,14948,35263,0
1312,392903,5000000,4,0.8,2.1,0.0,12,321942,39408,14389,6023,11138,0
1313,392700,10000000,4,0.0,0.1,0.0,12,272947,43110,26799,11177,38665,0
1314,390139,50000000,4,2.2,4.8,0.0,12,273404,29817,20720,14467,51727,0
1315,385639,10000000,4,0.0,0.0,0.0,12,252021,52499,29098,14284,37735,0
1316,382940,5000000,4,0.1,0.0,0.0,12,242138,74428,36624,8536,21211,0
1317,382650,10000000,4,3.8,8.0,0.0,12,293144,50979,17901,5934,14691,0
1318,379532,10000000,4,1.2,2.4,0.0,12,247748,63796,29275,12104,26607,0
1319,377596,10000000,4,0.1,0.2,0.0,12,252277,51899,23109,11199,39109,0
1320,376552,10000000,4,0.1,0.2,0.0,12,271141,45288,20340,10435,29346,0
1321,371385,10000000,4,0.8,1.6,0.0,12,293088,33781,16211,7196,21108,0
1322,370084,10000000,4,0.0,0.1,0.0,12,235199,38028,24286,16630,55938,0
1323,369586,10000000,4,1.0,2.0,0.0,12,267726,42019,23238,11274,25327,0
1324,367616,10000000,4,0.0,0.0,0.0,12,230926,47877,27285,10760,50765,0
1325,365531,10000000,4,0.0,0.1,0.0,12,260286,71588,20104,3725,9827,0
1326,21632735,500000000,4,1.2,630.8,0.0,13,16281475,2268294,1017204,425693,1640067,0
1327,13385786,100000000,4,0.0,0.1,0.0,13,10086735,1454500,646066,266864,931618,0
1328,6856324,100000000,4,0.5,1.1,0.0,13,4551071,837222,464347,222878,780804,0
1329,6633030,50000000,4,3.3,7.4,0.0,13,4847463,639852,315999,158995,670718,0
1330,4721659,100000000,4,1.5,3.2,0.0,13,3588283,753250,202057,60167,117899,0
1331,3181731,100000000,4,7.4,11.5,0.0,13,2157840,364339,220366,106843,332341,0
1332,3161007,50000000,4,8.3,19.5,0.0,13,2235530,376586,198148,88356,262385,0
1333,2999325,50000000,4,0.2,0.5,0.0,13,2136445,388689,166512,69482,238194,0
1334,2968290,50000000,4,0.8,1.7,0.0,13,2084392,342113,160793,76200,304791,0
1335,2935299,10000000,4,0.1,0.3,0.0,13,2170300,459849,176480,39384,89283,0
1336,2651825,100000000,4,1.9,4.0,0.0,13,1882062,372889,168158,63964,164749,0
1337,2284366,10000000,4,0.3,0.7,0.0,13,1748328,338980,111056,26543,59457,0
1338,2243246,50000000,4,0.4,1.0,0.0,13,1598826,206648,115761,61612,260397,0
1339,2010215,10000000,4,0.8,1.8,0.0,13,1481891,233514,97167,41065,156575,0
1340,1993891,100000000,4,1.9,4.2,0.0,13,1422477,174753,112505,61988,222165,0
1341,1990469,10000000,4,0.4,0.8,0.0,13,1210213,428240,150477,55096,146441,0
1342,1853563,100000000,4,3.0,6.4,0.0,13,1366393,212579,111087,40535,122966,0
1343,1753364,50000000,4,1.4,3.1,0.0,13,1167484,151506,87424,53241,293706,0
1344,1687621,50000000,4,0.5,1.0,0.0,13,1189980,220383,122089,42638,112529,0
1345,1631259,50000000,4,0.0,0.1,0.0,13,1139374,167320,93301,35705,195558,0
1346,1477201,100000000,4,0.1,0.2,0.0,13,1020041,186164,121604,38112,111278,0
1347,1375149,10000000,4,0.0,0.0,0.0,13,956797,208855,96014,28267,85213,0
1348,1269327,50000000,4,0.5,1.1,0.0,13,847859,130863,81191,43650,165762,0
1349,1245413,10000000,4,0.0,0.0,0.0,13,851499,131004,60713,38549,163645,0
1350,1240874,50000000,4,1.0,2.6,0.0,13,884186,178064,72646,24750,81225,0
1351,1223330,100000000,4,0.7,1.5,0.0,13,779223,139861,91243,54031,158969,0
1352,1173980,10000000,4,3.0,5.3,0.0,13,785369,145269,73509,34370,135461,0
1353,1171064,100000000,4,0.1,0.3,0.0,13,850318,152322,74213,25060,69149,0
1354,1090511,10000000,4,3.1,5.6,0.0,13,735323,149631,71632,31036,102887,0
1355,1028795,10000000,4,0.3,0.8,0.0,13,663622,128424,66081,35654,135011,0
1356,1013587,50000000,4,0.5,0.9,0.0,13,807463,105621,40973,16139,43389,0
1357,955057,100000000,4,0.1,0.3,0.0,13,627644,108404,73468,34815,110723,0
1358,911473,10000000,4,5546.9,1.9,0.0,13,632151,98242,55088,28447,97544,0
1359,907290,50000000,3,0.5,1.1,0.0,13,510826,90630,72909,43412,189511,0
1360,898768,10000000,4,0.1,0.2,0.0,13,620533,93797,48107,21740,114589,0
1361,882096,50000000,4,0.3,0.8,0.0,13,665550,89779,45159,21600,60005,0
1362,830720,50000000,4,1.1,2.0,0.0,13,553923,84564,54753,30030,107447,0
1363,800381,50000000,4,1.8,3.7,0.0,13,533959,91057,51104,23326,100933,0
1364,791739,50000000,4,0.3,0.6,0.0,13,563091,61090,40304,25448,101803,0
1365,764961,10000000,4,0.1,0.1,0.0,13,529693,100865,47391,16992,70017,0
1366,763809,10000000,4,0.2,0.5,0.0,13,469929,152955,62157,21875,56891,0
1367,741513,10000000,4,0.6,1.5,0.0,13,535641,102194,40413,14977,48285,0
1368,735171,50000000,3,0.3,0.6,0.0,13,437502,68332,53638,34036,141662,0
1369,731621,10000000,4,0.3,0.5,0.0,13,482387,85634,50657,24070,88870,0
1370,709937,10000000,4,0.1,0.2,0.0,13,528783,71826,42348,13419,53559,0
1371,706812,10000000,4,0.0,0.0,0.0,13,535210,69973,33539,12723,55364,0
1372,701459,10000000,3,0.4,0.9,0.0,13,413726,88509,60945,31050,107227,0
1373,643614,50000000,4,3.0,7.0,0.0,13,406123,98989,47508,21946,69046,0
1374,609649,10000000,4,0.1,0.1,0.0,13,400158,69557,39896,19853,80183,0
1375,609296,50000000,4,3.3,8.1,0.0,13,432282,94840,40134,12280,29758,0
1376,606187,10000000,4,0.2,0.6,0.0,13,430874,67636,29880,16510,61285,0
1377,574059,10000000,4,1.0,2.2,0.0,13,411806,56784,33689,16799,54978,0
1378,560180,10000000,4,0.0,0.0,0.0,13,367273,81332,43836,18658,49078,0
1379,535002,50000000,4,0.1,0.2,0.0,13,386021,57440,25220,13740,52580,0
1380,525279,50000000,4,0.6,1.6,0.0,13,330363,53611,38069,23007,80227,0
1381,523056,10000000,3,0.6,1.5,0.0,13,299326,64282,33360,20314,105772,0
1382,498485,50000000,4,2.3,4.6,0.0,13,332313,51049,33983,17175,63963,0
1383,498367,10000000,4,0.0,0.1,0.0,13,360612,57971,33439,10326,36018,0
1384,496476,50000000,4,10.8,27.3,0.0,13,350549,65548,33569,11808,35000,0
1385,457537,10000000,4,0.1,0.0,0.0,13,271186,85186,31744,14167,55251,0
1386,456387,10000000,4,121.6,0.1,0.0,13,298062,52142,31748,14031,60401,0
1387,455149,10000000,4,0.4,0.8,0.0,13,300993,36779,23933,16155,77287,0
1388,452591,10000000,4,4.0,9.2,0.0,13,305232,80398,36170,10098,20691,0
1389,448601,10000000,4,0.0,0.0,0.0,13,302450,61581,37015,13418,34135,0
1390,446911,10000000,4,0.1,0.3,0.0,13,272730,64568,43604,17995,48011,0
1391,444198,10000000,4,0.2,0.5,0.0,13,320223,52837,27370,12160,31606,0
1392,428647,5000000,4,3.9,8.6,0.0,13,296744,90844,23382,5097,12578,0
1393,419893,10000000,4,0.2,0.4,0.0,13,260223,87017,43054,10604,18993,0
1394,413619,5000000,4,0.0,0.0,0.0,13,343505,38787,12196,3675,15453,0
1395,402390,10000000,4,0.5,1.5,0.0,13,270001,58862,32812,11496,29216,0
1396,393293,10000000,4,0.1,0.2,0.0,13,253594,58402,33719,10816,36759,0
1397,384096,10000000,4,0.1,0.3,0.0,13,243744,57619,35647,12745,34338,0
1398,379119,10000000,3,1.8,3.4,0.0,13,229185,46052,27425,14472,61982,0
1399,375089,10000000,4,0.9,1.8,0.0,13,246164,59003,27066,9842,33013,0
1400,368562,10000000,4,0.4,0.9,0.0,13,243719,38393,23013,13210,50224,0
1401,362339,10000000,4,0.5,1.1,0.0,13,259234,34428,21411,10471,36793,0
1402,356039,10000000,4,0.0,0.0,0.0,13,258057,39470,21786,8007,28716,0
1403,346518,10000000,4,2.7,5.6,0.0,13,230058,62135,19781,8999,25543,0
1404,338202,10000000,4,0.1,0.2,0.0,13,244122,35967,19367,8170,30574,0
1405,335702,5000000,4,0.2,0.4,0.0,13,217218,48828,21665,9633,38355,0
1406,327608,10000000,4,9750.2,1.3,0.0,13,210984,46272,24348,11236,34766,0
1407,327381,10000000,4,0.0,0.1,0.0,13,209651,37816,25667,8499,45745,0
1408,312534,10000000,4,0.2,0.6,0.0,13,247349,22693,14726,7338,20426,0
1409,305429,1000000,4,2.9,6.0,0.0,13,241707,50043,9331,1728,2617,0
1410,301571,10000000,4,5.3,11.1,0.0,13,197259,39792,18432,9051,37034,0
1411,288957,10000000,4,0.0,0.0,0.0,13,175653,33972,27958,14074,37298,0
1412,276833,10000000,4,0.5,1.1,0.0,13,188798,28592,20486,9394,29561,0
1413,276082,10000000,4,0.3,0.6,0.0,13,195262,46016,14447,5826,14527,0
1414,272380,10000000,3,0.7,1.5,0.0,13,154533,37974,24205,12601,43063,0
1415,269937,5000000,4,0.1,0.0,0.0,13,190570,40822,19536,5036,13970,0
1416,266048,10000000,4,0.5,1.1,0.0,13,182023,29897,18752,9196,26178,0
1417,265926,10000000,4,0.0,0.0,0.0,13,149106,49116,30239,11901,25562,0
1418,264519,10000000,4,1.5,3.2,0.0,13,184046,26125,16655,9001,28690,0
1419,261197,10000000,4,0.2,0.4,0.0,13,173684,24880,16850,9080,36700,0
1420,258454,10000000,4,0.1,0.1,0.0,13,165941,39223,24908,6873,21507,0
1421,254590,5000000,4,435.4,0.4,0.0,13,216840,19662,6088,2999,8998,0
1422,252130,5000000,4,0.0,0.0,0.0,13,198907,28125,12033,3178,9884,0
1423,251087,10000000,4,0.1,0.2,0.0,13,173365,29455,16365,7119,24782,0
1424,245430,10000000,4,0.2,0.5,0.0,13,157055,35355,16787,8030,28200,0
1425,243214,10000000,2,0.0,0.0,0.0,13,84461,12107,13275,8344,125025,0
1426,55766763,500000000,4,0.3,1.0,0.0,14,43346128,5404966,2276203,971321,3768141,0
1427,30852360,100000000,4,0.4,0.8,0.0,14,21009004,3645468,1655906,777067,3764913,0
1428,6548519,100000000,4,2.0,4.2,0.0,14,4667558,783541,364754,141812,590852,0
1429,6055738,50000000,4,0.1,0.2,0.0,14,4401189,803632,324777,122057,404080,0
1430,5164307,100000000,4,0.6,1.2,0.0,14,3744157,524307,276843,139857,479140,0
1431,5013543,100000000,4,0.4,0.7,0.0,14,3490753,444434,253620,123462,701271,0
1432,3687571,10000000,4,0.6,1.2,0.0,14,2764963,535971,217151,53862,115622,0
1433,3671736,100000000,4,1.0,2.3,0.0,14,2525303,392631,182624,110955,460219,0
1434,3342006,50000000,4,0.4,1.0,0.0,14,2555996,356028,147355,62745,219879,0
1435,3120219,10000000,4,0.1,0.3,0.0,14,2040765,579613,287144,79355,133340,0
1436,2317500,50000000,4,0.0,0.1,0.0,14,1492317,268330,147956,76316,332578,0
1437,2120051,10000000,4,0.3,0.9,0.0,14,1672347,210475,88357,39902,108966,0
1438,1997631,100000000,4,2.3,4.6,0.0,14,1594877,141385,68934,38963,153468,0
1439,1823903,50000000,4,2.7,6.4,0.0,14,1293252,279123,89442,34210,127873,0
1440,1727242,10000000,4,0.2,41869.7,0.0,14,1317062,146795,69614,36254,157515,0
1441,1709263,10000000,4,0.0,0.0,0.0,14,1217904,157175,101282,35373,197526,0
1442,1651636,10000000,4,1.5,3.3,0.0,14,1165118,185134,73380,37330,190672,0
1443,1526081,10000000,4,691.5,0.8,0.0,14,985247,263163,104963,40419,132287,0
1444,1492534,50000000,3,0.0,0.0,0.0,14,787791,132570,128828,58422,384920,0
1445,1451408,50000000,4,0.2,0.3,0.0,14,1018102,214995,74627,35751,107932,0
1446,1319150,50000000,4,0.1,0.1,0.0,14,814958,193275,100281,44780,165854,0
1447,1311005,50000000,4,0.9,2.3,0.0,14,963379,139126,67624,29664,111211,0
1448,1296343,10000000,4,8.4,24.2,0.0,14,897519,136143,68889,36300,157490,0
1449,1272102,10000000,4,0.2,0.3,0.0,14,912259,165799,66623,29432,97986,0
1450,1225321,10000000,4,0.0,0.1,0.0,14,914224,141171,64228,22751,82945,0
1451,1006180,10000000,4,2.1,4.7,0.0,14,598228,221366,107170,25486,53928,0
1452,993926,10000000,4,5.3,15.4,0.0,14,832782,86268,34499,9882,30492,0
1453,990104,50000000,4,2.2,4.3,0.0,14,678367,108437,40951,23586,138761,0
1454,981368,10000000,4,0.7,1.4,0.0,14,661812,170284,55103,24310,69855,0
1455,929429,50000000,4,2.5,6.0,0.0,14,613067,155707,66444,21163,73046,0
1456,905021,50000000,4,0.0,0.0,0.0,14,608721,105113,66943,23677,100565,0
1457,897313,50000000,3,0.2,0.4,0.0,14,491163,71390,71929,34966,227863,0
1458,896950,10000000,4,0.4,0.7,0.0,14,614582,116548,53505,23239,89073,0
1459,874080,50000000,4,0.0,0.0,0.0,14,555162,84313,59108,29384,146111,0
1460,853029,10000000,4,0.2,0.4,0.0,14,587382,144144,56887,19392,45222,0
1461,830008,10000000,3,0.0,0.0,0.0,14,464657,63877,52953,38624,209896,0
1462,828238,10000000,4,0.0,0.0,0.0,14,577865,84762,49003,21305,95300,0
1463,796172,10000000,4,0.3,0.8,0.0,14,583685,128382,39518,12969,31616,0
1464,780016,10000000,4,1.4,3.1,0.0,14,603243,59946,33610,18683,64532,0
1465,762869,10000000,4,0.6,0.7,0.0,14,466955,107353,49516,27844,111198,0
1466,757664,10000000,4,0.1,0.1,0.0,14,472981,111421,60179,22066,91014,0
1467,722453,10000000,3,0.0,0.1,0.0,14,351940,72277,81782,35723,180728,0
1468,696205,10000000,4,0.0,0.1,0.0,14,435793,80415,54019,22820,103155,0
1469,676749,10000000,4,0.3,0.6,0.0,14,422859,100905,53376,21444,78163,0
1470,635321,10000000,4,0.1,0.2,0.0,14,433140,77119,45368,18233,61458,0
1471,602797,5000000,4,0.1,0.2,0.0,14,433538,59595,35035,13775,60851,0
1472,569186,10000000,3,0.0,0.0,0.0,14,304445,59056,36586,24957,144139,0
1473,568510,5000000,4,0.5,0.9,0.0,14,392543,103364,34155,12562,25883,0
1474,562637,10000000,4,0.5,1.1,0.0,14,434058,81401,22158,8120,16898,0
1475,544851,10000000,3,0.3,0.6,0.0,14,292552,45804,41854,27186,137452,0
1476,524835,5000000,4,0.1,0.2,0.0,14,341458,71787,26215,12587,72786,0
1477,501511,10000000,4,0.4,0.8,0.0,14,320724,112757,39353,9751,18924,0
1478,496584,5000000,4,0.2,0.4,0.0,14,335371,87414,43397,10356,20044,0
1479,495783,5000000,4,1.9,3.6,0.0,14,316232,65590,33735,15012,65212,0
1480,494150,10000000,4,0.6,1.3,0.0,14,362231,60537,23406,12899,35075,0
1481,486733,5000000,4,0.1,0.2,0.0,14,340025,50808,29083,12367,54448,0
1482,485836,5000000,4,0.0,0.0,0.0,14,383318,46683,22748,7652,25432,0
1483,457050,10000000,4,0.2,0.4,0.0,14,314731,62310,26605,11998,41403,0
1484,447416,5000000,4,0.0,0.0,0.0,14,300485,52687,22901,11410,59931,0
1485,422883,10000000,4,0.1,0.3,0.0,14,294392,36040,18450,9900,64100,0
1486,421429,1000000,4,0.2,0.7,0.0,14,251910,93594,43204,11421,21298,0
1487,420713,5000000,4,0.3,0.7,0.0,14,322394,53126,16505,8143,20542,0
1488,419861,5000000,4,3.1,5.9,0.0,14,311407,63346,24981,7050,13074,0
1489,411981,10000000,4,997.8,2.2,0.0,14,322419,39157,18834,8957,22612,0
1490,410590,1000000,4,1.2,2.3,0.0,14,296444,71858,22980,5513,13792,0
1491,403144,10000000,4,0.8,1.5,0.0,14,276595,47615,22779,12123,44030,0
1492,399706,5000000,4,0.9,1.8,0.0,14,312504,38206,18255,10389,20349,0
1493,398705,10000000,4,1.7,3.2,0.0,14,246663,68774,30684,11394,41188,0
1494,398659,1000000,4,0.0,0.0,0.0,14,235304,104269,43047,6038,9998,0
1495,389030,5000000,4,0.1,0.2,0.0,14,252459,76356,37873,8746,13594,0
1496,386714,5000000,4,0.1,0.2,0.0,14,273466,47670,23645,8428,33503,0
1497,384682,1000000,4,0.0,0.0,0.0,14,318938,29917,10238,4649,20937,0
1498,369562,10000000,4,8.4,1019.6,0.0,14,289130,24934,10808,7421,37267,0
1499,366186,5000000,3,0.1,0.3,0.0,14,198511,55685,35432,18508,58047,0
1500,362447,10000000,4,0.4,1.0,0.0,14,244893,44617,27630,11580,33724,0
1501,360216,10000000,4,1.5,6.0,0.0,14,247952,47567,23604,9260,31830,0
1502,347182,10000000,3,1.1,2.3,0.0,14,231474,20632,16026,8993,70055,0
1503,346748,10000000,3,0.3,0.6,0.0,14,206791,30098,24620,15284,69953,0
1504,340261,10000000,4,0.1,0.1,0.0,14,220141,42941,24403,10283,42491,0
1505,338283,5000000,4,0.5,1.1,0.0,14,231892,42256,19681,10169,34282,0
1506,333150,10000000,4,0.4,0.8,0.0,14,260113,26447,13258,7791,25539,0
1507,331561,10000000,3,0.3,0.6,0.0,14,187712,43663,22820,13795,63568,0
1508,331178,5000000,3,0.5,1.0,0.0,14,190352,35496,22340,15112,67875,0
1509,330020,5000000,4,0.6,1.2,0.0,14,204234,51551,18934,7902,47396,0
1510,324991,10000000,4,0.7,1.6,0.0,14,214459,52688,31882,10897,15062,0
1511,319868,10000000,4,0.1,0.3,0.0,14,233685,22290,15190,9040,39660,0
1512,318917,10000000,4,0.4,0.8,0.0,14,230933,39731,14966,7652,25632,0
1513,318209,10000000,4,1.1,2.4,0.0,14,250224,25778,13297,6409,22498,0
1514,308480,10000000,4,4.2,9.5,0.0,14,213598,54991,19626,7023,13240,0
1515,305701,10000000,4,0.0,0.0,0.0,14,197476,38262,22343,10982,36636,0
1516,297722,10000000,4,0.0,0.1,0.0,14,190869,41354,20387,9399,35710,0
1517,293059,10000000,4,0.1,490.9,0.0,14,203722,40179,20334,7460,21362,0
1518,289334,5000000,4,0.1,0.2,0.0,14,179988,58617,19476,8269,22981,0
1519,285623,10000000,4,0.3,0.6,0.0,14,200973,25295,15672,9782,33899,0
1520,280494,1000000,4,0.1,0.3,0.0,14,209506,23609,14537,5804,27036,0
1521,278920,5000000,4,61.7,0.0,0.0,14,218262,37400,13806,3115,6334,0
1522,276534,1000000,4,0.0,0.1,0.0,14,224905,19994,9987,3809,17836,0
1523,274882,5000000,4,2.9,7.7,0.0,14,223344,23286,10822,4325,13103,0
1524,272243,10000000,3,0.4,1.2,0.0,14,170316,12438,9587,6677,73223,0
1525,272201,5000000,4,0.0,0.0,0.0,14,191275,34133,16626,7165,23000,0
1526,7334155,100000000,4,0.4,0.8,0.0,15,4938889,1123053,442298,187183,642730,0
1527,4145089,100000000,4,1329.5,3.9,0.0,15,3257745,500071,128569,58420,200281,0
1528,2614691,10000000,4,0.0,0.1,0.0,15,1793644,502914,188160,46183,83787,0
1529,1183690,50000000,4,0.0,0.0,0.0,15,782536,200566,91641,35146,73798,0
1530,1098826,10000000,4,4.8,12.0,0.0,15,849618,127466,39973,19883,61883,0
1531,837271,10000000,4,4.9,9.3,0.0,15,657949,100330,27744,11337,39908,0
1532,688137,10000000,4,2.7,6.3,0.0,15,599123,45187,15423,7552,20849,0
1533,649922,10000000,4,0.0,0.1,0.0,15,559733,39931,17721,8106,24428,0
1534,423164,10000000,4,995.6,0.5,0.0,15,265001,75368,36981,15446,30364,0
1535,406864,1000000,4,0.0,0.0,0.0,15,292046,61432,25546,7248,20589,0
1536,379611,5000000,4,0.3,0.6,0.0,15,310072,33669,17359,5129,13379,0
1537,357020,10000000,4,69928.5,1.6,0.0,15,230895,52861,25746,10562,36953,0
1538,344975,10000000,4,1.4,2.8,0.0,15,235266,57540,20735,8377,23054,0
1539,334779,10000000,4,0.0,0.0,0.0,15,195219,69220,29656,12503,28179,0
1540,330992,10000000,4,0.0,0.0,0.0,15,242869,28097,16707,7814,35503,0
1541,289425,5000000,4,0.1,0.3,0.0,15,165966,89531,24385,3626,5914,0
1542,282642,10000000,3,0.1,0.3,0.0,15,139977,55995,27747,17549,41371,0
1543,279589,1000000,4,0.0,0.1,0.0,15,188748,52259,24863,4386,9331,0
1544,216643,10000000,4,0.0,0.0,0.0,15,154643,26117,15302,5847,14732,0
1545,211433,10000000,4,1.4,2.8,0.0,15,139578,35991,14066,6178,15616,0
1546,189577,10000000,4,0.5,1.3,0.0,15,136572,37927,7274,2381,5421,0
1547,181338,10000000,4,0.0,0.0,0.0,15,118311,29600,14815,4971,13639,0
1548,172772,10000000,4,6.7,16.9,0.0,15,121153,22621,9172,5335,14488,0
1549,172586,10000000,4,0.0,0.0,0.0,15,119604,23373,13270,6435,9902,0
1550,169372,10000000,4,0.0,0.0,0.0,15,117777,24617,11618,3899,11458,0
1551,166714,1000000,4,1.8,3.9,0.0,15,147906,7246,4950,2017,4592,0
1552,166160,5000000,4,1.2,2.4,0.0,15,117768,29132,11301,2815,5141,0
1553,166022,10000000,4,0.2,0.4,0.0,15,98721,21044,15401,8503,22350,0
1554,163509,5000000,4,1.1,2.5,0.0,15,127718,9963,4952,2919,17955,0
1555,163390,1000000,4,0.0,0.0,0.0,15,137315,9324,6925,2488,7335,0
1556,157252,5000000,4,0.0,0.1,0.0,15,108158,19571,11615,4656,13250,0
1557,155287,5000000,4,0.4,0.7,0.0,15,112167,19274,7592,3761,12490,0
1558,152329,1000000,4,0.4,0.9,0.0,15,96618,31508,11662,4834,7705,0
1559,152275,10000000,3,0.0,0.0,0.0,15,74829,18205,16867,8518,33854,0
1560,151512,10000000,4,0.3,0.8,0.0,15,101790,20627,10902,4892,13299,0
1561,148685,10000000,4,0.0,0.1,0.0,15,98320,22627,10278,4849,12608,0
1562,143211,5000000,4,0.0,0.0,0.0,15,91487,28262,11460,3963,8036,0
1563,142859,10000000,4,0.0,0.0,0.0,15,92830,17284,10837,5878,16027,0
1564,134845,5000000,4,9.2,22.3,0.0,15,121513,7113,2095,1062,3059,0
1565,130488,1000000,4,0.0,0.0,0.0,15,91988,14909,7949,3029,12609,0
1566,124963,5000000,3,0.1,0.3,0.0,15,73341,15419,11944,5991,18265,0
1567,120834,1000000,4,0.0,0.0,0.0,15,85619,16288,6771,2856,9297,0
1568,116248,500000,4,2.7,8.1,0.0,15,84945,7865,4824,2342,16269,0
1569,115459,10000000,4,1.8,3.9,0.0,15,89613,12485,5377,2266,5715,0
1570,115024,5000000,4,2391.1,0.0,0.0,15,83883,12372,6365,2165,10237,0
1571,114009,1000000,3,0.0,0.1,0.0,15,57009,13840,11204,5312,26642,0
1572,113934,5000000,3,185.9,0.3,0.0,15,54008,28525,12990,7682,10725,0
1573,111963,5000000,4,1.4,3.0,0.0,15,76183,14445,9849,3788,7696,0
1574,109743,5000000,4,0.5,1.2,0.0,15,66254,28161,8615,2413,4297,0
1575,107915,1000000,4,3.0,7.1,0.0,15,84991,8110,4065,2072,8675,0
1576,107674,1000000,4,0.2,0.4,0.0,15,68905,19658,8051,3286,7771,0
1577,106920,10000000,3,0.0,0.0,0.0,15,53824,8887,5436,3650,35121,0
1578,98012,1000000,3,0.0,0.0,0.0,15,46788,24667,11345,4424,10785,0
1579,96670,5000000,3,1.3,2.1,0.0,15,49679,10309,8727,4675,23277,0
1580,94777,1000000,3,0.1,0.3,0.0,15,31828,18525,15729,9987,18705,0
1581,86335,500000,4,1.1,2.3,0.0,15,72958,6777,1971,1139,3487,0
1582,82509,1000000,4,0.3,0.8,0.0,15,69752,8274,2295,608,1577,0
1583,77624,1000000,4,0.0,0.1,0.0,15,70298,2451,1265,717,2890,0
1584,77391,1000000,4,0.0,0.0,0.0,15,46468,15506,6715,2504,6196,0
1585,76857,1000000,4,0.1,0.1,0.0,15,55447,12867,2797,1049,4695,0
1586,76445,1000000,4,0.5,1.1,0.0,15,47739,8784,4895,2592,12433,0
1587,75729,5000000,4,9.1,25.6,0.0,15,49778,13930,5241,2208,4569,0
1588,75712,500000,4,0.7,1.4,1.99,15,56454,12628,3284,1088,2256,1
1589,75135,5000000,4,41.3,235.8,0.0,15,45559,12199,6161,3189,8025,0
1590,72097,1000000,3,28062.9,9.8,0.0,15,28045,12708,3730,3681,23930,0
1591,67251,1000000,4,78.6,157.2,0.0,15,52444,3270,2133,1286,8115,0
1592,66599,10000000,4,0.1,0.1,0.0,15,44206,15727,4436,799,1428,0
1593,65681,5000000,4,0.0,0.0,0.0,15,41290,8609,5553,1967,8260,0
1594,65504,5000000,4,3.4,7.4,0.0,15,42321,11158,5329,1793,4901,0
1595,64624,5000000,3,0.0,0.1,0.0,15,24061,16120,9210,4560,10670,0
1596,62720,1000000,4,8.6,22.9,0.0,15,45054,8178,4563,1465,3458,0
1597,62009,5000000,3,1.7,4.0,0.0,15,32499,9654,6416,3396,10041,0
1598,61000,1000000,4,1.0,2.5,0.0,15,44911,7894,2864,1337,3992,0
1599,60074,10000000,4,0.8,1.9,0.0,15,39186,7122,4624,2447,6692,0
1600,57663,1000000,4,0.0,0.1,0.0,15,35727,8353,4790,2305,6486,0
1601,57326,1000000,4,0.5,1.2,0.0,15,43019,4258,2199,1249,6598,0
1602,56774,100000,4,0.0,0.0,0.0,15,50520,2542,1988,445,1276,0
1603,55313,1000000,3,0.2,0.5,0.0,15,24360,4660,2947,2499,20844,0
1604,54183,5000000,4,0.5,1.4,0.0,15,41626,3708,2734,1491,4622,0
1605,51951,1000000,4,3914.8,0.6,0.0,15,35876,6791,3549,1463,4270,0
1606,50815,10000000,3,0.0,0.0,0.0,15,25762,4974,5094,2567,12416,0
1607,50002,500000,4,0.3,0.7,0.0,15,41823,4249,1669,589,1669,0
1608,49748,5000000,4,0.1,0.2,0.0,15,31389,6665,4407,2148,5136,0
1609,48813,5000000,4,1.1,2.3,0.0,15,32011,7057,3881,2000,3862,0
1610,47912,500000,4,0.0,0.0,0.0,15,40057,4661,2300,347,545,0
1611,46162,5000000,4,1.0,1.8,0.0,15,28793,7910,3795,1568,4094,0
1612,45788,1000000,4,0.0,0.0,0.0,15,24332,13290,4866,939,2358,0
1613,45359,1000000,4,0.4,0.8,0.0,15,30760,4580,3296,1991,4730,0
1614,45126,500000,4,954.5,4.2,0.0,15,38933,3912,1284,378,617,0
1615,45047,1000000,4,0.2,0.4,0.0,15,28329,8653,3367,1209,3487,0
1616,44566,1000000,3,1.4,3.2,0.0,15,24007,8544,4678,1903,5431,0
1617,44016,1000000,4,0.0,0.0,0.0,15,33405,4766,2253,857,2732,0
1618,43149,1000000,4,0.8,1.9,0.0,15,27059,7925,3273,1626,3263,0
1619,42776,500000,4,0.6,1.6,0.0,15,35857,3867,1053,685,1312,0
1620,42517,1000000,4,0.0,0.0,0.0,15,24332,8047,3069,1099,5968,0
1621,41756,500000,4,0.0,0.0,0.0,15,26434,10274,3777,419,849,0
1622,41520,1000000,4,0.0,0.0,0.0,15,28452,8981,2107,669,1308,0
1623,40744,1000000,4,0.1,0.1,0.0,15,28555,5809,2539,1169,2669,0
1624,40228,1000000,4,0.0,0.0,0.0,15,31598,3138,1614,767,3109,0
1625,38376,1000000,4,1.7,3.3,0.0,15,29341,5231,1617,559,1627,0
1626,2418119,10000000,4,1.9,4.4,0.0,16,2115189,109073,68740,31263,93851,0
1627,2250585,10000000,4,0.1,0.2,0.0,16,1679256,349509,110139,33769,77909,0
1628,1885400,100000000,4,1.5,3.4,0.0,16,1457939,204104,82766,37713,102876,0
1629,1722914,50000000,4,0.0,0.1,0.0,16,971880,411449,149162,67898,122523,0
1630,1227499,50000000,4,0.4,1.0,0.0,16,874832,188710,81957,24555,57442,0
1631,1179329,50000000,4,0.3,0.6,0.0,16,827203,212916,72158,20014,47036,0
1632,989128,10000000,4,1.4,3.1,0.0,16,822940,98085,27173,10857,30072,0
1633,973750,50000000,4,1.3,3.1,0.0,16,782878,86362,36481,20294,47732,0
1634,959675,10000000,4,0.0,0.0,0.0,16,567896,293661,71260,10616,16239,0
1635,812635,10000000,4,0.9,2.0,0.0,16,696255,44418,29406,11114,31439,0
1636,776334,10000000,4,0.3,0.7,0.0,16,646022,57146,31706,10542,30916,0
1637,749320,5000000,4,0.4,0.8,0.0,16,626300,43123,34484,11904,33506,0
1638,736769,10000000,4,0.0,0.1,0.0,16,448241,128403,56855,32637,70630,0
1639,671436,5000000,4,0.1,0.3,0.0,16,519890,94490,35754,7146,14154,0
1640,644092,50000000,4,0.0,0.0,0.0,16,438288,122199,48502,10315,24785,0
1641,619037,10000000,4,0.1,0.3,0.0,16,372307,186153,34938,8682,16954,0
1642,594298,50000000,4,0.0,0.0,0.0,16,351126,133461,52620,18611,38479,0
1643,512584,10000000,4,0.0,0.0,0.0,16,423301,51998,16672,5227,15383,0
1644,501384,50000000,4,0.0,0.0,0.0,16,366058,57001,26960,10931,40431,0
1645,496119,50000000,3,0.1,0.2,0.0,16,272448,47916,39085,30303,106365,0
1646,487582,10000000,4,9.5,23.0,0.0,16,412226,28805,13965,6683,25900,0
1647,476458,10000000,4,0.8,1.6,0.0,16,349671,71362,32006,8438,14979,0
1648,469540,10000000,4,0.1,0.3,0.0,16,290381,116449,28401,11911,22396,0
1649,455543,10000000,4,0.1,0.3,0.0,16,278658,96142,40301,11592,28847,0
1650,455543,10000000,4,0.1,0.3,0.0,16,261241,79874,29387,6949,13159,0
1651,447182,10000000,4,0.2,0.4,0.0,16,268217,99646,32509,13708,33099,0
1652,444744,5000000,4,0.1,0.3,0.0,16,278942,118805,37241,3989,5764,0
1653,436327,10000000,4,3.1,7.2,0.0,16,395758,20443,5961,3503,10659,0
1654,427255,10000000,4,0.8,1.8,0.0,16,339689,43523,20765,6855,16421,0
1655,414385,10000000,4,0.2,0.4,0.0,16,263839,60130,32687,15192,42536,0
1656,390612,50000000,4,0.1,0.1,0.0,16,278658,96142,40301,11592,28847,0
1657,390612,50000000,4,0.1,0.1,0.0,16,261241,79874,29387,6949,13159,0
1658,390247,10000000,4,0.3,0.8,0.0,16,294829,41379,21513,10462,22062,0
1659,385276,10000000,3,0.3,0.6,0.0,16,177110,86666,32643,15452,73403,0
1660,383907,10000000,4,0.5,1.1,0.0,16,235989,89750,31642,9154,17370,0
1661,373807,10000000,4,0.2,0.4,0.0,16,278606,40890,19026,8084,27200,0
1662,362929,10000000,4,0.0,0.1,0.0,16,275235,47874,18870,5187,15761,0
1663,362457,10000000,3,38.5,40.8,0.0,16,191463,65275,29507,22567,53642,0
1664,356922,10000000,4,0.1,0.2,0.0,16,220533,74021,26076,9155,27135,0
1665,354330,5000000,4,0.3,0.7,0.0,16,254242,54793,18181,5871,21241,0
1666,327444,10000000,4,0.0,0.1,0.0,16,284875,15522,10304,3358,13383,0
1667,321011,10000000,4,0.1,0.3,0.0,16,259952,33889,10369,4149,12649,0
1668,316607,10000000,4,0.7,1.6,0.0,16,237255,54313,12947,3620,8468,0
1669,313263,10000000,4,1.4,3.0,0.0,16,280133,16345,6318,2661,7803,0
1670,304117,10000000,4,0.7,1.5,0.0,16,177133,67223,25574,10696,23488,0
1671,293234,5000000,4,0.0,0.0,0.0,16,174650,58124,28261,10792,21405,0
1672,290063,10000000,4,1.3,2.7,0.0,16,247415,22317,7612,3036,9680,0
1673,287827,10000000,4,0.1,0.2,0.0,16,188715,59303,19724,5646,14436,0
1674,283889,5000000,4,0.0,0.0,0.0,16,194268,61126,18046,3469,6978,0
1675,277485,10000000,4,0.3,0.6,0.0,16,224023,28333,9358,4014,11754,0
1676,264230,10000000,4,0.4,1.1,0.0,16,217546,20368,8725,4167,13422,0
1677,248190,1000000,4,5.7,11.4,0.0,16,220987,10593,4765,2431,9412,0
1678,245709,10000000,4,0.6,1.4,0.0,16,206426,17793,7608,4503,9376,0
1679,236235,10000000,4,4.2,8.8,0.0,16,186167,30988,8397,2702,7978,0
1680,235887,1000000,4,0.4,0.9,0.0,16,185227,31473,10830,2645,5709,0
1681,232803,5000000,4,1.9,3.7,0.0,16,175261,35702,14082,3142,4614,0
1682,228204,10000000,4,0.2,0.5,0.0,16,181563,21290,9942,4038,11368,0
1683,221349,10000000,3,0.1,0.3,0.0,16,113346,23864,14334,9889,59914,0
1684,218894,5000000,4,0.9,1.9,0.0,16,180588,21920,8357,2413,5614,0
1685,218842,10000000,4,541.1,7.2,0.0,16,130283,43254,23231,8317,13755,0
1686,214916,5000000,4,0.6,1.3,0.0,16,161430,31740,8811,3932,9000,0
1687,214864,10000000,4,0.2,0.4,0.0,16,132364,28059,18579,9050,26810,0
1688,214313,10000000,4,17.1,5556.2,0.0,16,189623,16387,4835,935,2530,0
1689,210662,10000000,3,1646.0,2.7,0.0,16,84777,34401,27058,17819,46604,0
1690,191924,10000000,4,0.9,2.3,0.0,16,154792,16507,5190,2903,12529,0
1691,182995,1000000,4,1.9,3.3,0.0,16,129657,29055,10347,3745,10188,0
1692,182761,10000000,4,1.4,2.8,0.0,16,127393,20564,11388,5948,17466,0
1693,181110,10000000,4,2.6,5.7,0.0,16,142345,22175,8955,2286,5347,0
1694,178241,10000000,4,0.6,1.2,0.0,16,117919,40925,10450,2802,6142,0
1695,170069,1000000,4,0.1,0.2,0.0,16,121027,17716,9108,5598,16616,0
1696,169669,1000000,4,15.1,23.0,0.0,16,112145,39957,13125,1904,2536,0
1697,161543,5000000,4,0.0,0.1,0.0,16,131821,16783,6607,2394,3934,0
1698,161284,10000000,4,1.0,2.2,0.0,16,106127,23103,11207,5583,15262,0
1699,161284,10000000,4,1.0,2.2,0.0,16,120322,18644,5765,1708,3417,0
1700,160717,5000000,4,0.1,0.2,0.0,16,130759,11569,5899,3304,9183,0
1701,159344,5000000,4,0.0,0.0,0.0,16,81269,41668,14268,5012,17124,0
1702,157519,5000000,4,0.9,1.4,0.0,16,95422,29899,11554,6611,14031,0
1703,157049,1000000,4,3.6,8.3,0.0,16,115329,28558,7955,1715,3489,0
1704,153454,1000000,4,0.6,1.3,0.0,16,129103,9202,6664,2607,5875,0
1705,153087,5000000,4,0.2,0.5,0.0,16,120977,15730,6931,2476,6971,0
1706,151046,1000000,4,0.1,0.2,0.0,16,124092,10387,7555,2178,6832,0
1707,150279,5000000,4,3.3,5.9,0.0,16,121012,19182,3828,1578,4677,0
1708,149858,10000000,4,0.0,0.1,0.0,16,106127,23103,11207,5583,15262,0
1709,149858,10000000,4,0.0,0.1,0.0,16,120322,18644,5765,1708,3417,0
1710,149553,1000000,4,0.0,0.1,0.0,16,108634,29499,8257,1406,1755,0
1711,149422,5000000,4,0.2,0.5,0.0,16,88307,24693,12946,6798,16675,0
1712,146848,1000000,4,0.2,0.3,0.0,16,115040,22564,3627,1508,4107,0
1713,143930,5000000,4,0.0,0.0,0.0,16,94662,31667,11131,2545,3923,0
1714,136542,5000000,4,0.0,0.0,0.0,16,82242,30159,18219,2815,3104,0
1715,130077,1000000,4,0.1,0.1,0.0,16,107379,11378,3489,2769,5059,0
1716,129132,10000000,4,0.1,0.2,0.0,16,87481,19612,7874,3114,11048,0
1717,127293,10000000,4,0.0,0.0,0.0,16,88424,9776,7448,5279,16363,0
1718,127030,10000000,4,0.3,0.8,0.0,16,107638,9411,3632,1626,4720,0
1719,126774,5000000,4,0.0,0.1,0.0,16,91833,23213,6258,1839,3628,0
1720,124219,1000000,4,0.0,0.0,0.0,16,94486,19855,5828,1249,2799,0
1721,123095,1000000,4,0.1,0.2,0.0,16,97069,17257,5147,1266,2354,0
1722,121222,10000000,4,4.6,10.4,0.0,16,74343,25022,11196,3811,6848,0
1723,120533,1000000,4,0.0,0.0,0.0,16,74096,21404,10592,4736,9702,0
1724,115437,5000000,4,0.2,0.5,0.0,16,85169,16622,6802,1848,4994,0
1725,112408,1000000,4,0.9,1.8,0.0,16,101036,3607,3237,1229,3297,0
1726,111595,1000000,4,0.9,2.3,0.0,16,88950,14856,4297,1385,2103,0
1727,110723,10000000,4,0.9,1.9,0.0,16,64184,18332,9385,6688,12132,0
1728,109530,5000000,4,1.9,4.1,0.0,16,99987,4766,1469,953,2353,0
1729,108917,10000000,3,1.1,2.5,0.0,16,50813,16480,11825,6166,23631,0
