<?xml version="1.0" encoding="utf-8"?><gpx creator="Garmin Desktop App" version="1.1" xsi:schemaLocation="http://www.topografix.com/GPX/1/1 http://www.topografix.com/GPX/1/1/gpx.xsd http://www.garmin.com/xmlschemas/WaypointExtension/v1 http://www8.garmin.com/xmlschemas/WaypointExtensionv1.xsd http://www.garmin.com/xmlschemas/TrackPointExtension/v1 http://www.garmin.com/xmlschemas/TrackPointExtensionv1.xsd http://www.garmin.com/xmlschemas/GpxExtensions/v3 http://www8.garmin.com/xmlschemas/GpxExtensionsv3.xsd http://www.garmin.com/xmlschemas/ActivityExtension/v1 http://www8.garmin.com/xmlschemas/ActivityExtensionv1.xsd http://www.garmin.com/xmlschemas/AdventuresExtensions/v1 http://www8.garmin.com/xmlschemas/AdventuresExtensionv1.xsd http://www.garmin.com/xmlschemas/PressureExtension/v1 http://www.garmin.com/xmlschemas/PressureExtensionv1.xsd http://www.garmin.com/xmlschemas/TripExtensions/v1 http://www.garmin.com/xmlschemas/TripExtensionsv1.xsd http://www.garmin.com/xmlschemas/TripMetaDataExtensions/v1 http://www.garmin.com/xmlschemas/TripMetaDataExtensionsv1.xsd http://www.garmin.com/xmlschemas/ViaPointTransportationModeExtensions/v1 http://www.garmin.com/xmlschemas/ViaPointTransportationModeExtensionsv1.xsd http://www.garmin.com/xmlschemas/CreationTimeExtension/v1 http://www.garmin.com/xmlschemas/CreationTimeExtensionsv1.xsd http://www.garmin.com/xmlschemas/AccelerationExtension/v1 http://www.garmin.com/xmlschemas/AccelerationExtensionv1.xsd http://www.garmin.com/xmlschemas/PowerExtension/v1 http://www.garmin.com/xmlschemas/PowerExtensionv1.xsd http://www.garmin.com/xmlschemas/VideoExtension/v1 http://www.garmin.com/xmlschemas/VideoExtensionv1.xsd" xmlns="http://www.topografix.com/GPX/1/1" xmlns:xsi="http://www.w3.org/2001/XMLSchema-instance" xmlns:wptx1="http://www.garmin.com/xmlschemas/WaypointExtension/v1" xmlns:gpxtrx="http://www.garmin.com/xmlschemas/GpxExtensions/v3" xmlns:gpxtpx="http://www.garmin.com/xmlschemas/TrackPointExtension/v1" xmlns:gpxx="http://www.garmin.com/xmlschemas/GpxExtensions/v3" xmlns:trp="http://www.garmin.com/xmlschemas/TripExtensions/v1" xmlns:adv="http://www.garmin.com/xmlschemas/AdventuresExtensions/v1" xmlns:prs="http://www.garmin.com/xmlschemas/PressureExtension/v1" xmlns:tmd="http://www.garmin.com/xmlschemas/TripMetaDataExtensions/v1" xmlns:vptm="http://www.garmin.com/xmlschemas/ViaPointTransportationModeExtensions/v1" xmlns:ctx="http://www.garmin.com/xmlschemas/CreationTimeExtension/v1" xmlns:gpxacc="http://www.garmin.com/xmlschemas/AccelerationExtension/v1" xmlns:gpxpx="http://www.garmin.com/xmlschemas/PowerExtension/v1" xmlns:vidx1="http://www.garmin.com/xmlschemas/VideoExtension/v1">

  <metadata>
    <link href="http://www.garmin.com">
      <text>Garmin International</text>
    </link>
    <time>2023-09-25T11:42:32Z</time>
    <bounds maxlat="51.527836164459586" maxlon="104.13922467269003" minlat="51.430507516488433" minlon="103.98083067499101" />
  </metadata>

  <wpt lat="51.444422984495759" lon="103.9874969702214">
    <ele>2061</ele>
    <time>2021-08-19T09:46:59Z</time>
    <name>пик Бабха</name>
    <cmt>Подробнее:
https://nasledniki.narod.ru/02_Travel/02_Hamar-Daban/peak_Babha.htm

Высота: 2061 м</cmt>
    <desc>Подробнее:
https://nasledniki.narod.ru/02_Travel/02_Hamar-Daban/peak_Babha.htm

Высота: 2061 м</desc>
    <sym>Summit</sym>
    <type>user</type>
    <extensions>
      <gpxx:WaypointExtension>
        <gpxx:DisplayMode>SymbolAndName</gpxx:DisplayMode>
      </gpxx:WaypointExtension>
      <wptx1:WaypointExtension>
        <wptx1:DisplayMode>SymbolAndName</wptx1:DisplayMode>
      </wptx1:WaypointExtension>
      <ctx:CreationTimeExtension>
        <ctx:CreationTime>2021-08-19T09:46:59Z</ctx:CreationTime>
      </ctx:CreationTimeExtension>
    </extensions>
  </wpt>

  <wpt lat="51.43396002240479" lon="104.0377090126276">
    <ele>2025</ele>
    <time>2021-08-26T05:22:15Z</time>
    <name>пик Порожистый</name>
    <cmt>Подробнее: 
https://nasledniki.narod.ru/02_Travel/02_Hamar-Daban/peak_Porozhistyy.htm

Высота: 2025 м</cmt>
    <desc>Подробнее: 
https://nasledniki.narod.ru/02_Travel/02_Hamar-Daban/peak_Porozhistyy.htm

Высота: 2025 м</desc>
    <sym>Summit</sym>
    <type>user</type>
    <extensions>
      <gpxx:WaypointExtension>
        <gpxx:DisplayMode>SymbolAndName</gpxx:DisplayMode>
      </gpxx:WaypointExtension>
      <wptx1:WaypointExtension>
        <wptx1:DisplayMode>SymbolAndName</wptx1:DisplayMode>
      </wptx1:WaypointExtension>
      <ctx:CreationTimeExtension>
        <ctx:CreationTime>2021-08-26T05:22:15Z</ctx:CreationTime>
      </ctx:CreationTimeExtension>
    </extensions>
  </wpt>

  <trk>
    <name>Байкальск - Харлахта - Порожистый - Бабха - Утулик</name>
    <desc>Автор: Игорь В</desc>
    <extensions>
      <gpxx:TrackExtension>
        <gpxx:DisplayColor>Blue</gpxx:DisplayColor>
      </gpxx:TrackExtension>
    </extensions>
    <trkseg>
      <trkpt lat="51.505713472142816" lon="104.13922467269003">
        <ele>501.45999999999998</ele>
        <time>2012-09-12T21:13:13Z</time>
      </trkpt>
      <trkpt lat="51.505693774670362" lon="104.1392214037478">
        <ele>505.79000000000002</ele>
        <time>2012-09-12T21:13:19Z</time>
      </trkpt>
      <trkpt lat="51.505692936480045" lon="104.13922383449972">
        <ele>505.79000000000002</ele>
        <time>2012-09-12T21:13:20Z</time>
      </trkpt>
      <trkpt lat="51.505724284797907" lon="104.13920371793211">
        <ele>511.56</ele>
        <time>2012-09-12T21:13:30Z</time>
      </trkpt>
      <trkpt lat="51.505717411637306" lon="104.13920229300857">
        <ele>514.91999999999996</ele>
        <time>2012-09-12T21:13:37Z</time>
      </trkpt>
      <trkpt lat="51.505722105503082" lon="104.13919231854379">
        <ele>517.33000000000004</ele>
        <time>2012-09-12T21:14:11Z</time>
      </trkpt>
      <trkpt lat="51.505806427448988" lon="104.13892736658454">
        <ele>518.28999999999996</ele>
        <time>2012-09-12T21:15:58Z</time>
      </trkpt>
      <trkpt lat="51.505951518192887" lon="104.13764091208577">
        <ele>516.37</ele>
        <time>2012-09-12T21:16:58Z</time>
      </trkpt>
      <trkpt lat="51.505985800176859" lon="104.13705753162503">
        <ele>517.80999999999995</ele>
        <time>2012-09-12T21:17:27Z</time>
      </trkpt>
      <trkpt lat="51.505764434114099" lon="104.13691068068147">
        <ele>518.76999999999998</ele>
        <time>2012-09-12T21:17:58Z</time>
      </trkpt>
      <trkpt lat="51.50529932230711" lon="104.13672669790685">
        <ele>520.69000000000005</ele>
        <time>2012-09-12T21:18:30Z</time>
      </trkpt>
      <trkpt lat="51.504685180261731" lon="104.136444311589">
        <ele>524.05999999999995</ele>
        <time>2012-09-12T21:19:17Z</time>
      </trkpt>
      <trkpt lat="51.504062572494149" lon="104.13632210344076">
        <ele>527.41999999999996</ele>
        <time>2012-09-12T21:20:05Z</time>
      </trkpt>
      <trkpt lat="51.503492100164294" lon="104.13633450865746">
        <ele>531.26999999999998</ele>
        <time>2012-09-12T21:20:48Z</time>
      </trkpt>
      <trkpt lat="51.503323959186673" lon="104.1363946069032">
        <ele>531.26999999999998</ele>
        <time>2012-09-12T21:20:58Z</time>
      </trkpt>
      <trkpt lat="51.502753486856818" lon="104.13653810508549">
        <ele>534.63</ele>
        <time>2012-09-12T21:21:43Z</time>
      </trkpt>
      <trkpt lat="51.502295834943652" lon="104.13671278394759">
        <ele>537.99000000000001</ele>
        <time>2012-09-12T21:22:21Z</time>
      </trkpt>
      <trkpt lat="51.502067595720291" lon="104.13673440925777">
        <ele>538.96000000000004</ele>
        <time>2012-09-12T21:22:36Z</time>
      </trkpt>
      <trkpt lat="51.501663839444518" lon="104.13665167987347">
        <ele>542.79999999999995</ele>
        <time>2012-09-12T21:23:10Z</time>
      </trkpt>
      <trkpt lat="51.501209959387779" lon="104.13654154166579">
        <ele>546.16999999999996</ele>
        <time>2012-09-12T21:23:39Z</time>
      </trkpt>
      <trkpt lat="51.500427508726716" lon="104.13606360554695">
        <ele>549.52999999999997</ele>
        <time>2012-09-12T21:24:38Z</time>
      </trkpt>
      <trkpt lat="51.499806577339768" lon="104.1357901878655">
        <ele>553.38</ele>
        <time>2012-09-12T21:25:22Z</time>
      </trkpt>
      <trkpt lat="51.499334508553147" lon="104.13554862141609">
        <ele>556.74000000000001</ele>
        <time>2012-09-12T21:25:59Z</time>
      </trkpt>
      <trkpt lat="51.49853277951479" lon="104.13513388484716">
        <ele>560.59000000000003</ele>
        <time>2012-09-12T21:26:56Z</time>
      </trkpt>
      <trkpt lat="51.498462622985244" lon="104.13510991260409">
        <ele>561.07000000000005</ele>
        <time>2012-09-12T21:27:01Z</time>
      </trkpt>
      <trkpt lat="51.498071774840355" lon="104.13473339751363">
        <ele>564.90999999999997</ele>
        <time>2012-09-12T21:27:35Z</time>
      </trkpt>
      <trkpt lat="51.497556287795305" lon="104.13424355909228">
        <ele>568.27999999999997</ele>
        <time>2012-09-12T21:28:16Z</time>
      </trkpt>
      <trkpt lat="51.497262669727206" lon="104.13393870927393">
        <ele>571.63999999999999</ele>
        <time>2012-09-12T21:28:44Z</time>
      </trkpt>
      <trkpt lat="51.496888920664787" lon="104.1334290895611">
        <ele>575.00999999999999</ele>
        <time>2012-09-12T21:29:18Z</time>
      </trkpt>
      <trkpt lat="51.496815662831068" lon="104.13330059498549">
        <ele>575.97000000000003</ele>
        <time>2012-09-12T21:29:26Z</time>
      </trkpt>
      <trkpt lat="51.496126335114241" lon="104.13249366916716">
        <ele>576.45000000000005</ele>
        <time>2012-09-12T21:30:28Z</time>
      </trkpt>
      <trkpt lat="51.495829783380032" lon="104.131750613451">
        <ele>579.80999999999995</ele>
        <time>2012-09-12T21:31:10Z</time>
      </trkpt>
      <trkpt lat="51.495798686519265" lon="104.13169730454683">
        <ele>580.76999999999998</ele>
        <time>2012-09-12T21:31:13Z</time>
      </trkpt>
      <trkpt lat="51.495625013485551" lon="104.13152941502631">
        <ele>584.62</ele>
        <time>2012-09-12T21:31:30Z</time>
      </trkpt>
      <trkpt lat="51.495495932176709" lon="104.13146948441863">
        <ele>586.05999999999995</ele>
        <time>2012-09-12T21:31:41Z</time>
      </trkpt>
      <trkpt lat="51.494958065450191" lon="104.1313761100173">
        <ele>589.42999999999995</ele>
        <time>2012-09-12T21:32:24Z</time>
      </trkpt>
      <trkpt lat="51.494386838749051" lon="104.13120034150779">
        <ele>593.75</ele>
        <time>2012-09-12T21:33:08Z</time>
      </trkpt>
      <trkpt lat="51.494207801297307" lon="104.13123806007206">
        <ele>593.75</ele>
        <time>2012-09-12T21:33:20Z</time>
      </trkpt>
      <trkpt lat="51.493701366707683" lon="104.13106103427708">
        <ele>597.12</ele>
        <time>2012-09-12T21:34:00Z</time>
      </trkpt>
      <trkpt lat="51.493082111701369" lon="104.13096397183836">
        <ele>600.48000000000002</ele>
        <time>2012-09-12T21:34:45Z</time>
      </trkpt>
      <trkpt lat="51.49303131736815" lon="104.13092876784503">
        <ele>601.44000000000005</ele>
        <time>2012-09-12T21:34:49Z</time>
      </trkpt>
      <trkpt lat="51.492428490892053" lon="104.130545463413">
        <ele>604.80999999999995</ele>
        <time>2012-09-12T21:35:37Z</time>
      </trkpt>
      <trkpt lat="51.492153564468026" lon="104.13032686337829">
        <ele>606.73000000000002</ele>
        <time>2012-09-12T21:36:02Z</time>
      </trkpt>
      <trkpt lat="51.491937730461359" lon="104.13010633550584">
        <ele>608.16999999999996</ele>
        <time>2012-09-12T21:36:21Z</time>
      </trkpt>
      <trkpt lat="51.491806134581566" lon="104.12994213402271">
        <ele>610.57000000000005</ele>
        <time>2012-09-12T21:36:34Z</time>
      </trkpt>
      <trkpt lat="51.491722818464041" lon="104.12984280847013">
        <ele>611.53999999999996</ele>
        <time>2012-09-12T21:36:41Z</time>
      </trkpt>
      <trkpt lat="51.49139441549778" lon="104.12920662201941">
        <ele>614.89999999999998</ele>
        <time>2012-09-12T21:37:26Z</time>
      </trkpt>
      <trkpt lat="51.491237925365567" lon="104.12876187823713">
        <ele>617.29999999999995</ele>
        <time>2012-09-12T21:37:53Z</time>
      </trkpt>
      <trkpt lat="51.490993928164244" lon="104.1281745582819">
        <ele>621.14999999999998</ele>
        <time>2012-09-12T21:38:27Z</time>
      </trkpt>
      <trkpt lat="51.490660328418016" lon="104.12766166962683">
        <ele>624.50999999999999</ele>
        <time>2012-09-12T21:39:04Z</time>
      </trkpt>
      <trkpt lat="51.490135872736573" lon="104.12691073492169">
        <ele>628.84000000000003</ele>
        <time>2012-09-12T21:39:58Z</time>
      </trkpt>
      <trkpt lat="51.489850301295519" lon="104.12658132612705">
        <ele>630.75999999999999</ele>
        <time>2012-09-12T21:40:26Z</time>
      </trkpt>
      <trkpt lat="51.489724908024073" lon="104.12618787959218">
        <ele>633.16999999999996</ele>
        <time>2012-09-12T21:41:24Z</time>
      </trkpt>
      <trkpt lat="51.489676460623741" lon="104.12600850686431">
        <ele>634.13</ele>
        <time>2012-09-12T21:41:37Z</time>
      </trkpt>
      <trkpt lat="51.489418298006058" lon="104.12542671896517">
        <ele>637.97000000000003</ele>
        <time>2012-09-12T21:42:14Z</time>
      </trkpt>
      <trkpt lat="51.489410838112235" lon="104.12540878169239">
        <ele>637.97000000000003</ele>
        <time>2012-09-12T21:42:15Z</time>
      </trkpt>
      <trkpt lat="51.489388374611735" lon="104.12532337009907">
        <ele>638.45000000000005</ele>
        <time>2012-09-12T21:42:20Z</time>
      </trkpt>
      <trkpt lat="51.489220233634114" lon="104.1250935383141">
        <ele>640.38</ele>
        <time>2012-09-12T21:42:39Z</time>
      </trkpt>
      <trkpt lat="51.489118561148643" lon="104.12495004013181">
        <ele>641.34000000000003</ele>
        <time>2012-09-12T21:42:50Z</time>
      </trkpt>
      <trkpt lat="51.488738777115941" lon="104.1244013607502">
        <ele>643.74000000000001</ele>
        <time>2012-09-12T21:43:33Z</time>
      </trkpt>
      <trkpt lat="51.488514896482229" lon="104.12397271022201">
        <ele>647.59000000000003</ele>
        <time>2012-09-12T21:44:04Z</time>
      </trkpt>
      <trkpt lat="51.488348096609116" lon="104.12356903776526">
        <ele>649.50999999999999</ele>
        <time>2012-09-12T21:44:30Z</time>
      </trkpt>
      <trkpt lat="51.488285735249519" lon="104.12349552847445">
        <ele>650.47000000000003</ele>
        <time>2012-09-12T21:44:38Z</time>
      </trkpt>
      <trkpt lat="51.488127065822482" lon="104.12337063811719">
        <ele>651.90999999999997</ele>
        <time>2012-09-12T21:44:54Z</time>
      </trkpt>
      <trkpt lat="51.488052299246192" lon="104.12334926426411">
        <ele>652.38999999999999</ele>
        <time>2012-09-12T21:45:02Z</time>
      </trkpt>
      <trkpt lat="51.48775708861649" lon="104.1229282412678">
        <ele>656.24000000000001</ele>
        <time>2012-09-12T21:45:43Z</time>
      </trkpt>
      <trkpt lat="51.487736804410815" lon="104.12287887185812">
        <ele>656.24000000000001</ele>
        <time>2012-09-12T21:45:47Z</time>
      </trkpt>
      <trkpt lat="51.487488532438874" lon="104.12255516275764">
        <ele>659.60000000000002</ele>
        <time>2012-09-12T21:46:17Z</time>
      </trkpt>
      <trkpt lat="51.487221317365766" lon="104.12214000709355">
        <ele>663.45000000000005</ele>
        <time>2012-09-12T21:46:54Z</time>
      </trkpt>
      <trkpt lat="51.487147137522697" lon="104.12179341539741">
        <ele>667.28999999999996</ele>
        <time>2012-09-12T21:47:19Z</time>
      </trkpt>
      <trkpt lat="51.487101959064603" lon="104.12152661941946">
        <ele>668.25</ele>
        <time>2012-09-12T21:47:35Z</time>
      </trkpt>
      <trkpt lat="51.486860811710358" lon="104.12098992615938">
        <ele>671.62</ele>
        <time>2012-09-12T21:48:12Z</time>
      </trkpt>
      <trkpt lat="51.486637685447931" lon="104.12048935890198">
        <ele>674.98000000000002</ele>
        <time>2012-09-12T21:48:48Z</time>
      </trkpt>
      <trkpt lat="51.486633494496346" lon="104.12048349156976">
        <ele>674.98000000000002</ele>
        <time>2012-09-12T21:48:49Z</time>
      </trkpt>
      <trkpt lat="51.486242059618235" lon="104.12008753046393">
        <ele>678.35000000000002</ele>
        <time>2012-09-12T21:49:42Z</time>
      </trkpt>
      <trkpt lat="51.486158659681678" lon="104.12000589072704">
        <ele>679.30999999999995</ele>
        <time>2012-09-12T21:49:51Z</time>
      </trkpt>
      <trkpt lat="51.485870825126767" lon="104.11968293599784">
        <ele>682.66999999999996</ele>
        <time>2012-09-12T21:50:25Z</time>
      </trkpt>
      <trkpt lat="51.485784072428942" lon="104.11952326074243">
        <ele>684.12</ele>
        <time>2012-09-12T21:50:37Z</time>
      </trkpt>
      <trkpt lat="51.485602771863341" lon="104.11922989413142">
        <ele>685.08000000000004</ele>
        <time>2012-09-12T21:51:03Z</time>
      </trkpt>
      <trkpt lat="51.485326085239649" lon="104.11910433322191">
        <ele>687</ele>
        <time>2012-09-12T21:51:33Z</time>
      </trkpt>
      <trkpt lat="51.484952419996262" lon="104.11912797018886">
        <ele>690.84000000000003</ele>
        <time>2012-09-12T21:52:11Z</time>
      </trkpt>
      <trkpt lat="51.484946887940168" lon="104.11911707371473">
        <ele>690.84000000000003</ele>
        <time>2012-09-12T21:52:12Z</time>
      </trkpt>
      <trkpt lat="51.484918221831322" lon="104.1190461628139">
        <ele>691.33000000000004</ele>
        <time>2012-09-12T21:52:18Z</time>
      </trkpt>
      <trkpt lat="51.484747231006622" lon="104.11864181980491">
        <ele>693.73000000000002</ele>
        <time>2012-09-12T21:52:43Z</time>
      </trkpt>
      <trkpt lat="51.484672715887427" lon="104.11841886118054">
        <ele>694.21000000000004</ele>
        <time>2012-09-12T21:52:58Z</time>
      </trkpt>
      <trkpt lat="51.484570875763893" lon="104.1180688329041">
        <ele>697.09000000000003</ele>
        <time>2012-09-12T21:53:22Z</time>
      </trkpt>
      <trkpt lat="51.484377505257726" lon="104.11777831614017">
        <ele>699.01999999999998</ele>
        <time>2012-09-12T21:53:46Z</time>
      </trkpt>
      <trkpt lat="51.484109787270427" lon="104.11741697229445">
        <ele>704.77999999999997</ele>
        <time>2012-09-12T21:54:22Z</time>
      </trkpt>
      <trkpt lat="51.484038038179278" lon="104.1173676867038">
        <ele>704.77999999999997</ele>
        <time>2012-09-12T21:54:29Z</time>
      </trkpt>
      <trkpt lat="51.48394969291985" lon="104.11715478636324">
        <ele>706.71000000000004</ele>
        <time>2012-09-12T21:54:44Z</time>
      </trkpt>
      <trkpt lat="51.483922284096479" lon="104.11705026403069">
        <ele>707.66999999999996</ele>
        <time>2012-09-12T21:54:52Z</time>
      </trkpt>
      <trkpt lat="51.483661774545908" lon="104.11654701456428">
        <ele>711.02999999999997</ele>
        <time>2012-09-12T21:55:28Z</time>
      </trkpt>
      <trkpt lat="51.483494136482477" lon="104.11605558358133">
        <ele>713.44000000000005</ele>
        <time>2012-09-12T21:56:02Z</time>
      </trkpt>
      <trkpt lat="51.48350453004241" lon="104.115608073771">
        <ele>715.84000000000003</ele>
        <time>2012-09-12T21:56:34Z</time>
      </trkpt>
      <trkpt lat="51.483506290242076" lon="104.1155996080488">
        <ele>711.99000000000001</ele>
        <time>2012-09-12T21:56:43Z</time>
      </trkpt>
      <trkpt lat="51.483506876975298" lon="104.11559985950589">
        <ele>718.24000000000001</ele>
        <time>2012-09-12T21:56:44Z</time>
      </trkpt>
      <trkpt lat="51.483520204201341" lon="104.11559969186783">
        <ele>711.02999999999997</ele>
        <time>2012-09-12T21:57:06Z</time>
      </trkpt>
      <trkpt lat="51.483519868925214" lon="104.11560086533427">
        <ele>711.02999999999997</ele>
        <time>2012-09-12T21:57:07Z</time>
      </trkpt>
      <trkpt lat="51.483523137867451" lon="104.11560002714396">
        <ele>715.36000000000001</ele>
        <time>2012-09-12T21:57:08Z</time>
      </trkpt>
      <trkpt lat="51.483526071533561" lon="104.11559809930623">
        <ele>715.36000000000001</ele>
        <time>2012-09-12T21:57:09Z</time>
      </trkpt>
      <trkpt lat="51.483502937480807" lon="104.11533457227051">
        <ele>719.67999999999995</ele>
        <time>2012-09-12T21:57:30Z</time>
      </trkpt>
      <trkpt lat="51.483484581112862" lon="104.11524572409689">
        <ele>720.15999999999997</ele>
        <time>2012-09-12T21:57:34Z</time>
      </trkpt>
      <trkpt lat="51.483489358797669" lon="104.11516500636935">
        <ele>720.64999999999998</ele>
        <time>2012-09-12T21:57:38Z</time>
      </trkpt>
      <trkpt lat="51.483474439010024" lon="104.1147776786238">
        <ele>722.57000000000005</ele>
        <time>2012-09-12T21:57:58Z</time>
      </trkpt>
      <trkpt lat="51.483549289405346" lon="104.11437207832932">
        <ele>725.92999999999995</ele>
        <time>2012-09-12T21:58:16Z</time>
      </trkpt>
      <trkpt lat="51.483623804524541" lon="104.11409731954336">
        <ele>727.37</ele>
        <time>2012-09-12T21:58:26Z</time>
      </trkpt>
      <trkpt lat="51.483638975769281" lon="104.11404610611498">
        <ele>727.37</ele>
        <time>2012-09-12T21:58:28Z</time>
      </trkpt>
      <trkpt lat="51.483642663806677" lon="104.11381945945323">
        <ele>728.34000000000003</ele>
        <time>2012-09-12T21:58:38Z</time>
      </trkpt>
      <trkpt lat="51.483823293820024" lon="104.11306693218648">
        <ele>732.17999999999995</ele>
        <time>2012-09-12T21:59:14Z</time>
      </trkpt>
      <trkpt lat="51.483847936615348" lon="104.11237626336515">
        <ele>736.02999999999997</ele>
        <time>2012-09-12T21:59:47Z</time>
      </trkpt>
      <trkpt lat="51.483760764822364" lon="104.11182221956551">
        <ele>739.87</ele>
        <time>2012-09-12T22:00:19Z</time>
      </trkpt>
      <trkpt lat="51.483654985204339" lon="104.11141561344266">
        <ele>742.27999999999997</ele>
        <time>2012-09-12T22:00:43Z</time>
      </trkpt>
      <trkpt lat="51.483540572226048" lon="104.11095569841564">
        <ele>745.63999999999999</ele>
        <time>2012-09-12T22:01:11Z</time>
      </trkpt>
      <trkpt lat="51.483511989936233" lon="104.1109318099916">
        <ele>745.63999999999999</ele>
        <time>2012-09-12T22:01:15Z</time>
      </trkpt>
      <trkpt lat="51.483448203653097" lon="104.11080926656723">
        <ele>747.08000000000004</ele>
        <time>2012-09-12T22:01:23Z</time>
      </trkpt>
      <trkpt lat="51.483252737671137" lon="104.11066970787942">
        <ele>748.51999999999998</ele>
        <time>2012-09-12T22:01:41Z</time>
      </trkpt>
      <trkpt lat="51.483069760724902" lon="104.11051757633686">
        <ele>750.45000000000005</ele>
        <time>2012-09-12T22:01:56Z</time>
      </trkpt>
      <trkpt lat="51.483024666085839" lon="104.11043384112418">
        <ele>750.92999999999995</ele>
        <time>2012-09-12T22:02:04Z</time>
      </trkpt>
      <trkpt lat="51.48286540992558" lon="104.11017668433487">
        <ele>755.25</ele>
        <time>2012-09-12T22:02:23Z</time>
      </trkpt>
      <trkpt lat="51.482548741623759" lon="104.10975591279566">
        <ele>759.10000000000002</ele>
        <time>2012-09-12T22:03:00Z</time>
      </trkpt>
      <trkpt lat="51.482469281181693" lon="104.10967930220068">
        <ele>759.58000000000004</ele>
        <time>2012-09-12T22:03:08Z</time>
      </trkpt>
      <trkpt lat="51.482404908165336" lon="104.10965122282505">
        <ele>759.58000000000004</ele>
        <time>2012-09-12T22:03:13Z</time>
      </trkpt>
      <trkpt lat="51.482182536274195" lon="104.10946648567915">
        <ele>761.98000000000002</ele>
        <time>2012-09-12T22:03:38Z</time>
      </trkpt>
      <trkpt lat="51.481911381706595" lon="104.10940990783274">
        <ele>765.35000000000002</ele>
        <time>2012-09-12T22:04:08Z</time>
      </trkpt>
      <trkpt lat="51.481792526319623" lon="104.10933329723775">
        <ele>766.78999999999996</ele>
        <time>2012-09-12T22:04:21Z</time>
      </trkpt>
      <trkpt lat="51.481611393392086" lon="104.10890338942409">
        <ele>770.14999999999998</ele>
        <time>2012-09-12T22:04:51Z</time>
      </trkpt>
      <trkpt lat="51.4814811386168" lon="104.10877799615264">
        <ele>772.55999999999995</ele>
        <time>2012-09-12T22:05:05Z</time>
      </trkpt>
      <trkpt lat="51.48132087662816" lon="104.10880741663277">
        <ele>773.51999999999998</ele>
        <time>2012-09-12T22:05:16Z</time>
      </trkpt>
      <trkpt lat="51.481235632672906" lon="104.10866760648787">
        <ele>775.44000000000005</ele>
        <time>2012-09-12T22:05:27Z</time>
      </trkpt>
      <trkpt lat="51.481029437854886" lon="104.10841464065015">
        <ele>778.32000000000005</ele>
        <time>2012-09-12T22:05:53Z</time>
      </trkpt>
      <trkpt lat="51.48090697824955" lon="104.10812043584883">
        <ele>782.16999999999996</ele>
        <time>2012-09-12T22:06:17Z</time>
      </trkpt>
      <trkpt lat="51.480897506698966" lon="104.10804307088256">
        <ele>783.13</ele>
        <time>2012-09-12T22:06:24Z</time>
      </trkpt>
      <trkpt lat="51.480747386813164" lon="104.10769513808191">
        <ele>786.98000000000002</ele>
        <time>2012-09-12T22:06:48Z</time>
      </trkpt>
      <trkpt lat="51.480725258588791" lon="104.10764627158642">
        <ele>786.98000000000002</ele>
        <time>2012-09-12T22:06:53Z</time>
      </trkpt>
      <trkpt lat="51.480569439008832" lon="104.10721049644053">
        <ele>790.34000000000003</ele>
        <time>2012-09-12T22:07:25Z</time>
      </trkpt>
      <trkpt lat="51.480461983010173" lon="104.106923667714">
        <ele>793.71000000000004</ele>
        <time>2012-09-12T22:07:44Z</time>
      </trkpt>
      <trkpt lat="51.480270121246576" lon="104.1066268645227">
        <ele>796.11000000000001</ele>
        <time>2012-09-12T22:08:07Z</time>
      </trkpt>
      <trkpt lat="51.480156211182475" lon="104.1063816100359">
        <ele>799.95000000000005</ele>
        <time>2012-09-12T22:08:26Z</time>
      </trkpt>
      <trkpt lat="51.480113379657269" lon="104.10629460588098">
        <ele>801.39999999999998</ele>
        <time>2012-09-12T22:08:33Z</time>
      </trkpt>
      <trkpt lat="51.479781959205866" lon="104.10586377605796">
        <ele>805.24000000000001</ele>
        <time>2012-09-12T22:09:09Z</time>
      </trkpt>
      <trkpt lat="51.479766117408872" lon="104.10586712881923">
        <ele>805.24000000000001</ele>
        <time>2012-09-12T22:09:10Z</time>
      </trkpt>
      <trkpt lat="51.479543074965477" lon="104.10571239888668">
        <ele>808.61000000000001</ele>
        <time>2012-09-12T22:09:29Z</time>
      </trkpt>
      <trkpt lat="51.479297233745456" lon="104.10542506724596">
        <ele>811.00999999999999</ele>
        <time>2012-09-12T22:09:57Z</time>
      </trkpt>
      <trkpt lat="51.479069078341126" lon="104.10506967455149">
        <ele>812.92999999999995</ele>
        <time>2012-09-12T22:10:25Z</time>
      </trkpt>
      <trkpt lat="51.478922395035625" lon="104.10502541810274">
        <ele>814.85000000000002</ele>
        <time>2012-09-12T22:10:37Z</time>
      </trkpt>
      <trkpt lat="51.478722486644983" lon="104.10496263764799">
        <ele>817.74000000000001</ele>
        <time>2012-09-12T22:10:51Z</time>
      </trkpt>
      <trkpt lat="51.478484272956848" lon="104.10474973730743">
        <ele>821.10000000000002</ele>
        <time>2012-09-12T22:11:13Z</time>
      </trkpt>
      <trkpt lat="51.478463988751173" lon="104.10436877980828">
        <ele>823.99000000000001</ele>
        <time>2012-09-12T22:11:33Z</time>
      </trkpt>
      <trkpt lat="51.478402214124799" lon="104.10394272767007">
        <ele>828.30999999999995</ele>
        <time>2012-09-12T22:11:58Z</time>
      </trkpt>
      <trkpt lat="51.478259470313787" lon="104.10349806770682">
        <ele>833.12</ele>
        <time>2012-09-12T22:12:27Z</time>
      </trkpt>
      <trkpt lat="51.478176321834326" lon="104.10321182571352">
        <ele>837.45000000000005</ele>
        <time>2012-09-12T22:12:48Z</time>
      </trkpt>
      <trkpt lat="51.478182440623641" lon="104.10314627923071">
        <ele>837.92999999999995</ele>
        <time>2012-09-12T22:12:52Z</time>
      </trkpt>
      <trkpt lat="51.478122426196933" lon="104.10295207053423">
        <ele>841.28999999999996</ele>
        <time>2012-09-12T22:13:04Z</time>
      </trkpt>
      <trkpt lat="51.478031734004617" lon="104.10281443968415">
        <ele>843.69000000000005</ele>
        <time>2012-09-12T22:13:19Z</time>
      </trkpt>
      <trkpt lat="51.477923858910799" lon="104.10260397009552">
        <ele>845.13999999999999</ele>
        <time>2012-09-12T22:13:33Z</time>
      </trkpt>
      <trkpt lat="51.477772733196616" lon="104.1025304608047">
        <ele>846.10000000000002</ele>
        <time>2012-09-12T22:13:46Z</time>
      </trkpt>
      <trkpt lat="51.477598724886775" lon="104.10234278999269">
        <ele>849.94000000000005</ele>
        <time>2012-09-12T22:14:09Z</time>
      </trkpt>
      <trkpt lat="51.477365959435701" lon="104.1020626667887">
        <ele>848.01999999999998</ele>
        <time>2012-09-12T22:14:33Z</time>
      </trkpt>
      <trkpt lat="51.477315500378609" lon="104.1017722338438">
        <ele>851.87</ele>
        <time>2012-09-12T22:14:49Z</time>
      </trkpt>
      <trkpt lat="51.477250372990966" lon="104.10139999352396">
        <ele>852.83000000000004</ele>
        <time>2012-09-12T22:15:07Z</time>
      </trkpt>
      <trkpt lat="51.476910905912519" lon="104.10072860307992">
        <ele>855.71000000000004</ele>
        <time>2012-09-12T22:15:50Z</time>
      </trkpt>
      <trkpt lat="51.476869415491819" lon="104.10054797306657">
        <ele>856.66999999999996</ele>
        <time>2012-09-12T22:16:00Z</time>
      </trkpt>
      <trkpt lat="51.476764222607017" lon="104.09994766116142">
        <ele>860.51999999999998</ele>
        <time>2012-09-12T22:16:32Z</time>
      </trkpt>
      <trkpt lat="51.476585939526558" lon="104.09944483079016">
        <ele>864.84000000000003</ele>
        <time>2012-09-12T22:17:05Z</time>
      </trkpt>
      <trkpt lat="51.476533804088831" lon="104.09917149692774">
        <ele>868.69000000000005</ele>
        <time>2012-09-12T22:17:25Z</time>
      </trkpt>
      <trkpt lat="51.476538497954607" lon="104.09870772622526">
        <ele>872.04999999999995</ele>
        <time>2012-09-12T22:17:54Z</time>
      </trkpt>
      <trkpt lat="51.476537240669131" lon="104.09860588610172">
        <ele>872.52999999999997</ele>
        <time>2012-09-12T22:17:59Z</time>
      </trkpt>
      <trkpt lat="51.476542605087161" lon="104.09821713343263">
        <ele>875.89999999999998</ele>
        <time>2012-09-12T22:18:22Z</time>
      </trkpt>
      <trkpt lat="51.476493235677481" lon="104.09817279316485">
        <ele>876.86000000000001</ele>
        <time>2012-09-12T22:18:27Z</time>
      </trkpt>
      <trkpt lat="51.476402711123228" lon="104.09793608821929">
        <ele>880.71000000000004</ele>
        <time>2012-09-12T22:18:44Z</time>
      </trkpt>
      <trkpt lat="51.476359041407704" lon="104.09783936105669">
        <ele>883.59000000000003</ele>
        <time>2012-09-12T22:18:55Z</time>
      </trkpt>
      <trkpt lat="51.476376559585333" lon="104.09769259393215">
        <ele>884.54999999999995</ele>
        <time>2012-09-12T22:19:04Z</time>
      </trkpt>
      <trkpt lat="51.476293662562966" lon="104.09757130779326">
        <ele>880.22000000000003</ele>
        <time>2012-09-12T22:19:15Z</time>
      </trkpt>
      <trkpt lat="51.47624890320003" lon="104.09750936552882">
        <ele>880.22000000000003</ele>
        <time>2012-09-12T22:19:20Z</time>
      </trkpt>
      <trkpt lat="51.476114792749286" lon="104.09740350209177">
        <ele>882.63</ele>
        <time>2012-09-12T22:19:33Z</time>
      </trkpt>
      <trkpt lat="51.476034158840775" lon="104.09713117405772">
        <ele>884.54999999999995</ele>
        <time>2012-09-12T22:19:57Z</time>
      </trkpt>
      <trkpt lat="51.476016473025084" lon="104.09712413325906">
        <ele>884.54999999999995</ele>
        <time>2012-09-12T22:19:59Z</time>
      </trkpt>
      <trkpt lat="51.475960565730929" lon="104.09675826318562">
        <ele>886.95000000000005</ele>
        <time>2012-09-12T22:20:20Z</time>
      </trkpt>
      <trkpt lat="51.4759068377316" lon="104.09670000895858">
        <ele>888.39999999999998</ele>
        <time>2012-09-12T22:20:27Z</time>
      </trkpt>
      <trkpt lat="51.475691674277186" lon="104.09633908420801">
        <ele>892.24000000000001</ele>
        <time>2012-09-12T22:20:52Z</time>
      </trkpt>
      <trkpt lat="51.475525293499231" lon="104.09617873840034">
        <ele>895.61000000000001</ele>
        <time>2012-09-12T22:21:10Z</time>
      </trkpt>
      <trkpt lat="51.475516576319933" lon="104.09612190909684">
        <ele>895.61000000000001</ele>
        <time>2012-09-12T22:21:14Z</time>
      </trkpt>
      <trkpt lat="51.475382968783379" lon="104.09569887444377">
        <ele>898.00999999999999</ele>
        <time>2012-09-12T22:21:42Z</time>
      </trkpt>
      <trkpt lat="51.475266711786389" lon="104.09561002627015">
        <ele>899.45000000000005</ele>
        <time>2012-09-12T22:21:55Z</time>
      </trkpt>
      <trkpt lat="51.475282134488225" lon="104.09525396302342">
        <ele>904.74000000000001</ele>
        <time>2012-09-12T22:22:17Z</time>
      </trkpt>
      <trkpt lat="51.475141402333975" lon="104.09509076736867">
        <ele>905.70000000000005</ele>
        <time>2012-09-12T22:22:42Z</time>
      </trkpt>
      <trkpt lat="51.474845688790083" lon="104.09480536356568">
        <ele>910.50999999999999</ele>
        <time>2012-09-12T22:23:09Z</time>
      </trkpt>
      <trkpt lat="51.474838396534324" lon="104.09480511210859">
        <ele>910.50999999999999</ele>
        <time>2012-09-12T22:23:10Z</time>
      </trkpt>
      <trkpt lat="51.474759690463543" lon="104.09475113265216">
        <ele>911.47000000000003</ele>
        <time>2012-09-12T22:23:19Z</time>
      </trkpt>
      <trkpt lat="51.47453673183918" lon="104.09465172328055">
        <ele>912.90999999999997</ele>
        <time>2012-09-12T22:23:41Z</time>
      </trkpt>
      <trkpt lat="51.474341098219156" lon="104.09459237940609">
        <ele>914.83000000000004</ele>
        <time>2012-09-12T22:24:02Z</time>
      </trkpt>
      <trkpt lat="51.47422693669796" lon="104.09454275853932">
        <ele>916.26999999999998</ele>
        <time>2012-09-12T22:24:13Z</time>
      </trkpt>
      <trkpt lat="51.474100789055228" lon="104.09440496005118">
        <ele>919.63999999999999</ele>
        <time>2012-09-12T22:24:29Z</time>
      </trkpt>
      <trkpt lat="51.47393717430532" lon="104.09437973052263">
        <ele>921.55999999999995</ele>
        <time>2012-09-12T22:24:42Z</time>
      </trkpt>
      <trkpt lat="51.473929882049561" lon="104.09434896893799">
        <ele>921.55999999999995</ele>
        <time>2012-09-12T22:24:44Z</time>
      </trkpt>
      <trkpt lat="51.47375050932169" lon="104.09421477466822">
        <ele>923.96000000000004</ele>
        <time>2012-09-12T22:25:01Z</time>
      </trkpt>
      <trkpt lat="51.473465440794826" lon="104.09393783658743">
        <ele>927.80999999999995</ele>
        <time>2012-09-12T22:25:30Z</time>
      </trkpt>
      <trkpt lat="51.47338505834341" lon="104.09389173611999">
        <ele>929.25</ele>
        <time>2012-09-12T22:25:38Z</time>
      </trkpt>
      <trkpt lat="51.473171235993505" lon="104.0934419631958">
        <ele>933.10000000000002</ele>
        <time>2012-09-12T22:26:05Z</time>
      </trkpt>
      <trkpt lat="51.473168302327394" lon="104.09343617968261">
        <ele>932.62</ele>
        <time>2012-09-12T22:26:07Z</time>
      </trkpt>
      <trkpt lat="51.472991863265634" lon="104.09339318051934">
        <ele>934.53999999999996</ele>
        <time>2012-09-12T22:26:25Z</time>
      </trkpt>
      <trkpt lat="51.472942661494017" lon="104.0933402068913">
        <ele>935.5</ele>
        <time>2012-09-12T22:26:30Z</time>
      </trkpt>
      <trkpt lat="51.472812658175826" lon="104.09329829737544">
        <ele>933.58000000000004</ele>
        <time>2012-09-12T22:26:45Z</time>
      </trkpt>
      <trkpt lat="51.472598919644952" lon="104.09328480251133">
        <ele>935.98000000000002</ele>
        <time>2012-09-12T22:27:29Z</time>
      </trkpt>
      <trkpt lat="51.472404291853309" lon="104.09339133650064">
        <ele>939.35000000000002</ele>
        <time>2012-09-12T22:28:52Z</time>
      </trkpt>
      <trkpt lat="51.472369926050305" lon="104.09339427016675">
        <ele>939.35000000000002</ele>
        <time>2012-09-12T22:28:56Z</time>
      </trkpt>
      <trkpt lat="51.472220895811915" lon="104.09338999539614">
        <ele>941.75</ele>
        <time>2012-09-12T22:29:14Z</time>
      </trkpt>
      <trkpt lat="51.472099861130118" lon="104.09337474033237">
        <ele>943.19000000000005</ele>
        <time>2012-09-12T22:29:23Z</time>
      </trkpt>
      <trkpt lat="51.471827533096075" lon="104.09350943751633">
        <ele>948.48000000000002</ele>
        <time>2012-09-12T22:29:46Z</time>
      </trkpt>
      <trkpt lat="51.471687136217952" lon="104.09351103007793">
        <ele>951.84000000000003</ele>
        <time>2012-09-12T22:30:04Z</time>
      </trkpt>
      <trkpt lat="51.47130886092782" lon="104.09340374171734">
        <ele>955.21000000000004</ele>
        <time>2012-09-12T22:30:44Z</time>
      </trkpt>
      <trkpt lat="51.471103420481086" lon="104.09332361072302">
        <ele>956.64999999999998</ele>
        <time>2012-09-12T22:30:59Z</time>
      </trkpt>
      <trkpt lat="51.470738723874092" lon="104.09331179223955">
        <ele>960.00999999999999</ele>
        <time>2012-09-12T22:31:48Z</time>
      </trkpt>
      <trkpt lat="51.470579216256738" lon="104.09326233901083">
        <ele>960.49000000000001</ele>
        <time>2012-09-12T22:32:05Z</time>
      </trkpt>
      <trkpt lat="51.47050067782402" lon="104.09311641007662">
        <ele>957.13</ele>
        <time>2012-09-12T22:32:16Z</time>
      </trkpt>
      <trkpt lat="51.470439825206995" lon="104.09308187663555">
        <ele>955.69000000000005</ele>
        <time>2012-09-12T22:32:31Z</time>
      </trkpt>
      <trkpt lat="51.470357934013009" lon="104.09289512783289">
        <ele>959.04999999999995</ele>
        <time>2012-09-12T22:33:00Z</time>
      </trkpt>
      <trkpt lat="51.470315773040056" lon="104.09287023358047">
        <ele>962.89999999999998</ele>
        <time>2012-09-12T22:33:10Z</time>
      </trkpt>
      <trkpt lat="51.470260620117188" lon="104.09281952306628">
        <ele>965.77999999999997</ele>
        <time>2012-09-12T22:33:24Z</time>
      </trkpt>
      <trkpt lat="51.470151990652084" lon="104.09281415864825">
        <ele>966.25999999999999</ele>
        <time>2012-09-12T22:33:33Z</time>
      </trkpt>
      <trkpt lat="51.469954764470458" lon="104.09278331324458">
        <ele>969.14999999999998</ele>
        <time>2012-09-12T22:33:54Z</time>
      </trkpt>
      <trkpt lat="51.469776565209031" lon="104.09269731491804">
        <ele>970.59000000000003</ele>
        <time>2012-09-12T22:34:14Z</time>
      </trkpt>
      <trkpt lat="51.469573387876153" lon="104.09263076260686">
        <ele>973.47000000000003</ele>
        <time>2012-09-12T22:34:34Z</time>
      </trkpt>
      <trkpt lat="51.46929376758635" lon="104.09232649952173">
        <ele>977.32000000000005</ele>
        <time>2012-09-12T22:35:02Z</time>
      </trkpt>
      <trkpt lat="51.46917013451457" lon="104.09206188283861">
        <ele>981.63999999999999</ele>
        <time>2012-09-12T22:35:25Z</time>
      </trkpt>
      <trkpt lat="51.468949271366" lon="104.09173666499555">
        <ele>985.97000000000003</ele>
        <time>2012-09-12T22:35:57Z</time>
      </trkpt>
      <trkpt lat="51.468861596658826" lon="104.0915163885802">
        <ele>987.88999999999999</ele>
        <time>2012-09-12T22:36:12Z</time>
      </trkpt>
      <trkpt lat="51.468560099601746" lon="104.0912732295692">
        <ele>991.25999999999999</ele>
        <time>2012-09-12T22:36:37Z</time>
      </trkpt>
      <trkpt lat="51.468532523140311" lon="104.09117340110242">
        <ele>991.74000000000001</ele>
        <time>2012-09-12T22:36:44Z</time>
      </trkpt>
      <trkpt lat="51.468496061861515" lon="104.09109570086002">
        <ele>992.70000000000005</ele>
        <time>2012-09-12T22:36:49Z</time>
      </trkpt>
      <trkpt lat="51.468449207022786" lon="104.09102487377822">
        <ele>993.17999999999995</ele>
        <time>2012-09-12T22:36:55Z</time>
      </trkpt>
      <trkpt lat="51.468385169282556" lon="104.09038751386106">
        <ele>997.50999999999999</ele>
        <time>2012-09-12T22:37:45Z</time>
      </trkpt>
      <trkpt lat="51.468286430463195" lon="104.09021166153252">
        <ele>1001.35</ele>
        <time>2012-09-12T22:38:08Z</time>
      </trkpt>
      <trkpt lat="51.468245359137654" lon="104.0900070592761">
        <ele>1002.79</ele>
        <time>2012-09-12T22:38:27Z</time>
      </trkpt>
      <trkpt lat="51.468151230365038" lon="104.08992080949247">
        <ele>1004.72</ele>
        <time>2012-09-12T22:38:39Z</time>
      </trkpt>
      <trkpt lat="51.468018125742674" lon="104.089639429003">
        <ele>1009.52</ele>
        <time>2012-09-12T22:39:08Z</time>
      </trkpt>
      <trkpt lat="51.467923661693931" lon="104.0893235988915">
        <ele>1013.85</ele>
        <time>2012-09-12T22:39:32Z</time>
      </trkpt>
      <trkpt lat="51.467817965894938" lon="104.08898656256497">
        <ele>1019.62</ele>
        <time>2012-09-12T22:40:01Z</time>
      </trkpt>
      <trkpt lat="51.467685783281922" lon="104.08882898278534">
        <ele>1022.02</ele>
        <time>2012-09-12T22:40:26Z</time>
      </trkpt>
      <trkpt lat="51.467488138005137" lon="104.08883065916598">
        <ele>1021.0599999999999</ele>
        <time>2012-09-12T22:41:11Z</time>
      </trkpt>
      <trkpt lat="51.467299880459905" lon="104.08874046988785">
        <ele>1025.3800000000001</ele>
        <time>2012-09-12T22:41:35Z</time>
      </trkpt>
      <trkpt lat="51.467287726700306" lon="104.08873560838401">
        <ele>1025.3800000000001</ele>
        <time>2012-09-12T22:41:37Z</time>
      </trkpt>
      <trkpt lat="51.467095026746392" lon="104.08867509104311">
        <ele>1029.23</ele>
        <time>2012-09-12T22:42:14Z</time>
      </trkpt>
      <trkpt lat="51.466957312077284" lon="104.08866092562675">
        <ele>1032.5899999999999</ele>
        <time>2012-09-12T22:42:36Z</time>
      </trkpt>
      <trkpt lat="51.46679637953639" lon="104.08862521871924">
        <ele>1036.9200000000001</ele>
        <time>2012-09-12T22:42:58Z</time>
      </trkpt>
      <trkpt lat="51.466649696230888" lon="104.08857082016766">
        <ele>1042.21</ele>
        <time>2012-09-12T22:43:19Z</time>
      </trkpt>
      <trkpt lat="51.466633016243577" lon="104.08855916932225">
        <ele>1041.73</ele>
        <time>2012-09-12T22:43:21Z</time>
      </trkpt>
      <trkpt lat="51.466556908562779" lon="104.08854257315397">
        <ele>1045.5699999999999</ele>
        <time>2012-09-12T22:43:33Z</time>
      </trkpt>
      <trkpt lat="51.466505276039243" lon="104.0884858276695">
        <ele>1050.3800000000001</ele>
        <time>2012-09-12T22:44:00Z</time>
      </trkpt>
      <trkpt lat="51.466473340988159" lon="104.08832598477602">
        <ele>1056.1500000000001</ele>
        <time>2012-09-12T22:44:26Z</time>
      </trkpt>
      <trkpt lat="51.466376110911369" lon="104.088288936764">
        <ele>1059.99</ele>
        <time>2012-09-12T22:44:54Z</time>
      </trkpt>
      <trkpt lat="51.4663175214082" lon="104.08813311718404">
        <ele>1065.28</ele>
        <time>2012-09-12T22:45:27Z</time>
      </trkpt>
      <trkpt lat="51.466332273557782" lon="104.08804493956268">
        <ele>1068.6400000000001</ele>
        <time>2012-09-12T22:45:42Z</time>
      </trkpt>
      <trkpt lat="51.466217692941427" lon="104.08782323822379">
        <ele>1065.28</ele>
        <time>2012-09-12T22:46:06Z</time>
      </trkpt>
      <trkpt lat="51.466208137571812" lon="104.08781829290092">
        <ele>1065.28</ele>
        <time>2012-09-12T22:46:07Z</time>
      </trkpt>
      <trkpt lat="51.466109734028578" lon="104.08763690851629">
        <ele>1063.8399999999999</ele>
        <time>2012-09-12T22:46:27Z</time>
      </trkpt>
      <trkpt lat="51.465991716831923" lon="104.08738461323082">
        <ele>1066.72</ele>
        <time>2012-09-12T22:46:57Z</time>
      </trkpt>
      <trkpt lat="51.466002613306046" lon="104.08722116611898">
        <ele>1070.0799999999999</ele>
        <time>2012-09-12T22:47:12Z</time>
      </trkpt>
      <trkpt lat="51.46594419144094" lon="104.08719367347658">
        <ele>1069.5999999999999</ele>
        <time>2012-09-12T22:47:22Z</time>
      </trkpt>
      <trkpt lat="51.465993477031589" lon="104.08698370680213">
        <ele>1072.97</ele>
        <time>2012-09-12T22:47:35Z</time>
      </trkpt>
      <trkpt lat="51.466078301891685" lon="104.08671506680548">
        <ele>1077.78</ele>
        <time>2012-09-12T22:48:03Z</time>
      </trkpt>
      <trkpt lat="51.466160360723734" lon="104.08656679093838">
        <ele>1082.0999999999999</ele>
        <time>2012-09-12T22:48:25Z</time>
      </trkpt>
      <trkpt lat="51.466225907206535" lon="104.08646813593805">
        <ele>1086.4300000000001</ele>
        <time>2012-09-12T22:48:45Z</time>
      </trkpt>
      <trkpt lat="51.466234372928739" lon="104.08641750924289">
        <ele>1089.79</ele>
        <time>2012-09-12T22:48:55Z</time>
      </trkpt>
      <trkpt lat="51.466287765651941" lon="104.08627359196544">
        <ele>1093.1600000000001</ele>
        <time>2012-09-12T22:49:15Z</time>
      </trkpt>
      <trkpt lat="51.466273264959455" lon="104.08624593168497">
        <ele>1097.96</ele>
        <time>2012-09-12T22:49:34Z</time>
      </trkpt>
      <trkpt lat="51.466185841709375" lon="104.08615163527429">
        <ele>1101.8099999999999</ele>
        <time>2012-09-12T22:49:49Z</time>
      </trkpt>
      <trkpt lat="51.466124737635255" lon="104.08605641685426">
        <ele>1101.8099999999999</ele>
        <time>2012-09-12T22:49:57Z</time>
      </trkpt>
      <trkpt lat="51.466078804805875" lon="104.08594510518014">
        <ele>1100.3699999999999</ele>
        <time>2012-09-12T22:53:10Z</time>
      </trkpt>
      <trkpt lat="51.466028178110719" lon="104.08601836301386">
        <ele>1102.29</ele>
        <time>2012-09-12T22:57:30Z</time>
      </trkpt>
      <trkpt lat="51.465893061831594" lon="104.08585843630135">
        <ele>1106.1300000000001</ele>
        <time>2012-09-12T22:57:53Z</time>
      </trkpt>
      <trkpt lat="51.465726681053638" lon="104.08562391065061">
        <ele>1109.5</ele>
        <time>2012-09-12T22:58:29Z</time>
      </trkpt>
      <trkpt lat="51.465646466240287" lon="104.08562617376447">
        <ele>1110.9400000000001</ele>
        <time>2012-09-12T22:58:41Z</time>
      </trkpt>
      <trkpt lat="51.465578069910407" lon="104.08570169471204">
        <ele>1112.3800000000001</ele>
        <time>2012-09-12T22:58:50Z</time>
      </trkpt>
      <trkpt lat="51.46542183123529" lon="104.0857058018446">
        <ele>1116.23</ele>
        <time>2012-09-12T22:59:17Z</time>
      </trkpt>
      <trkpt lat="51.465216474607587" lon="104.08572994172573">
        <ele>1120.55</ele>
        <time>2012-09-12T22:59:44Z</time>
      </trkpt>
      <trkpt lat="51.465104660019279" lon="104.0855068154633">
        <ele>1126.3199999999999</ele>
        <time>2012-09-12T23:00:18Z</time>
      </trkpt>
      <trkpt lat="51.464953534305096" lon="104.08555316738784">
        <ele>1131.1300000000001</ele>
        <time>2012-09-12T23:00:40Z</time>
      </trkpt>
      <trkpt lat="51.464865691959858" lon="104.08548996783793">
        <ele>1134.49</ele>
        <time>2012-09-12T23:00:58Z</time>
      </trkpt>
      <trkpt lat="51.464748680591583" lon="104.08541813492775">
        <ele>1137.8599999999999</ele>
        <time>2012-09-12T23:01:18Z</time>
      </trkpt>
      <trkpt lat="51.464653629809618" lon="104.08536080271006">
        <ele>1139.78</ele>
        <time>2012-09-12T23:01:31Z</time>
      </trkpt>
      <trkpt lat="51.464523039758205" lon="104.08529056236148">
        <ele>1140.26</ele>
        <time>2012-09-12T23:01:48Z</time>
      </trkpt>
      <trkpt lat="51.46437032148242" lon="104.08502167090774">
        <ele>1137.3800000000001</ele>
        <time>2012-09-12T23:02:06Z</time>
      </trkpt>
      <trkpt lat="51.463999841362238" lon="104.08478312194347">
        <ele>1135.45</ele>
        <time>2012-09-12T23:02:42Z</time>
      </trkpt>
      <trkpt lat="51.46369457244873" lon="104.08471891656518">
        <ele>1137.3800000000001</ele>
        <time>2012-09-12T23:03:11Z</time>
      </trkpt>
      <trkpt lat="51.46358753554523" lon="104.08460835926235">
        <ele>1137.8599999999999</ele>
        <time>2012-09-12T23:03:26Z</time>
      </trkpt>
      <trkpt lat="51.463145390152931" lon="104.08408247865736">
        <ele>1142.6600000000001</ele>
        <time>2012-09-12T23:04:34Z</time>
      </trkpt>
      <trkpt lat="51.463040113449097" lon="104.08404786139727">
        <ele>1145.0699999999999</ele>
        <time>2012-09-12T23:04:49Z</time>
      </trkpt>
      <trkpt lat="51.462869793176651" lon="104.08370403572917">
        <ele>1149.8699999999999</ele>
        <time>2012-09-12T23:05:27Z</time>
      </trkpt>
      <trkpt lat="51.462857304140925" lon="104.08367763273418">
        <ele>1150.3499999999999</ele>
        <time>2012-09-12T23:05:30Z</time>
      </trkpt>
      <trkpt lat="51.462734090164304" lon="104.08273072913289">
        <ele>1150.8399999999999</ele>
        <time>2012-09-12T23:06:42Z</time>
      </trkpt>
      <trkpt lat="51.462542982771993" lon="104.08239386044443">
        <ele>1152.76</ele>
        <time>2012-09-12T23:07:15Z</time>
      </trkpt>
      <trkpt lat="51.462447261437774" lon="104.08210711553693">
        <ele>1157.0799999999999</ele>
        <time>2012-09-12T23:07:45Z</time>
      </trkpt>
      <trkpt lat="51.462410213425756" lon="104.08200016245246">
        <ele>1160.9300000000001</ele>
        <time>2012-09-12T23:07:57Z</time>
      </trkpt>
      <trkpt lat="51.462388336658478" lon="104.08199940808117">
        <ele>1161.8900000000001</ele>
        <time>2012-09-12T23:08:03Z</time>
      </trkpt>
      <trkpt lat="51.462336117401719" lon="104.08178206533194">
        <ele>1165.26</ele>
        <time>2012-09-12T23:08:23Z</time>
      </trkpt>
      <trkpt lat="51.462236288934946" lon="104.08150982111692">
        <ele>1170.0599999999999</ele>
        <time>2012-09-12T23:08:50Z</time>
      </trkpt>
      <trkpt lat="51.462082983925939" lon="104.0812830068171">
        <ele>1175.3499999999999</ele>
        <time>2012-09-12T23:09:25Z</time>
      </trkpt>
      <trkpt lat="51.46197703666985" lon="104.08123414032161">
        <ele>1179.1900000000001</ele>
        <time>2012-09-12T23:09:43Z</time>
      </trkpt>
      <trkpt lat="51.461928589269519" lon="104.08123263157904">
        <ele>1179.1900000000001</ele>
        <time>2012-09-12T23:09:47Z</time>
      </trkpt>
      <trkpt lat="51.4618104044348" lon="104.08114671707153">
        <ele>1183.52</ele>
        <time>2012-09-12T23:10:09Z</time>
      </trkpt>
      <trkpt lat="51.461804704740644" lon="104.08114898018539">
        <ele>1183.52</ele>
        <time>2012-09-12T23:10:10Z</time>
      </trkpt>
      <trkpt lat="51.461746115237474" lon="104.08116281032562">
        <ele>1186.4000000000001</ele>
        <time>2012-09-12T23:10:21Z</time>
      </trkpt>
      <trkpt lat="51.46161837503314" lon="104.08114906400442">
        <ele>1190.73</ele>
        <time>2012-09-12T23:10:41Z</time>
      </trkpt>
      <trkpt lat="51.461487030610442" lon="104.08113665878773">
        <ele>1193.1300000000001</ele>
        <time>2012-09-12T23:10:56Z</time>
      </trkpt>
      <trkpt lat="51.461277818307281" lon="104.08103649504483">
        <ele>1196.5</ele>
        <time>2012-09-12T23:11:26Z</time>
      </trkpt>
      <trkpt lat="51.461150664836168" lon="104.08100556582212">
        <ele>1198.9000000000001</ele>
        <time>2012-09-12T23:11:39Z</time>
      </trkpt>
      <trkpt lat="51.460908176377416" lon="104.08093473874032">
        <ele>1200.3399999999999</ele>
        <time>2012-09-12T23:12:12Z</time>
      </trkpt>
      <trkpt lat="51.460776412859559" lon="104.08076743595302">
        <ele>1198.9000000000001</ele>
        <time>2012-09-12T23:12:29Z</time>
      </trkpt>
      <trkpt lat="51.46063475869596" lon="104.08062511123717">
        <ele>1198.4200000000001</ele>
        <time>2012-09-12T23:12:47Z</time>
      </trkpt>
      <trkpt lat="51.460492936894298" lon="104.08062980510294">
        <ele>1202.27</ele>
        <time>2012-09-12T23:13:07Z</time>
      </trkpt>
      <trkpt lat="51.460395958274603" lon="104.08057012595236">
        <ele>1206.1099999999999</ele>
        <time>2012-09-12T23:13:30Z</time>
      </trkpt>
      <trkpt lat="51.460311971604824" lon="104.08053433522582">
        <ele>1209.96</ele>
        <time>2012-09-12T23:13:44Z</time>
      </trkpt>
      <trkpt lat="51.460196804255247" lon="104.08050105907023">
        <ele>1214.28</ele>
        <time>2012-09-12T23:14:01Z</time>
      </trkpt>
      <trkpt lat="51.460102507844567" lon="104.08044288866222">
        <ele>1218.1300000000001</ele>
        <time>2012-09-12T23:14:21Z</time>
      </trkpt>
      <trkpt lat="51.460051210597157" lon="104.08041816204786">
        <ele>1219.5699999999999</ele>
        <time>2012-09-12T23:14:32Z</time>
      </trkpt>
      <trkpt lat="51.460030423477292" lon="104.08042461611331">
        <ele>1219.5699999999999</ele>
        <time>2012-09-12T23:14:34Z</time>
      </trkpt>
      <trkpt lat="51.459765722975135" lon="104.0803215187043">
        <ele>1223.4200000000001</ele>
        <time>2012-09-12T23:15:06Z</time>
      </trkpt>
      <trkpt lat="51.459746360778809" lon="104.08030240796506">
        <ele>1223.4200000000001</ele>
        <time>2012-09-12T23:15:08Z</time>
      </trkpt>
      <trkpt lat="51.459653405472636" lon="104.08013979904354">
        <ele>1225.3399999999999</ele>
        <time>2012-09-12T23:15:22Z</time>
      </trkpt>
      <trkpt lat="51.459618201479316" lon="104.08012102358043">
        <ele>1225.3399999999999</ele>
        <time>2012-09-12T23:15:25Z</time>
      </trkpt>
      <trkpt lat="51.459355177357793" lon="104.07992270775139">
        <ele>1228.7</ele>
        <time>2012-09-12T23:15:54Z</time>
      </trkpt>
      <trkpt lat="51.459224671125412" lon="104.0797131601721">
        <ele>1232.0699999999999</ele>
        <time>2012-09-12T23:16:19Z</time>
      </trkpt>
      <trkpt lat="51.459060469642282" lon="104.07959623262286">
        <ele>1237.3499999999999</ele>
        <time>2012-09-12T23:16:47Z</time>
      </trkpt>
      <trkpt lat="51.458942368626595" lon="104.07957879826427">
        <ele>1240.72</ele>
        <time>2012-09-12T23:17:05Z</time>
      </trkpt>
      <trkpt lat="51.458810186013579" lon="104.07955734059215">
        <ele>1244.5599999999999</ele>
        <time>2012-09-12T23:17:24Z</time>
      </trkpt>
      <trkpt lat="51.458717817440629" lon="104.0794874355197">
        <ele>1248.4100000000001</ele>
        <time>2012-09-12T23:17:45Z</time>
      </trkpt>
      <trkpt lat="51.458650678396225" lon="104.07937419600785">
        <ele>1251.77</ele>
        <time>2012-09-12T23:17:59Z</time>
      </trkpt>
      <trkpt lat="51.458561159670353" lon="104.07930680550635">
        <ele>1254.1800000000001</ele>
        <time>2012-09-12T23:18:14Z</time>
      </trkpt>
      <trkpt lat="51.458504665642977" lon="104.079311164096">
        <ele>1254.1800000000001</ele>
        <time>2012-09-12T23:18:18Z</time>
      </trkpt>
      <trkpt lat="51.458375165238976" lon="104.07924293540418">
        <ele>1254.1800000000001</ele>
        <time>2012-09-12T23:18:35Z</time>
      </trkpt>
      <trkpt lat="51.458217836916447" lon="104.07910496927798">
        <ele>1257.54</ele>
        <time>2012-09-12T23:18:58Z</time>
      </trkpt>
      <trkpt lat="51.45819696597755" lon="104.07910329289734">
        <ele>1257.54</ele>
        <time>2012-09-12T23:19:01Z</time>
      </trkpt>
      <trkpt lat="51.457964619621634" lon="104.07900027930737">
        <ele>1260.9100000000001</ele>
        <time>2012-09-12T23:19:30Z</time>
      </trkpt>
      <trkpt lat="51.457775188609958" lon="104.07882476225495">
        <ele>1260.4300000000001</ele>
        <time>2012-09-12T23:19:55Z</time>
      </trkpt>
      <trkpt lat="51.457484168931842" lon="104.0786446351558">
        <ele>1264.75</ele>
        <time>2012-09-12T23:20:23Z</time>
      </trkpt>
      <trkpt lat="51.457182001322508" lon="104.07852393575013">
        <ele>1268.5999999999999</ele>
        <time>2012-09-12T23:20:47Z</time>
      </trkpt>
      <trkpt lat="51.457095835357904" lon="104.07844698987901">
        <ele>1270.04</ele>
        <time>2012-09-12T23:20:59Z</time>
      </trkpt>
      <trkpt lat="51.456914534792304" lon="104.07829519361258">
        <ele>1273.4000000000001</ele>
        <time>2012-09-12T23:21:20Z</time>
      </trkpt>
      <trkpt lat="51.456699203699827" lon="104.07809008844197">
        <ele>1277.73</ele>
        <time>2012-09-12T23:21:48Z</time>
      </trkpt>
      <trkpt lat="51.456672130152583" lon="104.07809117808938">
        <ele>1277.73</ele>
        <time>2012-09-12T23:21:51Z</time>
      </trkpt>
      <trkpt lat="51.456438358873129" lon="104.07791339792311">
        <ele>1281.0899999999999</ele>
        <time>2012-09-12T23:22:18Z</time>
      </trkpt>
      <trkpt lat="51.456246413290501" lon="104.07776956446469">
        <ele>1284.9400000000001</ele>
        <time>2012-09-12T23:22:54Z</time>
      </trkpt>
      <trkpt lat="51.456108363345265" lon="104.07779797911644">
        <ele>1288.78</ele>
        <time>2012-09-12T23:23:20Z</time>
      </trkpt>
      <trkpt lat="51.456027310341597" lon="104.0777067001909">
        <ele>1293.1099999999999</ele>
        <time>2012-09-12T23:23:48Z</time>
      </trkpt>
      <trkpt lat="51.455993195995688" lon="104.0776982344687">
        <ele>1294.55</ele>
        <time>2012-09-12T23:23:59Z</time>
      </trkpt>
      <trkpt lat="51.455965200439095" lon="104.07766713760793">
        <ele>1298.8800000000001</ele>
        <time>2012-09-12T23:24:22Z</time>
      </trkpt>
      <trkpt lat="51.455882135778666" lon="104.07754593528807">
        <ele>1303.6900000000001</ele>
        <time>2012-09-12T23:24:56Z</time>
      </trkpt>
      <trkpt lat="51.455811308696866" lon="104.07749530859292">
        <ele>1308.01</ele>
        <time>2012-09-12T23:25:16Z</time>
      </trkpt>
      <trkpt lat="51.455756993964314" lon="104.07748223282397">
        <ele>1309.45</ele>
        <time>2012-09-12T23:25:27Z</time>
      </trkpt>
      <trkpt lat="51.455740565434098" lon="104.07750687561929">
        <ele>1309.45</ele>
        <time>2012-09-12T23:25:29Z</time>
      </trkpt>
      <trkpt lat="51.455678539350629" lon="104.07746253535151">
        <ele>1310.9000000000001</ele>
        <time>2012-09-12T23:25:38Z</time>
      </trkpt>
      <trkpt lat="51.455542836338282" lon="104.07737938687205">
        <ele>1313.3</ele>
        <time>2012-09-12T23:26:05Z</time>
      </trkpt>
      <trkpt lat="51.455473266541958" lon="104.07744208350778">
        <ele>1316.6600000000001</ele>
        <time>2012-09-12T23:26:22Z</time>
      </trkpt>
      <trkpt lat="51.455336306244135" lon="104.07753319479525">
        <ele>1321.47</ele>
        <time>2012-09-12T23:26:56Z</time>
      </trkpt>
      <trkpt lat="51.455277465283871" lon="104.07756932079792">
        <ele>1324.8299999999999</ele>
        <time>2012-09-12T23:27:08Z</time>
      </trkpt>
      <trkpt lat="51.455165734514594" lon="104.07756077125669">
        <ele>1328.6800000000001</ele>
        <time>2012-09-12T23:27:31Z</time>
      </trkpt>
      <trkpt lat="51.455064062029123" lon="104.0775304287672">
        <ele>1332.52</ele>
        <time>2012-09-12T23:27:49Z</time>
      </trkpt>
      <trkpt lat="51.455030702054501" lon="104.07753696665168">
        <ele>1333.97</ele>
        <time>2012-09-12T23:28:04Z</time>
      </trkpt>
      <trkpt lat="51.454964736476541" lon="104.07752866856754">
        <ele>1334.45</ele>
        <time>2012-09-12T23:28:11Z</time>
      </trkpt>
      <trkpt lat="51.454867338761687" lon="104.07743462361395">
        <ele>1338.29</ele>
        <time>2012-09-12T23:28:51Z</time>
      </trkpt>
      <trkpt lat="51.454865410923958" lon="104.07741953618824">
        <ele>1338.29</ele>
        <time>2012-09-12T23:28:53Z</time>
      </trkpt>
      <trkpt lat="51.454771282151341" lon="104.07722742296755">
        <ele>1342.1400000000001</ele>
        <time>2012-09-12T23:29:19Z</time>
      </trkpt>
      <trkpt lat="51.454547736793756" lon="104.07702030614018">
        <ele>1344.0599999999999</ele>
        <time>2012-09-12T23:29:49Z</time>
      </trkpt>
      <trkpt lat="51.454472132027149" lon="104.07690949738026">
        <ele>1340.7</ele>
        <time>2012-09-12T23:30:06Z</time>
      </trkpt>
      <trkpt lat="51.454388312995434" lon="104.07679567113519">
        <ele>1340.7</ele>
        <time>2012-09-12T23:30:16Z</time>
      </trkpt>
      <trkpt lat="51.454253029078245" lon="104.07647489570081">
        <ele>1344.0599999999999</ele>
        <time>2012-09-12T23:30:41Z</time>
      </trkpt>
      <trkpt lat="51.454164935275912" lon="104.07645259983838">
        <ele>1345.98</ele>
        <time>2012-09-12T23:30:54Z</time>
      </trkpt>
      <trkpt lat="51.453944239765406" lon="104.07624422572553">
        <ele>1349.3499999999999</ele>
        <time>2012-09-12T23:31:20Z</time>
      </trkpt>
      <trkpt lat="51.453850110992789" lon="104.07611338421702">
        <ele>1352.23</ele>
        <time>2012-09-12T23:31:35Z</time>
      </trkpt>
      <trkpt lat="51.453690435737371" lon="104.07595697790384">
        <ele>1357.04</ele>
        <time>2012-09-12T23:32:01Z</time>
      </trkpt>
      <trkpt lat="51.453559175133705" lon="104.07578179612756">
        <ele>1361.8399999999999</ele>
        <time>2012-09-12T23:32:28Z</time>
      </trkpt>
      <trkpt lat="51.45343772135675" lon="104.07572706229985">
        <ele>1365.21</ele>
        <time>2012-09-12T23:32:44Z</time>
      </trkpt>
      <trkpt lat="51.453291373327374" lon="104.07553168013692">
        <ele>1368.5699999999999</ele>
        <time>2012-09-12T23:33:09Z</time>
      </trkpt>
      <trkpt lat="51.453184084966779" lon="104.07545221969485">
        <ele>1371.46</ele>
        <time>2012-09-12T23:33:23Z</time>
      </trkpt>
      <trkpt lat="51.453030528500676" lon="104.0752787142992">
        <ele>1375.3</ele>
        <time>2012-09-12T23:33:56Z</time>
      </trkpt>
      <trkpt lat="51.452975291758776" lon="104.07517117448151">
        <ele>1380.5899999999999</ele>
        <time>2012-09-12T23:34:16Z</time>
      </trkpt>
      <trkpt lat="51.452909493818879" lon="104.07507478259504">
        <ele>1383.96</ele>
        <time>2012-09-12T23:34:33Z</time>
      </trkpt>
      <trkpt lat="51.452749818563461" lon="104.07497872598469">
        <ele>1388.76</ele>
        <time>2012-09-12T23:35:01Z</time>
      </trkpt>
      <trkpt lat="51.452697934582829" lon="104.07498568296432">
        <ele>1391.1700000000001</ele>
        <time>2012-09-12T23:35:12Z</time>
      </trkpt>
      <trkpt lat="51.452561812475324" lon="104.07482081092894">
        <ele>1395.01</ele>
        <time>2012-09-12T23:35:42Z</time>
      </trkpt>
      <trkpt lat="51.45255871117115" lon="104.07481318339705">
        <ele>1395.01</ele>
        <time>2012-09-12T23:35:43Z</time>
      </trkpt>
      <trkpt lat="51.452471790835261" lon="104.07475710846484">
        <ele>1398.3699999999999</ele>
        <time>2012-09-12T23:36:03Z</time>
      </trkpt>
      <trkpt lat="51.452461397275329" lon="104.07471838407218">
        <ele>1394.05</ele>
        <time>2012-09-12T23:39:10Z</time>
      </trkpt>
      <trkpt lat="51.452461397275329" lon="104.07471888698637">
        <ele>1397.8900000000001</ele>
        <time>2012-09-12T23:39:11Z</time>
      </trkpt>
      <trkpt lat="51.452453769743443" lon="104.07473338767886">
        <ele>1398.8599999999999</ele>
        <time>2012-09-12T23:39:30Z</time>
      </trkpt>
      <trkpt lat="51.452425271272659" lon="104.074628027156">
        <ele>1402.22</ele>
        <time>2012-09-12T23:40:21Z</time>
      </trkpt>
      <trkpt lat="51.452347319573164" lon="104.07461520284414">
        <ele>1406.0699999999999</ele>
        <time>2012-09-12T23:40:40Z</time>
      </trkpt>
      <trkpt lat="51.452270373702049" lon="104.07457061111927">
        <ele>1407.99</ele>
        <time>2012-09-12T23:40:55Z</time>
      </trkpt>
      <trkpt lat="51.452215472236276" lon="104.07454378902912">
        <ele>1411.8299999999999</ele>
        <time>2012-09-12T23:41:10Z</time>
      </trkpt>
      <trkpt lat="51.452228464186192" lon="104.07441277988255">
        <ele>1416.6400000000001</ele>
        <time>2012-09-12T23:41:39Z</time>
      </trkpt>
      <trkpt lat="51.452179932966828" lon="104.07431948930025">
        <ele>1420.49</ele>
        <time>2012-09-12T23:42:00Z</time>
      </trkpt>
      <trkpt lat="51.452131737023592" lon="104.07429048791528">
        <ele>1423.8499999999999</ele>
        <time>2012-09-12T23:42:18Z</time>
      </trkpt>
      <trkpt lat="51.452058060094714" lon="104.07418437302113">
        <ele>1429.1400000000001</ele>
        <time>2012-09-12T23:42:42Z</time>
      </trkpt>
      <trkpt lat="51.452004164457321" lon="104.07412930391729">
        <ele>1433.9400000000001</ele>
        <time>2012-09-12T23:43:07Z</time>
      </trkpt>
      <trkpt lat="51.451987400650978" lon="104.07409611158073">
        <ele>1437.79</ele>
        <time>2012-09-12T23:43:26Z</time>
      </trkpt>
      <trkpt lat="51.451945658773184" lon="104.07407180406153">
        <ele>1441.6300000000001</ele>
        <time>2012-09-12T23:43:48Z</time>
      </trkpt>
      <trkpt lat="51.451875166967511" lon="104.07397910021245">
        <ele>1446.4400000000001</ele>
        <time>2012-09-12T23:44:09Z</time>
      </trkpt>
      <trkpt lat="51.45186678506434" lon="104.07392813824117">
        <ele>1450.29</ele>
        <time>2012-09-12T23:44:26Z</time>
      </trkpt>
      <trkpt lat="51.45182236097753" lon="104.07383685931563">
        <ele>1455.5699999999999</ele>
        <time>2012-09-12T23:44:58Z</time>
      </trkpt>
      <trkpt lat="51.451788665726781" lon="104.07378698699176">
        <ele>1460.3800000000001</ele>
        <time>2012-09-12T23:45:26Z</time>
      </trkpt>
      <trkpt lat="51.4517617598176" lon="104.07370786182582">
        <ele>1463.74</ele>
        <time>2012-09-12T23:45:47Z</time>
      </trkpt>
      <trkpt lat="51.451733512803912" lon="104.07357743941247">
        <ele>1467.5899999999999</ele>
        <time>2012-09-12T23:46:13Z</time>
      </trkpt>
      <trkpt lat="51.451717335730791" lon="104.07351734116673">
        <ele>1471.4400000000001</ele>
        <time>2012-09-12T23:46:33Z</time>
      </trkpt>
      <trkpt lat="51.451716413721442" lon="104.07351708970964">
        <ele>1471.4400000000001</ele>
        <time>2012-09-12T23:46:34Z</time>
      </trkpt>
      <trkpt lat="51.451719934120774" lon="104.07347593456507">
        <ele>1474.8</ele>
        <time>2012-09-12T23:46:56Z</time>
      </trkpt>
      <trkpt lat="51.451650615781546" lon="104.07344936393201">
        <ele>1478.6500000000001</ele>
        <time>2012-09-12T23:47:18Z</time>
      </trkpt>
      <trkpt lat="51.451599067077041" lon="104.0734342765063">
        <ele>1482.01</ele>
        <time>2012-09-12T23:47:40Z</time>
      </trkpt>
      <trkpt lat="51.451549781486392" lon="104.07332598231733">
        <ele>1486.8199999999999</ele>
        <time>2012-09-12T23:48:01Z</time>
      </trkpt>
      <trkpt lat="51.451465291902423" lon="104.0733082126826">
        <ele>1490.6600000000001</ele>
        <time>2012-09-12T23:48:22Z</time>
      </trkpt>
      <trkpt lat="51.451440313830972" lon="104.07322271727026">
        <ele>1494.51</ele>
        <time>2012-09-12T23:48:43Z</time>
      </trkpt>
      <trkpt lat="51.451444504782557" lon="104.07318047247827">
        <ele>1497.8699999999999</ele>
        <time>2012-09-12T23:49:03Z</time>
      </trkpt>
      <trkpt lat="51.451416425406933" lon="104.07313177362084">
        <ele>1501.72</ele>
        <time>2012-09-12T23:49:27Z</time>
      </trkpt>
      <trkpt lat="51.451417095959187" lon="104.07307310029864">
        <ele>1506.04</ele>
        <time>2012-09-12T23:49:49Z</time>
      </trkpt>
      <trkpt lat="51.451411563903093" lon="104.0730338729918">
        <ele>1509.8900000000001</ele>
        <time>2012-09-12T23:50:13Z</time>
      </trkpt>
      <trkpt lat="51.451337216421962" lon="104.07302247360349">
        <ele>1513.73</ele>
        <time>2012-09-12T23:50:36Z</time>
      </trkpt>
      <trkpt lat="51.451312238350511" lon="104.07300973311067">
        <ele>1516.1400000000001</ele>
        <time>2012-09-12T23:51:03Z</time>
      </trkpt>
      <trkpt lat="51.451297737658024" lon="104.07295080833137">
        <ele>1519.5</ele>
        <time>2012-09-12T23:52:00Z</time>
      </trkpt>
      <trkpt lat="51.451287008821964" lon="104.07282583415508">
        <ele>1524.79</ele>
        <time>2012-09-12T23:52:22Z</time>
      </trkpt>
      <trkpt lat="51.451336378231645" lon="104.07267755828798">
        <ele>1528.1500000000001</ele>
        <time>2012-09-12T23:52:40Z</time>
      </trkpt>
      <trkpt lat="51.45127359777689" lon="104.07259323634207">
        <ele>1532.96</ele>
        <time>2012-09-12T23:53:02Z</time>
      </trkpt>
      <trkpt lat="51.451223809272051" lon="104.07257705926895">
        <ele>1537.29</ele>
        <time>2012-09-12T23:53:23Z</time>
      </trkpt>
      <trkpt lat="51.451172009110451" lon="104.07255384139717">
        <ele>1540.6500000000001</ele>
        <time>2012-09-12T23:53:42Z</time>
      </trkpt>
      <trkpt lat="51.451069666072726" lon="104.07257043756545">
        <ele>1545.9400000000001</ele>
        <time>2012-09-12T23:54:15Z</time>
      </trkpt>
      <trkpt lat="51.451028762385249" lon="104.07246113754809">
        <ele>1551.22</ele>
        <time>2012-09-12T23:54:38Z</time>
      </trkpt>
      <trkpt lat="51.450928682461381" lon="104.07248443923891">
        <ele>1554.5899999999999</ele>
        <time>2012-09-12T23:54:58Z</time>
      </trkpt>
      <trkpt lat="51.450846707448363" lon="104.07251176424325">
        <ele>1557.95</ele>
        <time>2012-09-12T23:55:12Z</time>
      </trkpt>
      <trkpt lat="51.450729025527835" lon="104.07249533571303">
        <ele>1562.76</ele>
        <time>2012-09-12T23:55:36Z</time>
      </trkpt>
      <trkpt lat="51.450630202889442" lon="104.07262575812638">
        <ele>1567.5699999999999</ele>
        <time>2012-09-12T23:55:58Z</time>
      </trkpt>
      <trkpt lat="51.450549401342869" lon="104.07271443866193">
        <ele>1570.9300000000001</ele>
        <time>2012-09-12T23:56:20Z</time>
      </trkpt>
      <trkpt lat="51.450381092727184" lon="104.07281317748129">
        <ele>1575.74</ele>
        <time>2012-09-12T23:56:46Z</time>
      </trkpt>
      <trkpt lat="51.450305068865418" lon="104.07291853800416">
        <ele>1580.0599999999999</ele>
        <time>2012-09-12T23:57:02Z</time>
      </trkpt>
      <trkpt lat="51.45023969002068" lon="104.07310428097844">
        <ele>1584.8699999999999</ele>
        <time>2012-09-12T23:57:23Z</time>
      </trkpt>
      <trkpt lat="51.450078086927533" lon="104.07321986742318">
        <ele>1589.6800000000001</ele>
        <time>2012-09-12T23:57:47Z</time>
      </trkpt>
      <trkpt lat="51.450050007551908" lon="104.07325783744454">
        <ele>1590.6400000000001</ele>
        <time>2012-09-12T23:57:52Z</time>
      </trkpt>
      <trkpt lat="51.449871892109513" lon="104.07346847467124">
        <ele>1592.0799999999999</ele>
        <time>2012-09-12T23:58:23Z</time>
      </trkpt>
      <trkpt lat="51.449472326785326" lon="104.07279356382787">
        <ele>1591.5999999999999</ele>
        <time>2012-09-12T23:59:11Z</time>
      </trkpt>
      <trkpt lat="51.449313322082162" lon="104.07249558717012">
        <ele>1588.24</ele>
        <time>2012-09-12T23:59:25Z</time>
      </trkpt>
      <trkpt lat="51.449040323495865" lon="104.07201832160354">
        <ele>1581.99</ele>
        <time>2012-09-13T00:00:25Z</time>
      </trkpt>
      <trkpt lat="51.449027583003044" lon="104.0719976183027">
        <ele>1581.99</ele>
        <time>2012-09-13T00:00:26Z</time>
      </trkpt>
      <trkpt lat="51.448828596621752" lon="104.07164608128369">
        <ele>1577.6600000000001</ele>
        <time>2012-09-13T00:00:43Z</time>
      </trkpt>
      <trkpt lat="51.448701694607735" lon="104.0714661218226">
        <ele>1578.1400000000001</ele>
        <time>2012-09-13T00:00:57Z</time>
      </trkpt>
      <trkpt lat="51.448392067104578" lon="104.07096915878356">
        <ele>1583.4300000000001</ele>
        <time>2012-09-13T00:01:27Z</time>
      </trkpt>
      <trkpt lat="51.447967272251844" lon="104.06975721940398">
        <ele>1586.79</ele>
        <time>2012-09-13T00:02:27Z</time>
      </trkpt>
      <trkpt lat="51.447944473475218" lon="104.06952118501067">
        <ele>1590.1600000000001</ele>
        <time>2012-09-13T00:02:43Z</time>
      </trkpt>
      <trkpt lat="51.447904240339994" lon="104.06944960355759">
        <ele>1592.0799999999999</ele>
        <time>2012-09-13T00:02:52Z</time>
      </trkpt>
      <trkpt lat="51.447875574231148" lon="104.06923402100801">
        <ele>1594.48</ele>
        <time>2012-09-13T00:03:05Z</time>
      </trkpt>
      <trkpt lat="51.447880435734987" lon="104.06920133158565">
        <ele>1594.48</ele>
        <time>2012-09-13T00:03:07Z</time>
      </trkpt>
      <trkpt lat="51.447873897850513" lon="104.06914643011987">
        <ele>1594.48</ele>
        <time>2012-09-13T00:03:11Z</time>
      </trkpt>
      <trkpt lat="51.447818325832486" lon="104.06871752813458">
        <ele>1592.0799999999999</ele>
        <time>2012-09-13T00:03:33Z</time>
      </trkpt>
      <trkpt lat="51.447836179286242" lon="104.06822517514229">
        <ele>1595.45</ele>
        <time>2012-09-13T00:04:00Z</time>
      </trkpt>
      <trkpt lat="51.447817739099264" lon="104.06802183017135">
        <ele>1600.25</ele>
        <time>2012-09-13T00:04:20Z</time>
      </trkpt>
      <trkpt lat="51.447792174294591" lon="104.06783893704414">
        <ele>1605.0599999999999</ele>
        <time>2012-09-13T00:04:41Z</time>
      </trkpt>
      <trkpt lat="51.447776583954692" lon="104.06766157597303">
        <ele>1608.4200000000001</ele>
        <time>2012-09-13T00:05:02Z</time>
      </trkpt>
      <trkpt lat="51.447691591456532" lon="104.06739159487188">
        <ele>1613.71</ele>
        <time>2012-09-13T00:05:33Z</time>
      </trkpt>
      <trkpt lat="51.44766803830862" lon="104.06723451800644">
        <ele>1618.52</ele>
        <time>2012-09-13T00:05:55Z</time>
      </trkpt>
      <trkpt lat="51.447630738839507" lon="104.0670467633754">
        <ele>1621.8800000000001</ele>
        <time>2012-09-13T00:06:14Z</time>
      </trkpt>
      <trkpt lat="51.447586733847857" lon="104.06692505814135">
        <ele>1625.25</ele>
        <time>2012-09-13T00:06:27Z</time>
      </trkpt>
      <trkpt lat="51.44753317348659" lon="104.06677803955972">
        <ele>1629.5699999999999</ele>
        <time>2012-09-13T00:06:46Z</time>
      </trkpt>
      <trkpt lat="51.447531580924988" lon="104.06677007675171">
        <ele>1629.5699999999999</ele>
        <time>2012-09-13T00:06:47Z</time>
      </trkpt>
      <trkpt lat="51.447442565113306" lon="104.06659950502217">
        <ele>1634.8599999999999</ele>
        <time>2012-09-13T00:07:14Z</time>
      </trkpt>
      <trkpt lat="51.447367295622826" lon="104.06642968766391">
        <ele>1638.7</ele>
        <time>2012-09-13T00:07:46Z</time>
      </trkpt>
      <trkpt lat="51.44736310467124" lon="104.06636741012335">
        <ele>1643.03</ele>
        <time>2012-09-13T00:08:07Z</time>
      </trkpt>
      <trkpt lat="51.447331421077251" lon="104.06638341955841">
        <ele>1637.26</ele>
        <time>2012-09-13T00:08:29Z</time>
      </trkpt>
      <trkpt lat="51.447286913171411" lon="104.06631938181818">
        <ele>1635.3399999999999</ele>
        <time>2012-09-13T00:08:38Z</time>
      </trkpt>
      <trkpt lat="51.447195634245872" lon="104.06610941514373">
        <ele>1638.7</ele>
        <time>2012-09-13T00:09:02Z</time>
      </trkpt>
      <trkpt lat="51.447152970358729" lon="104.06595820561051">
        <ele>1642.55</ele>
        <time>2012-09-13T00:09:20Z</time>
      </trkpt>
      <trkpt lat="51.447163531556726" lon="104.06586969271302">
        <ele>1648.3199999999999</ele>
        <time>2012-09-13T00:09:46Z</time>
      </trkpt>
      <trkpt lat="51.447130758315325" lon="104.06571303494275">
        <ele>1651.6800000000001</ele>
        <time>2012-09-13T00:10:07Z</time>
      </trkpt>
      <trkpt lat="51.447066636756063" lon="104.06566131860018">
        <ele>1647.3599999999999</ele>
        <time>2012-09-13T00:10:23Z</time>
      </trkpt>
      <trkpt lat="51.447062026709318" lon="104.06566752120852">
        <ele>1647.3599999999999</ele>
        <time>2012-09-13T00:10:27Z</time>
      </trkpt>
      <trkpt lat="51.446948368102312" lon="104.0656204149127">
        <ele>1643.51</ele>
        <time>2012-09-13T00:11:00Z</time>
      </trkpt>
      <trkpt lat="51.446787770837545" lon="104.06523593701422">
        <ele>1637.74</ele>
        <time>2012-09-13T00:11:24Z</time>
      </trkpt>
      <trkpt lat="51.446781065315008" lon="104.06521833501756">
        <ele>1637.74</ele>
        <time>2012-09-13T00:11:25Z</time>
      </trkpt>
      <trkpt lat="51.446677129715681" lon="104.06479488126934">
        <ele>1641.1099999999999</ele>
        <time>2012-09-13T00:11:47Z</time>
      </trkpt>
      <trkpt lat="51.446649637073278" lon="104.0647533070296">
        <ele>1642.55</ele>
        <time>2012-09-13T00:11:50Z</time>
      </trkpt>
      <trkpt lat="51.446468839421868" lon="104.06451643444598">
        <ele>1647.3599999999999</ele>
        <time>2012-09-13T00:12:15Z</time>
      </trkpt>
      <trkpt lat="51.446444867178798" lon="104.0644860919565">
        <ele>1647.3599999999999</ele>
        <time>2012-09-13T00:12:20Z</time>
      </trkpt>
      <trkpt lat="51.446495410054922" lon="104.0646311827004">
        <ele>1643.03</ele>
        <time>2012-09-13T00:12:45Z</time>
      </trkpt>
      <trkpt lat="51.446478310972452" lon="104.06467233784497">
        <ele>1639.6700000000001</ele>
        <time>2012-09-13T00:12:52Z</time>
      </trkpt>
      <trkpt lat="51.446415865793824" lon="104.06466856598854">
        <ele>1635.8199999999999</ele>
        <time>2012-09-13T00:13:01Z</time>
      </trkpt>
      <trkpt lat="51.446304470300674" lon="104.06465423293412">
        <ele>1631.98</ele>
        <time>2012-09-13T00:14:02Z</time>
      </trkpt>
      <trkpt lat="51.446258118376136" lon="104.06468071974814">
        <ele>1627.1700000000001</ele>
        <time>2012-09-13T00:14:23Z</time>
      </trkpt>
      <trkpt lat="51.44621872343123" lon="104.06469605863094">
        <ele>1623.8</ele>
        <time>2012-09-13T00:14:30Z</time>
      </trkpt>
      <trkpt lat="51.446129959076643" lon="104.06460167840123">
        <ele>1619.48</ele>
        <time>2012-09-13T00:14:47Z</time>
      </trkpt>
      <trkpt lat="51.44607556052506" lon="104.06441090628505">
        <ele>1618.52</ele>
        <time>2012-09-13T00:15:05Z</time>
      </trkpt>
      <trkpt lat="51.445985538884997" lon="104.06402282416821">
        <ele>1618.04</ele>
        <time>2012-09-13T00:15:31Z</time>
      </trkpt>
      <trkpt lat="51.446004984900355" lon="104.06385309062898">
        <ele>1617.0699999999999</ele>
        <time>2012-09-13T00:15:42Z</time>
      </trkpt>
      <trkpt lat="51.44598763436079" lon="104.06374563463032">
        <ele>1613.71</ele>
        <time>2012-09-13T00:15:49Z</time>
      </trkpt>
      <trkpt lat="51.445862492546439" lon="104.063750077039">
        <ele>1613.23</ele>
        <time>2012-09-13T00:16:01Z</time>
      </trkpt>
      <trkpt lat="51.44586643204093" lon="104.06359576620162">
        <ele>1609.8599999999999</ele>
        <time>2012-09-13T00:16:10Z</time>
      </trkpt>
      <trkpt lat="51.445864336565137" lon="104.0634516812861">
        <ele>1606.5</ele>
        <time>2012-09-13T00:16:19Z</time>
      </trkpt>
      <trkpt lat="51.445883028209209" lon="104.06344195827842">
        <ele>1606.5</ele>
        <time>2012-09-13T00:16:22Z</time>
      </trkpt>
      <trkpt lat="51.445873640477657" lon="104.06332846730947">
        <ele>1602.6600000000001</ele>
        <time>2012-09-13T00:16:40Z</time>
      </trkpt>
      <trkpt lat="51.445873137563467" lon="104.06331773847342">
        <ele>1602.6600000000001</ele>
        <time>2012-09-13T00:16:41Z</time>
      </trkpt>
      <trkpt lat="51.445854529738426" lon="104.06330893747509">
        <ele>1602.1700000000001</ele>
        <time>2012-09-13T00:16:43Z</time>
      </trkpt>
      <trkpt lat="51.445707930251956" lon="104.06327717006207">
        <ele>1601.6900000000001</ele>
        <time>2012-09-13T00:16:58Z</time>
      </trkpt>
      <trkpt lat="51.445475835353136" lon="104.06320676207542">
        <ele>1597.8499999999999</ele>
        <time>2012-09-13T00:17:28Z</time>
      </trkpt>
      <trkpt lat="51.445438116788864" lon="104.06320223584771">
        <ele>1597.8499999999999</ele>
        <time>2012-09-13T00:17:33Z</time>
      </trkpt>
      <trkpt lat="51.445246506482363" lon="104.0629453305155">
        <ele>1595.9300000000001</ele>
        <time>2012-09-13T00:17:54Z</time>
      </trkpt>
      <trkpt lat="51.445048693567514" lon="104.06264433637261">
        <ele>1595.45</ele>
        <time>2012-09-13T00:18:10Z</time>
      </trkpt>
      <trkpt lat="51.444866387173533" lon="104.06257283873856">
        <ele>1597.3699999999999</ele>
        <time>2012-09-13T00:18:25Z</time>
      </trkpt>
      <trkpt lat="51.444685840979218" lon="104.06226497143507">
        <ele>1598.8099999999999</ele>
        <time>2012-09-13T00:18:48Z</time>
      </trkpt>
      <trkpt lat="51.444512084126472" lon="104.06211703084409">
        <ele>1603.1400000000001</ele>
        <time>2012-09-13T00:19:04Z</time>
      </trkpt>
      <trkpt lat="51.444440335035324" lon="104.06203631311655">
        <ele>1604.5799999999999</ele>
        <time>2012-09-13T00:19:13Z</time>
      </trkpt>
      <trkpt lat="51.44411226734519" lon="104.06139953993261">
        <ele>1606.98</ele>
        <time>2012-09-13T00:19:53Z</time>
      </trkpt>
      <trkpt lat="51.443878663703799" lon="104.06049823388457">
        <ele>1611.3099999999999</ele>
        <time>2012-09-13T00:20:40Z</time>
      </trkpt>
      <trkpt lat="51.443829126656055" lon="104.06034367159009">
        <ele>1614.1900000000001</ele>
        <time>2012-09-13T00:20:51Z</time>
      </trkpt>
      <trkpt lat="51.443599462509155" lon="104.05983438715339">
        <ele>1619</ele>
        <time>2012-09-13T00:21:21Z</time>
      </trkpt>
      <trkpt lat="51.443373989313841" lon="104.05938788317144">
        <ele>1619.96</ele>
        <time>2012-09-13T00:21:44Z</time>
      </trkpt>
      <trkpt lat="51.443046508356929" lon="104.05887893401086">
        <ele>1619.96</ele>
        <time>2012-09-13T00:22:14Z</time>
      </trkpt>
      <trkpt lat="51.44283696077764" lon="104.05847618356347">
        <ele>1620.4400000000001</ele>
        <time>2012-09-13T00:23:45Z</time>
      </trkpt>
      <trkpt lat="51.442825058475137" lon="104.05849697068334">
        <ele>1623.8</ele>
        <time>2012-09-13T00:31:42Z</time>
      </trkpt>
      <trkpt lat="51.442823968827724" lon="104.05850543640554">
        <ele>1618.04</ele>
        <time>2012-09-13T00:34:40Z</time>
      </trkpt>
      <trkpt lat="51.442823968827724" lon="104.05850660987198">
        <ele>1621.4000000000001</ele>
        <time>2012-09-13T00:34:41Z</time>
      </trkpt>
      <trkpt lat="51.442830422893167" lon="104.05850887298584">
        <ele>1612.75</ele>
        <time>2012-09-13T00:35:23Z</time>
      </trkpt>
      <trkpt lat="51.442830422893167" lon="104.05850853770971">
        <ele>1621.4000000000001</ele>
        <time>2012-09-13T00:35:24Z</time>
      </trkpt>
      <trkpt lat="51.442828662693501" lon="104.0585108846426">
        <ele>1622.8399999999999</ele>
        <time>2012-09-13T00:35:36Z</time>
      </trkpt>
      <trkpt lat="51.442538816481829" lon="104.0581017639488">
        <ele>1625.73</ele>
        <time>2012-09-13T00:37:10Z</time>
      </trkpt>
      <trkpt lat="51.442226758226752" lon="104.05804862268269">
        <ele>1630.05</ele>
        <time>2012-09-13T00:37:42Z</time>
      </trkpt>
      <trkpt lat="51.442204127088189" lon="104.05802557244897">
        <ele>1629.5699999999999</ele>
        <time>2012-09-13T00:37:45Z</time>
      </trkpt>
      <trkpt lat="51.442107064649463" lon="104.05792088247836">
        <ele>1632.9400000000001</ele>
        <time>2012-09-13T00:37:58Z</time>
      </trkpt>
      <trkpt lat="51.442093821242452" lon="104.0578995924443">
        <ele>1632.46</ele>
        <time>2012-09-13T00:38:00Z</time>
      </trkpt>
      <trkpt lat="51.441994160413742" lon="104.0576942358166">
        <ele>1637.26</ele>
        <time>2012-09-13T00:38:21Z</time>
      </trkpt>
      <trkpt lat="51.441976139321923" lon="104.05768836848438">
        <ele>1637.26</ele>
        <time>2012-09-13T00:38:23Z</time>
      </trkpt>
      <trkpt lat="51.44168327562511" lon="104.0575938206166">
        <ele>1637.74</ele>
        <time>2012-09-13T00:38:52Z</time>
      </trkpt>
      <trkpt lat="51.441635163500905" lon="104.05758501961827">
        <ele>1636.3</ele>
        <time>2012-09-13T00:38:56Z</time>
      </trkpt>
      <trkpt lat="51.441502897068858" lon="104.05748326331377">
        <ele>1637.74</ele>
        <time>2012-09-13T00:39:13Z</time>
      </trkpt>
      <trkpt lat="51.441293265670538" lon="104.05754176899791">
        <ele>1641.1099999999999</ele>
        <time>2012-09-13T00:39:43Z</time>
      </trkpt>
      <trkpt lat="51.441182037815452" lon="104.05746951699257">
        <ele>1644.95</ele>
        <time>2012-09-13T00:40:03Z</time>
      </trkpt>
      <trkpt lat="51.441147923469543" lon="104.05739986337721">
        <ele>1648.3199999999999</ele>
        <time>2012-09-13T00:40:20Z</time>
      </trkpt>
      <trkpt lat="51.441112635657191" lon="104.05730791389942">
        <ele>1650.24</ele>
        <time>2012-09-13T00:40:42Z</time>
      </trkpt>
      <trkpt lat="51.441030241549015" lon="104.05720146372914">
        <ele>1655.05</ele>
        <time>2012-09-13T00:41:10Z</time>
      </trkpt>
      <trkpt lat="51.440981375053525" lon="104.05710557475686">
        <ele>1658.4100000000001</ele>
        <time>2012-09-13T00:41:28Z</time>
      </trkpt>
      <trkpt lat="51.440953882411122" lon="104.05706643126905">
        <ele>1663.7</ele>
        <time>2012-09-13T00:41:49Z</time>
      </trkpt>
      <trkpt lat="51.440917504951358" lon="104.05701857060194">
        <ele>1668.51</ele>
        <time>2012-09-13T00:42:12Z</time>
      </trkpt>
      <trkpt lat="51.44081206060946" lon="104.05686643905938">
        <ele>1672.3499999999999</ele>
        <time>2012-09-13T00:42:35Z</time>
      </trkpt>
      <trkpt lat="51.440767636522651" lon="104.05678320676088">
        <ele>1675.72</ele>
        <time>2012-09-13T00:42:52Z</time>
      </trkpt>
      <trkpt lat="51.440698988735676" lon="104.05665756203234">
        <ele>1679.0799999999999</ele>
        <time>2012-09-13T00:43:13Z</time>
      </trkpt>
      <trkpt lat="51.440690271556377" lon="104.05659872107208">
        <ele>1679.0799999999999</ele>
        <time>2012-09-13T00:43:17Z</time>
      </trkpt>
      <trkpt lat="51.440581893548369" lon="104.05653099529445">
        <ele>1677.6400000000001</ele>
        <time>2012-09-13T00:43:40Z</time>
      </trkpt>
      <trkpt lat="51.440462535247207" lon="104.05598667450249">
        <ele>1672.3499999999999</ele>
        <time>2012-09-13T00:44:03Z</time>
      </trkpt>
      <trkpt lat="51.440449878573418" lon="104.05575382523239">
        <ele>1668.02</ele>
        <time>2012-09-13T00:44:13Z</time>
      </trkpt>
      <trkpt lat="51.440441915765405" lon="104.05567000620067">
        <ele>1666.5799999999999</ele>
        <time>2012-09-13T00:44:16Z</time>
      </trkpt>
      <trkpt lat="51.44038206897676" lon="104.05556866899133">
        <ele>1662.74</ele>
        <time>2012-09-13T00:44:22Z</time>
      </trkpt>
      <trkpt lat="51.440358096733689" lon="104.05547278001904">
        <ele>1659.3699999999999</ele>
        <time>2012-09-13T00:44:26Z</time>
      </trkpt>
      <trkpt lat="51.440305793657899" lon="104.05529080890119">
        <ele>1656.01</ele>
        <time>2012-09-13T00:44:34Z</time>
      </trkpt>
      <trkpt lat="51.440214514732361" lon="104.05507002957165">
        <ele>1650.24</ele>
        <time>2012-09-13T00:44:43Z</time>
      </trkpt>
      <trkpt lat="51.440201103687286" lon="104.05500666238368">
        <ele>1648.8</ele>
        <time>2012-09-13T00:44:46Z</time>
      </trkpt>
      <trkpt lat="51.440129606053233" lon="104.05486810952425">
        <ele>1645.4300000000001</ele>
        <time>2012-09-13T00:44:53Z</time>
      </trkpt>
      <trkpt lat="51.440001865848899" lon="104.05465202406049">
        <ele>1640.6300000000001</ele>
        <time>2012-09-13T00:45:04Z</time>
      </trkpt>
      <trkpt lat="51.439902791753411" lon="104.05453308485448">
        <ele>1636.3</ele>
        <time>2012-09-13T00:45:14Z</time>
      </trkpt>
      <trkpt lat="51.439761472865939" lon="104.05456116423011">
        <ele>1632.9400000000001</ele>
        <time>2012-09-13T00:45:24Z</time>
      </trkpt>
      <trkpt lat="51.439628703519702" lon="104.05451900325716">
        <ele>1628.6099999999999</ele>
        <time>2012-09-13T00:45:33Z</time>
      </trkpt>
      <trkpt lat="51.439388981088996" lon="104.05424198135734">
        <ele>1626.6900000000001</ele>
        <time>2012-09-13T00:45:56Z</time>
      </trkpt>
      <trkpt lat="51.439359895884991" lon="104.05407358892262">
        <ele>1626.21</ele>
        <time>2012-09-13T00:46:04Z</time>
      </trkpt>
      <trkpt lat="51.439167112112045" lon="104.05390117317438">
        <ele>1625.73</ele>
        <time>2012-09-13T00:46:19Z</time>
      </trkpt>
      <trkpt lat="51.438789172098041" lon="104.05357486568391">
        <ele>1630.05</ele>
        <time>2012-09-13T00:47:05Z</time>
      </trkpt>
      <trkpt lat="51.43876226618886" lon="104.0535515639931">
        <ele>1631.01</ele>
        <time>2012-09-13T00:47:09Z</time>
      </trkpt>
      <trkpt lat="51.43864550627768" lon="104.05348383821547">
        <ele>1634.3800000000001</ele>
        <time>2012-09-13T00:47:28Z</time>
      </trkpt>
      <trkpt lat="51.43853067420423" lon="104.05334696173668">
        <ele>1638.7</ele>
        <time>2012-09-13T00:47:49Z</time>
      </trkpt>
      <trkpt lat="51.438324982300401" lon="104.05318493954837">
        <ele>1641.1099999999999</ele>
        <time>2012-09-13T00:48:15Z</time>
      </trkpt>
      <trkpt lat="51.438192464411259" lon="104.05309324152768">
        <ele>1644.47</ele>
        <time>2012-09-13T00:48:33Z</time>
      </trkpt>
      <trkpt lat="51.438147034496069" lon="104.05295259319246">
        <ele>1647.8399999999999</ele>
        <time>2012-09-13T00:48:49Z</time>
      </trkpt>
      <trkpt lat="51.438101101666689" lon="104.05267699621618">
        <ele>1650.72</ele>
        <time>2012-09-13T00:49:19Z</time>
      </trkpt>
      <trkpt lat="51.437947964295745" lon="104.05239921994507">
        <ele>1655.53</ele>
        <time>2012-09-13T00:49:48Z</time>
      </trkpt>
      <trkpt lat="51.437934217974544" lon="104.0523720625788">
        <ele>1655.53</ele>
        <time>2012-09-13T00:49:51Z</time>
      </trkpt>
      <trkpt lat="51.437923572957516" lon="104.05234540812671">
        <ele>1655.53</ele>
        <time>2012-09-13T00:49:53Z</time>
      </trkpt>
      <trkpt lat="51.43774981610477" lon="104.05222739093006">
        <ele>1658.8900000000001</ele>
        <time>2012-09-13T00:50:19Z</time>
      </trkpt>
      <trkpt lat="51.437607575207949" lon="104.05193846672773">
        <ele>1662.74</ele>
        <time>2012-09-13T00:50:48Z</time>
      </trkpt>
      <trkpt lat="51.437481259927154" lon="104.05193352140486">
        <ele>1663.7</ele>
        <time>2012-09-13T00:51:04Z</time>
      </trkpt>
      <trkpt lat="51.43734086304903" lon="104.05162054114044">
        <ele>1667.0599999999999</ele>
        <time>2012-09-13T00:51:36Z</time>
      </trkpt>
      <trkpt lat="51.437317058444023" lon="104.05158324167132">
        <ele>1668.02</ele>
        <time>2012-09-13T00:51:40Z</time>
      </trkpt>
      <trkpt lat="51.437137015163898" lon="104.05107043683529">
        <ele>1670.9100000000001</ele>
        <time>2012-09-13T00:52:47Z</time>
      </trkpt>
      <trkpt lat="51.437084376811981" lon="104.05071143992245">
        <ele>1675.23</ele>
        <time>2012-09-13T00:53:25Z</time>
      </trkpt>
      <trkpt lat="51.437065517529845" lon="104.05044632032514">
        <ele>1678.5999999999999</ele>
        <time>2012-09-13T00:53:56Z</time>
      </trkpt>
      <trkpt lat="51.43695923499763" lon="104.04987199231982">
        <ele>1682.9300000000001</ele>
        <time>2012-09-13T00:54:39Z</time>
      </trkpt>
      <trkpt lat="51.436957810074091" lon="104.04984449967742">
        <ele>1682.9300000000001</ele>
        <time>2012-09-13T00:54:41Z</time>
      </trkpt>
      <trkpt lat="51.436818921938539" lon="104.04958683997393">
        <ele>1684.8499999999999</ele>
        <time>2012-09-13T00:55:02Z</time>
      </trkpt>
      <trkpt lat="51.436799559742212" lon="104.04951601289213">
        <ele>1684.8499999999999</ele>
        <time>2012-09-13T00:55:06Z</time>
      </trkpt>
      <trkpt lat="51.436658408492804" lon="104.04936756938696">
        <ele>1688.21</ele>
        <time>2012-09-13T00:55:27Z</time>
      </trkpt>
      <trkpt lat="51.436573583632708" lon="104.04935633763671">
        <ele>1691.0999999999999</ele>
        <time>2012-09-13T00:55:41Z</time>
      </trkpt>
      <trkpt lat="51.436553467065096" lon="104.0493653062731">
        <ele>1691.0999999999999</ele>
        <time>2012-09-13T00:55:43Z</time>
      </trkpt>
      <trkpt lat="51.436506025493145" lon="104.04931618832052">
        <ele>1694.9400000000001</ele>
        <time>2012-09-13T00:56:04Z</time>
      </trkpt>
      <trkpt lat="51.436502588912845" lon="104.04930990189314">
        <ele>1694.46</ele>
        <time>2012-09-13T00:56:06Z</time>
      </trkpt>
      <trkpt lat="51.436379039660096" lon="104.04927478171885">
        <ele>1698.79</ele>
        <time>2012-09-13T00:56:27Z</time>
      </trkpt>
      <trkpt lat="51.43633034080267" lon="104.04916120693088">
        <ele>1702.1500000000001</ele>
        <time>2012-09-13T00:56:47Z</time>
      </trkpt>
      <trkpt lat="51.436250461265445" lon="104.04909247532487">
        <ele>1705.52</ele>
        <time>2012-09-13T00:57:07Z</time>
      </trkpt>
      <trkpt lat="51.436206204816699" lon="104.04904042370617">
        <ele>1709.3599999999999</ele>
        <time>2012-09-13T00:57:27Z</time>
      </trkpt>
      <trkpt lat="51.436202935874462" lon="104.04904008843005">
        <ele>1708.8800000000001</ele>
        <time>2012-09-13T00:57:28Z</time>
      </trkpt>
      <trkpt lat="51.43613101914525" lon="104.0488972608">
        <ele>1713.6900000000001</ele>
        <time>2012-09-13T00:57:51Z</time>
      </trkpt>
      <trkpt lat="51.436047535389662" lon="104.04886306263506">
        <ele>1718.49</ele>
        <time>2012-09-13T00:58:17Z</time>
      </trkpt>
      <trkpt lat="51.436037477105856" lon="104.04881863854825">
        <ele>1720.4200000000001</ele>
        <time>2012-09-13T00:58:29Z</time>
      </trkpt>
      <trkpt lat="51.435979893431067" lon="104.04875418171287">
        <ele>1724.26</ele>
        <time>2012-09-13T00:58:48Z</time>
      </trkpt>
      <trkpt lat="51.435919962823391" lon="104.04868201352656">
        <ele>1728.5899999999999</ele>
        <time>2012-09-13T00:59:09Z</time>
      </trkpt>
      <trkpt lat="51.435880484059453" lon="104.04851689003408">
        <ele>1733.3900000000001</ele>
        <time>2012-09-13T00:59:34Z</time>
      </trkpt>
      <trkpt lat="51.435852069407701" lon="104.04837129637599">
        <ele>1738.2</ele>
        <time>2012-09-13T01:00:07Z</time>
      </trkpt>
      <trkpt lat="51.435823822394013" lon="104.04821916483343">
        <ele>1742.05</ele>
        <time>2012-09-13T01:00:32Z</time>
      </trkpt>
      <trkpt lat="51.435769759118557" lon="104.04816627502441">
        <ele>1745.4100000000001</ele>
        <time>2012-09-13T01:00:52Z</time>
      </trkpt>
      <trkpt lat="51.435714941471815" lon="104.04814347624779">
        <ele>1748.78</ele>
        <time>2012-09-13T01:01:10Z</time>
      </trkpt>
      <trkpt lat="51.435604467988014" lon="104.04816946014762">
        <ele>1752.6199999999999</ele>
        <time>2012-09-13T01:01:35Z</time>
      </trkpt>
      <trkpt lat="51.435532467439771" lon="104.04810936190188">
        <ele>1756.95</ele>
        <time>2012-09-13T01:02:14Z</time>
      </trkpt>
      <trkpt lat="51.435514781624079" lon="104.04790626838803">
        <ele>1761.75</ele>
        <time>2012-09-13T01:02:39Z</time>
      </trkpt>
      <trkpt lat="51.4354825951159" lon="104.04768289066851">
        <ele>1766.0799999999999</ele>
        <time>2012-09-13T01:03:06Z</time>
      </trkpt>
      <trkpt lat="51.435458706691861" lon="104.04753226786852">
        <ele>1769.9200000000001</ele>
        <time>2012-09-13T01:03:27Z</time>
      </trkpt>
      <trkpt lat="51.435467172414064" lon="104.04744962230325">
        <ele>1774.73</ele>
        <time>2012-09-13T01:03:46Z</time>
      </trkpt>
      <trkpt lat="51.435452420264482" lon="104.04731199145317">
        <ele>1778.0999999999999</ele>
        <time>2012-09-13T01:04:05Z</time>
      </trkpt>
      <trkpt lat="51.435438841581345" lon="104.04719414189458">
        <ele>1782.4200000000001</ele>
        <time>2012-09-13T01:04:24Z</time>
      </trkpt>
      <trkpt lat="51.435391400009394" lon="104.04702893458307">
        <ele>1785.79</ele>
        <time>2012-09-13T01:04:51Z</time>
      </trkpt>
      <trkpt lat="51.43537656404078" lon="104.04687764123082">
        <ele>1790.1099999999999</ele>
        <time>2012-09-13T01:05:11Z</time>
      </trkpt>
      <trkpt lat="51.435331804677844" lon="104.04671771451831">
        <ele>1794.4400000000001</ele>
        <time>2012-09-13T01:05:32Z</time>
      </trkpt>
      <trkpt lat="51.435278663411736" lon="104.04658092185855">
        <ele>1797.8</ele>
        <time>2012-09-13T01:05:54Z</time>
      </trkpt>
      <trkpt lat="51.435196939855814" lon="104.04637908563018">
        <ele>1804.05</ele>
        <time>2012-09-13T01:06:25Z</time>
      </trkpt>
      <trkpt lat="51.435112114995718" lon="104.04623676091433">
        <ele>1807.9000000000001</ele>
        <time>2012-09-13T01:06:47Z</time>
      </trkpt>
      <trkpt lat="51.4351044036448" lon="104.04614363797009">
        <ele>1812.22</ele>
        <time>2012-09-13T01:07:07Z</time>
      </trkpt>
      <trkpt lat="51.435034833848476" lon="104.04603525996208">
        <ele>1815.5899999999999</ele>
        <time>2012-09-13T01:07:26Z</time>
      </trkpt>
      <trkpt lat="51.434955289587379" lon="104.04593836516142">
        <ele>1819.4300000000001</ele>
        <time>2012-09-13T01:07:48Z</time>
      </trkpt>
      <trkpt lat="51.434939866885543" lon="104.04585471376777">
        <ele>1823.28</ele>
        <time>2012-09-13T01:08:07Z</time>
      </trkpt>
      <trkpt lat="51.434941710904241" lon="104.04579402878881">
        <ele>1827.1199999999999</ele>
        <time>2012-09-13T01:08:22Z</time>
      </trkpt>
      <trkpt lat="51.434872476384044" lon="104.0456388797611">
        <ele>1830.49</ele>
        <time>2012-09-13T01:08:56Z</time>
      </trkpt>
      <trkpt lat="51.434863591566682" lon="104.04559797607362">
        <ele>1831.9300000000001</ele>
        <time>2012-09-13T01:09:13Z</time>
      </trkpt>
      <trkpt lat="51.434853365644813" lon="104.04545313678682">
        <ele>1836.26</ele>
        <time>2012-09-13T01:10:05Z</time>
      </trkpt>
      <trkpt lat="51.434842888265848" lon="104.04539446346462">
        <ele>1840.5799999999999</ele>
        <time>2012-09-13T01:10:30Z</time>
      </trkpt>
      <trkpt lat="51.43483953550458" lon="104.04532154090703">
        <ele>1841.54</ele>
        <time>2012-09-13T01:10:57Z</time>
      </trkpt>
      <trkpt lat="51.434828136116266" lon="104.04529865831137">
        <ele>1841.54</ele>
        <time>2012-09-13T01:12:25Z</time>
      </trkpt>
      <trkpt lat="51.434910865500569" lon="104.04489263892174">
        <ele>1838.1800000000001</ele>
        <time>2012-09-13T01:14:33Z</time>
      </trkpt>
      <trkpt lat="51.434924360364676" lon="104.04481477104127">
        <ele>1839.1400000000001</ele>
        <time>2012-09-13T01:14:42Z</time>
      </trkpt>
      <trkpt lat="51.434928299859166" lon="104.04471888206899">
        <ele>1842.98</ele>
        <time>2012-09-13T01:15:07Z</time>
      </trkpt>
      <trkpt lat="51.434931484982371" lon="104.04461301863194">
        <ele>1846.3499999999999</ele>
        <time>2012-09-13T01:15:32Z</time>
      </trkpt>
      <trkpt lat="51.43490843474865" lon="104.04456960037351">
        <ele>1847.79</ele>
        <time>2012-09-13T01:15:40Z</time>
      </trkpt>
      <trkpt lat="51.434981441125274" lon="104.04430406168103">
        <ele>1844.4300000000001</ele>
        <time>2012-09-13T01:16:10Z</time>
      </trkpt>
      <trkpt lat="51.434985967352986" lon="104.04421370476484">
        <ele>1841.54</ele>
        <time>2012-09-13T01:16:23Z</time>
      </trkpt>
      <trkpt lat="51.434974484145641" lon="104.0441398601979">
        <ele>1841.54</ele>
        <time>2012-09-13T01:16:27Z</time>
      </trkpt>
      <trkpt lat="51.434941124171019" lon="104.04388446360826">
        <ele>1846.8299999999999</ele>
        <time>2012-09-13T01:16:48Z</time>
      </trkpt>
      <trkpt lat="51.434918912127614" lon="104.04370232485235">
        <ele>1851.6400000000001</ele>
        <time>2012-09-13T01:17:15Z</time>
      </trkpt>
      <trkpt lat="51.434913463890553" lon="104.04369662515819">
        <ele>1851.6400000000001</ele>
        <time>2012-09-13T01:17:16Z</time>
      </trkpt>
      <trkpt lat="51.434826711192727" lon="104.04342412948608">
        <ele>1856.4400000000001</ele>
        <time>2012-09-13T01:18:00Z</time>
      </trkpt>
      <trkpt lat="51.434782622382045" lon="104.04329664073884">
        <ele>1860.77</ele>
        <time>2012-09-13T01:18:28Z</time>
      </trkpt>
      <trkpt lat="51.434777760878205" lon="104.04314283281565">
        <ele>1865.5799999999999</ele>
        <time>2012-09-13T01:19:00Z</time>
      </trkpt>
      <trkpt lat="51.434782287105918" lon="104.04306664131582">
        <ele>1869.4200000000001</ele>
        <time>2012-09-13T01:19:22Z</time>
      </trkpt>
      <trkpt lat="51.434759823605418" lon="104.0429223049432">
        <ele>1874.23</ele>
        <time>2012-09-13T01:19:53Z</time>
      </trkpt>
      <trkpt lat="51.434749262407422" lon="104.042823985219">
        <ele>1878.0699999999999</ele>
        <time>2012-09-13T01:20:16Z</time>
      </trkpt>
      <trkpt lat="51.434696959331632" lon="104.0425665769726">
        <ele>1882.8800000000001</ele>
        <time>2012-09-13T01:21:31Z</time>
      </trkpt>
      <trkpt lat="51.434691259637475" lon="104.04249398969114">
        <ele>1887.21</ele>
        <time>2012-09-13T01:22:02Z</time>
      </trkpt>
      <trkpt lat="51.434690337628126" lon="104.04249683953822">
        <ele>1887.21</ele>
        <time>2012-09-13T01:22:14Z</time>
      </trkpt>
      <trkpt lat="51.434712801128626" lon="104.0425184648484">
        <ele>1890.5699999999999</ele>
        <time>2012-09-13T01:22:49Z</time>
      </trkpt>
      <trkpt lat="51.434769965708256" lon="104.042480411008">
        <ele>1894.4200000000001</ele>
        <time>2012-09-13T01:23:17Z</time>
      </trkpt>
      <trkpt lat="51.434774240478873" lon="104.04236499220133">
        <ele>1897.78</ele>
        <time>2012-09-13T01:23:45Z</time>
      </trkpt>
      <trkpt lat="51.434784382581711" lon="104.04214136302471">
        <ele>1901.1400000000001</ele>
        <time>2012-09-13T01:24:25Z</time>
      </trkpt>
      <trkpt lat="51.434772061184049" lon="104.04208629392087">
        <ele>1905.47</ele>
        <time>2012-09-13T01:24:56Z</time>
      </trkpt>
      <trkpt lat="51.434780191630125" lon="104.04200213961303">
        <ele>1907.8699999999999</ele>
        <time>2012-09-13T01:25:13Z</time>
      </trkpt>
      <trkpt lat="51.434806007891893" lon="104.04191119596362">
        <ele>1911.24</ele>
        <time>2012-09-13T01:25:40Z</time>
      </trkpt>
      <trkpt lat="51.434799134731293" lon="104.04165403917432">
        <ele>1914.1199999999999</ele>
        <time>2012-09-13T01:26:22Z</time>
      </trkpt>
      <trkpt lat="51.434803241863847" lon="104.0414475928992">
        <ele>1917.49</ele>
        <time>2012-09-13T01:26:57Z</time>
      </trkpt>
      <trkpt lat="51.434847163036466" lon="104.04144893400371">
        <ele>1913.1600000000001</ele>
        <time>2012-09-13T01:27:46Z</time>
      </trkpt>
      <trkpt lat="51.434854622930288" lon="104.04136436060071">
        <ele>1909.8</ele>
        <time>2012-09-13T01:28:05Z</time>
      </trkpt>
      <trkpt lat="51.434848001226783" lon="104.04136469587684">
        <ele>1909.8</ele>
        <time>2012-09-13T01:28:16Z</time>
      </trkpt>
      <trkpt lat="51.434855628758669" lon="104.04135497286916">
        <ele>1906.4300000000001</ele>
        <time>2012-09-13T01:29:11Z</time>
      </trkpt>
      <trkpt lat="51.434835763648152" lon="104.04116906225681">
        <ele>1909.8</ele>
        <time>2012-09-13T01:30:13Z</time>
      </trkpt>
      <trkpt lat="51.434797458350658" lon="104.04108096845448">
        <ele>1913.6400000000001</ele>
        <time>2012-09-13T01:31:08Z</time>
      </trkpt>
      <trkpt lat="51.434770971536636" lon="104.04091341421008">
        <ele>1917.01</ele>
        <time>2012-09-13T01:31:29Z</time>
      </trkpt>
      <trkpt lat="51.434668879956007" lon="104.04072943143547">
        <ele>1917.49</ele>
        <time>2012-09-13T01:32:01Z</time>
      </trkpt>
      <trkpt lat="51.434616995975375" lon="104.04055617749691">
        <ele>1918.9300000000001</ele>
        <time>2012-09-13T01:32:17Z</time>
      </trkpt>
      <trkpt lat="51.434561423957348" lon="104.04047856107354">
        <ele>1920.3699999999999</ele>
        <time>2012-09-13T01:32:29Z</time>
      </trkpt>
      <trkpt lat="51.434438461437821" lon="104.0401713643223">
        <ele>1923.74</ele>
        <time>2012-09-13T01:32:58Z</time>
      </trkpt>
      <trkpt lat="51.434359336271882" lon="104.04001504182816">
        <ele>1927.0999999999999</ele>
        <time>2012-09-13T01:33:24Z</time>
      </trkpt>
      <trkpt lat="51.434375513345003" lon="104.03977959416807">
        <ele>1932.8699999999999</ele>
        <time>2012-09-13T01:34:11Z</time>
      </trkpt>
      <trkpt lat="51.434381799772382" lon="104.0397519338876">
        <ele>1936.71</ele>
        <time>2012-09-13T01:34:44Z</time>
      </trkpt>
      <trkpt lat="51.434397725388408" lon="104.03967909514904">
        <ele>1941.52</ele>
        <time>2012-09-13T01:35:21Z</time>
      </trkpt>
      <trkpt lat="51.434388170018792" lon="104.03963182121515">
        <ele>1944.8800000000001</ele>
        <time>2012-09-13T01:36:19Z</time>
      </trkpt>
      <trkpt lat="51.434384733438492" lon="104.03964975848794">
        <ele>1946.3299999999999</ele>
        <time>2012-09-13T01:36:44Z</time>
      </trkpt>
      <trkpt lat="51.434254478663206" lon="104.03933007270098">
        <ele>1950.1700000000001</ele>
        <time>2012-09-13T01:37:41Z</time>
      </trkpt>
      <trkpt lat="51.434214329347014" lon="104.03915690258145">
        <ele>1952.5699999999999</ele>
        <time>2012-09-13T01:37:58Z</time>
      </trkpt>
      <trkpt lat="51.434154734015465" lon="104.03902295976877">
        <ele>1955.9400000000001</ele>
        <time>2012-09-13T01:38:24Z</time>
      </trkpt>
      <trkpt lat="51.434098826721311" lon="104.03890402056277">
        <ele>1960.75</ele>
        <time>2012-09-13T01:38:55Z</time>
      </trkpt>
      <trkpt lat="51.434053229168057" lon="104.03883285820484">
        <ele>1964.1099999999999</ele>
        <time>2012-09-13T01:39:16Z</time>
      </trkpt>
      <trkpt lat="51.433930937200785" lon="104.03878223150969">
        <ele>1968.4400000000001</ele>
        <time>2012-09-13T01:39:53Z</time>
      </trkpt>
      <trkpt lat="51.433814596384764" lon="104.03852893039584">
        <ele>1972.28</ele>
        <time>2012-09-13T01:40:37Z</time>
      </trkpt>
      <trkpt lat="51.433776039630175" lon="104.03849783353508">
        <ele>1975.6500000000001</ele>
        <time>2012-09-13T01:40:51Z</time>
      </trkpt>
      <trkpt lat="51.433708565309644" lon="104.03840001672506">
        <ele>1979.97</ele>
        <time>2012-09-13T01:41:22Z</time>
      </trkpt>
      <trkpt lat="51.433681240305305" lon="104.03828945942223">
        <ele>1983.8199999999999</ele>
        <time>2012-09-13T01:41:43Z</time>
      </trkpt>
      <trkpt lat="51.433667158707976" lon="104.03823522850871">
        <ele>1989.0999999999999</ele>
        <time>2012-09-13T01:42:17Z</time>
      </trkpt>
      <trkpt lat="51.433654921129346" lon="104.03822081163526">
        <ele>1990.0699999999999</ele>
        <time>2012-09-13T01:42:31Z</time>
      </trkpt>
      <trkpt lat="51.433619968593121" lon="104.03814118355513">
        <ele>1994.3900000000001</ele>
        <time>2012-09-13T01:42:53Z</time>
      </trkpt>
      <trkpt lat="51.433630362153053" lon="104.03809726238251">
        <ele>1998.24</ele>
        <time>2012-09-13T01:43:09Z</time>
      </trkpt>
      <trkpt lat="51.433626338839531" lon="104.03798536397517">
        <ele>2001.1199999999999</ele>
        <time>2012-09-13T01:43:33Z</time>
      </trkpt>
      <trkpt lat="51.433870838955045" lon="104.03773818165064">
        <ele>1998.72</ele>
        <time>2012-09-13T01:44:44Z</time>
      </trkpt>
      <trkpt lat="51.433937391266227" lon="104.03769560158253">
        <ele>2003.52</ele>
        <time>2012-09-13T01:45:18Z</time>
      </trkpt>
      <trkpt lat="51.433934373781085" lon="104.03772183693945">
        <ele>2007.3699999999999</ele>
        <time>2012-09-13T01:45:37Z</time>
      </trkpt>
      <trkpt lat="51.433924483135343" lon="104.03774078004062">
        <ele>2009.29</ele>
        <time>2012-09-13T01:46:09Z</time>
      </trkpt>
      <trkpt lat="51.433958765119314" lon="104.03774279169738">
        <ele>2013.6199999999999</ele>
        <time>2012-09-13T01:48:36Z</time>
      </trkpt>
      <trkpt lat="51.433959938585758" lon="104.03773558326066">
        <ele>2013.6199999999999</ele>
        <time>2012-09-13T01:48:37Z</time>
      </trkpt>
      <trkpt lat="51.43398106098175" lon="104.03766022995114">
        <ele>2017.46</ele>
        <time>2012-09-13T01:49:18Z</time>
      </trkpt>
      <trkpt lat="51.43398349173367" lon="104.03767070733011">
        <ele>2016.98</ele>
        <time>2012-09-13T01:49:29Z</time>
      </trkpt>
      <trkpt lat="51.433984078466892" lon="104.03767288662493">
        <ele>2013.6199999999999</ele>
        <time>2012-09-13T02:00:34Z</time>
      </trkpt>
      <trkpt lat="51.433984581381083" lon="104.03767288662493">
        <ele>2016.98</ele>
        <time>2012-09-13T02:00:35Z</time>
      </trkpt>
      <trkpt lat="51.434032861143351" lon="104.03745680116117">
        <ele>2017.9400000000001</ele>
        <time>2012-09-13T02:04:05Z</time>
      </trkpt>
      <trkpt lat="51.434064460918307" lon="104.03723644092679">
        <ele>2014.0999999999999</ele>
        <time>2012-09-13T02:04:32Z</time>
      </trkpt>
      <trkpt lat="51.434289682656527" lon="104.036711063236">
        <ele>2011.22</ele>
        <time>2012-09-13T02:05:42Z</time>
      </trkpt>
      <trkpt lat="51.434437623247504" lon="104.03652582317591">
        <ele>2006.8900000000001</ele>
        <time>2012-09-13T02:06:07Z</time>
      </trkpt>
      <trkpt lat="51.434471318498254" lon="104.03648307546973">
        <ele>2003.04</ele>
        <time>2012-09-13T02:06:13Z</time>
      </trkpt>
      <trkpt lat="51.434577265754342" lon="104.03641283512115">
        <ele>2001.5999999999999</ele>
        <time>2012-09-13T02:06:25Z</time>
      </trkpt>
      <trkpt lat="51.434627808630466" lon="104.03624477796257">
        <ele>2001.1199999999999</ele>
        <time>2012-09-13T02:06:36Z</time>
      </trkpt>
      <trkpt lat="51.434713890776038" lon="104.03593758121133">
        <ele>1997.76</ele>
        <time>2012-09-13T02:06:56Z</time>
      </trkpt>
      <trkpt lat="51.434749681502581" lon="104.03581285849214">
        <ele>1994.3900000000001</ele>
        <time>2012-09-13T02:07:05Z</time>
      </trkpt>
      <trkpt lat="51.434787567704916" lon="104.03573356568813">
        <ele>1991.03</ele>
        <time>2012-09-13T02:07:13Z</time>
      </trkpt>
      <trkpt lat="51.434762673452497" lon="104.03569241054356">
        <ele>1989.5899999999999</ele>
        <time>2012-09-13T02:07:17Z</time>
      </trkpt>
      <trkpt lat="51.434744065627456" lon="104.03558738529682">
        <ele>1986.22</ele>
        <time>2012-09-13T02:07:27Z</time>
      </trkpt>
      <trkpt lat="51.434697965160012" lon="104.03545210137963">
        <ele>1982.8599999999999</ele>
        <time>2012-09-13T02:08:12Z</time>
      </trkpt>
      <trkpt lat="51.434660498052835" lon="104.0353830344975">
        <ele>1981.9000000000001</ele>
        <time>2012-09-13T02:08:25Z</time>
      </trkpt>
      <trkpt lat="51.434652367606759" lon="104.03538311831653">
        <ele>1981.9000000000001</ele>
        <time>2012-09-13T02:08:27Z</time>
      </trkpt>
      <trkpt lat="51.434594197198749" lon="104.035281278193">
        <ele>1978.53</ele>
        <time>2012-09-13T02:08:37Z</time>
      </trkpt>
      <trkpt lat="51.434440976008773" lon="104.03505178168416">
        <ele>1978.53</ele>
        <time>2012-09-13T02:09:10Z</time>
      </trkpt>
      <trkpt lat="51.434444496408105" lon="104.03500434011221">
        <ele>1974.2</ele>
        <time>2012-09-13T02:09:20Z</time>
      </trkpt>
      <trkpt lat="51.434408705681562" lon="104.03495840728283">
        <ele>1968.9200000000001</ele>
        <time>2012-09-13T02:09:36Z</time>
      </trkpt>
      <trkpt lat="51.434383140876889" lon="104.03493812307715">
        <ele>1968.9200000000001</ele>
        <time>2012-09-13T02:09:39Z</time>
      </trkpt>
      <trkpt lat="51.434298316016793" lon="104.03484717942774">
        <ele>1965.0699999999999</ele>
        <time>2012-09-13T02:10:02Z</time>
      </trkpt>
      <trkpt lat="51.434274595230818" lon="104.03483192436397">
        <ele>1963.6300000000001</ele>
        <time>2012-09-13T02:10:06Z</time>
      </trkpt>
      <trkpt lat="51.4341891836375" lon="104.03471080586314">
        <ele>1959.78</ele>
        <time>2012-09-13T02:10:27Z</time>
      </trkpt>
      <trkpt lat="51.434236960485578" lon="104.03466512449086">
        <ele>1956.4200000000001</ele>
        <time>2012-09-13T02:10:35Z</time>
      </trkpt>
      <trkpt lat="51.434211730957031" lon="104.03458147309721">
        <ele>1952.0899999999999</ele>
        <time>2012-09-13T02:10:45Z</time>
      </trkpt>
      <trkpt lat="51.434198403730989" lon="104.0345077123493">
        <ele>1947.77</ele>
        <time>2012-09-13T02:10:59Z</time>
      </trkpt>
      <trkpt lat="51.434199577197433" lon="104.0345021802932">
        <ele>1947.77</ele>
        <time>2012-09-13T02:11:00Z</time>
      </trkpt>
      <trkpt lat="51.434155739843845" lon="104.03443386778235">
        <ele>1943.4400000000001</ele>
        <time>2012-09-13T02:11:12Z</time>
      </trkpt>
      <trkpt lat="51.434075441211462" lon="104.03431878425181">
        <ele>1939.1199999999999</ele>
        <time>2012-09-13T02:11:32Z</time>
      </trkpt>
      <trkpt lat="51.434071334078908" lon="104.0342466160655">
        <ele>1935.27</ele>
        <time>2012-09-13T02:11:43Z</time>
      </trkpt>
      <trkpt lat="51.434093127027154" lon="104.03419540263712">
        <ele>1931.9100000000001</ele>
        <time>2012-09-13T02:11:51Z</time>
      </trkpt>
      <trkpt lat="51.434061024338007" lon="104.03412273153663">
        <ele>1928.54</ele>
        <time>2012-09-13T02:12:03Z</time>
      </trkpt>
      <trkpt lat="51.434003859758377" lon="104.03406959027052">
        <ele>1924.22</ele>
        <time>2012-09-13T02:12:16Z</time>
      </trkpt>
      <trkpt lat="51.434029759839177" lon="104.03402323834598">
        <ele>1921.3299999999999</ele>
        <time>2012-09-13T02:12:25Z</time>
      </trkpt>
      <trkpt lat="51.434000339359045" lon="104.03397303074598">
        <ele>1917.97</ele>
        <time>2012-09-13T02:12:35Z</time>
      </trkpt>
      <trkpt lat="51.433984162285924" lon="104.03396389447153">
        <ele>1917.97</ele>
        <time>2012-09-13T02:12:37Z</time>
      </trkpt>
      <trkpt lat="51.433890117332339" lon="104.03383028693497">
        <ele>1913.6400000000001</ele>
        <time>2012-09-13T02:12:57Z</time>
      </trkpt>
      <trkpt lat="51.433862121775746" lon="104.03380463831127">
        <ele>1911.72</ele>
        <time>2012-09-13T02:13:03Z</time>
      </trkpt>
      <trkpt lat="51.433830689638853" lon="104.03370732441545">
        <ele>1908.3499999999999</ele>
        <time>2012-09-13T02:13:11Z</time>
      </trkpt>
      <trkpt lat="51.433824403211474" lon="104.03369416482747">
        <ele>1908.3499999999999</ele>
        <time>2012-09-13T02:13:12Z</time>
      </trkpt>
      <trkpt lat="51.433731280267239" lon="104.03355661779642">
        <ele>1902.5899999999999</ele>
        <time>2012-09-13T02:13:25Z</time>
      </trkpt>
      <trkpt lat="51.433699764311314" lon="104.03352007269859">
        <ele>1901.1400000000001</ele>
        <time>2012-09-13T02:13:28Z</time>
      </trkpt>
      <trkpt lat="51.433679396286607" lon="104.03338286094368">
        <ele>1896.8199999999999</ele>
        <time>2012-09-13T02:13:37Z</time>
      </trkpt>
      <trkpt lat="51.433632792904973" lon="104.03334069997072">
        <ele>1892.97</ele>
        <time>2012-09-13T02:13:45Z</time>
      </trkpt>
      <trkpt lat="51.433575209230185" lon="104.03325151652098">
        <ele>1888.1700000000001</ele>
        <time>2012-09-13T02:13:57Z</time>
      </trkpt>
      <trkpt lat="51.433521984145045" lon="104.03317918069661">
        <ele>1884.8</ele>
        <time>2012-09-13T02:14:07Z</time>
      </trkpt>
      <trkpt lat="51.433501867577434" lon="104.03307306580245">
        <ele>1879.51</ele>
        <time>2012-09-13T02:14:20Z</time>
      </trkpt>
      <trkpt lat="51.433428274467587" lon="104.03291095979512">
        <ele>1875.6700000000001</ele>
        <time>2012-09-13T02:14:39Z</time>
      </trkpt>
      <trkpt lat="51.433384185656905" lon="104.03282823041081">
        <ele>1869.9000000000001</ele>
        <time>2012-09-13T02:14:53Z</time>
      </trkpt>
      <trkpt lat="51.433375803753734" lon="104.03281976468861">
        <ele>1869.9000000000001</ele>
        <time>2012-09-13T02:14:54Z</time>
      </trkpt>
      <trkpt lat="51.433352837339044" lon="104.03269713744521">
        <ele>1865.5799999999999</ele>
        <time>2012-09-13T02:15:06Z</time>
      </trkpt>
      <trkpt lat="51.43337027169764" lon="104.03261591680348">
        <ele>1862.21</ele>
        <time>2012-09-13T02:15:15Z</time>
      </trkpt>
      <trkpt lat="51.433340180665255" lon="104.03250871226192">
        <ele>1857.8900000000001</ele>
        <time>2012-09-13T02:15:28Z</time>
      </trkpt>
      <trkpt lat="51.433326937258244" lon="104.03240100480616">
        <ele>1854.52</ele>
        <time>2012-09-13T02:15:39Z</time>
      </trkpt>
      <trkpt lat="51.43331553786993" lon="104.03232146054506">
        <ele>1852.1199999999999</ele>
        <time>2012-09-13T02:15:47Z</time>
      </trkpt>
      <trkpt lat="51.433372786268592" lon="104.03217226266861">
        <ele>1846.8299999999999</ele>
        <time>2012-09-13T02:16:02Z</time>
      </trkpt>
      <trkpt lat="51.433334313333035" lon="104.03211166150868">
        <ele>1843.47</ele>
        <time>2012-09-13T02:16:14Z</time>
      </trkpt>
      <trkpt lat="51.433247309178114" lon="104.0320208016783">
        <ele>1838.6600000000001</ele>
        <time>2012-09-13T02:16:32Z</time>
      </trkpt>
      <trkpt lat="51.433197604492307" lon="104.03191544115543">
        <ele>1834.3299999999999</ele>
        <time>2012-09-13T02:16:51Z</time>
      </trkpt>
      <trkpt lat="51.433172039687634" lon="104.03185752220452">
        <ele>1831.9300000000001</ele>
        <time>2012-09-13T02:16:59Z</time>
      </trkpt>
      <trkpt lat="51.433165417984128" lon="104.03174612671137">
        <ele>1828.0799999999999</ele>
        <time>2012-09-13T02:17:09Z</time>
      </trkpt>
      <trkpt lat="51.433161562308669" lon="104.03168443590403">
        <ele>1824.72</ele>
        <time>2012-09-13T02:17:17Z</time>
      </trkpt>
      <trkpt lat="51.433146391063929" lon="104.03162651695311">
        <ele>1822.8</ele>
        <time>2012-09-13T02:17:22Z</time>
      </trkpt>
      <trkpt lat="51.433114372193813" lon="104.03157396242023">
        <ele>1819.9100000000001</ele>
        <time>2012-09-13T02:17:27Z</time>
      </trkpt>
      <trkpt lat="51.432980261743069" lon="104.03118906542659">
        <ele>1816.0699999999999</ele>
        <time>2012-09-13T02:17:47Z</time>
      </trkpt>
      <trkpt lat="51.432851934805512" lon="104.0309018176049">
        <ele>1811.26</ele>
        <time>2012-09-13T02:18:06Z</time>
      </trkpt>
      <trkpt lat="51.432859562337399" lon="104.03088706545532">
        <ele>1811.26</ele>
        <time>2012-09-13T02:18:07Z</time>
      </trkpt>
      <trkpt lat="51.432854030281305" lon="104.03070216067135">
        <ele>1809.8199999999999</ele>
        <time>2012-09-13T02:18:22Z</time>
      </trkpt>
      <trkpt lat="51.432823101058602" lon="104.03050929307938">
        <ele>1806.45</ele>
        <time>2012-09-13T02:18:33Z</time>
      </trkpt>
      <trkpt lat="51.432828130200505" lon="104.0303079597652">
        <ele>1803.0899999999999</ele>
        <time>2012-09-13T02:18:43Z</time>
      </trkpt>
      <trkpt lat="51.432809941470623" lon="104.03024023398757">
        <ele>1802.6099999999999</ele>
        <time>2012-09-13T02:18:47Z</time>
      </trkpt>
      <trkpt lat="51.432680105790496" lon="104.02983890846372">
        <ele>1800.6900000000001</ele>
        <time>2012-09-13T02:19:11Z</time>
      </trkpt>
      <trkpt lat="51.43268077634275" lon="104.02964109554887">
        <ele>1798.76</ele>
        <time>2012-09-13T02:19:31Z</time>
      </trkpt>
      <trkpt lat="51.432679267600179" lon="104.02952366508543">
        <ele>1795.4000000000001</ele>
        <time>2012-09-13T02:19:43Z</time>
      </trkpt>
      <trkpt lat="51.432649260386825" lon="104.02944319881499">
        <ele>1793.96</ele>
        <time>2012-09-13T02:19:50Z</time>
      </trkpt>
      <trkpt lat="51.432630401104689" lon="104.02940112166107">
        <ele>1793.48</ele>
        <time>2012-09-13T02:19:53Z</time>
      </trkpt>
      <trkpt lat="51.432588994503021" lon="104.0291855391115">
        <ele>1789.1500000000001</ele>
        <time>2012-09-13T02:20:02Z</time>
      </trkpt>
      <trkpt lat="51.432579271495342" lon="104.02911613695323">
        <ele>1789.6300000000001</ele>
        <time>2012-09-13T02:20:04Z</time>
      </trkpt>
      <trkpt lat="51.432401658967137" lon="104.02878203429282">
        <ele>1793</ele>
        <time>2012-09-13T02:20:28Z</time>
      </trkpt>
      <trkpt lat="51.432441640645266" lon="104.02850777842104">
        <ele>1789.6300000000001</ele>
        <time>2012-09-13T02:20:49Z</time>
      </trkpt>
      <trkpt lat="51.432367460802197" lon="104.02829286642373">
        <ele>1789.6300000000001</ele>
        <time>2012-09-13T02:21:01Z</time>
      </trkpt>
      <trkpt lat="51.432295208796859" lon="104.02802967466414">
        <ele>1783.3800000000001</ele>
        <time>2012-09-13T02:21:19Z</time>
      </trkpt>
      <trkpt lat="51.432301998138428" lon="104.02795205824077">
        <ele>1783.8599999999999</ele>
        <time>2012-09-13T02:21:23Z</time>
      </trkpt>
      <trkpt lat="51.432294538244605" lon="104.02781317010522">
        <ele>1786.27</ele>
        <time>2012-09-13T02:21:33Z</time>
      </trkpt>
      <trkpt lat="51.432279115542769" lon="104.0276466216892">
        <ele>1785.79</ele>
        <time>2012-09-13T02:21:41Z</time>
      </trkpt>
      <trkpt lat="51.432088259607553" lon="104.02720246464014">
        <ele>1789.6300000000001</ele>
        <time>2012-09-13T02:22:18Z</time>
      </trkpt>
      <trkpt lat="51.432071914896369" lon="104.02706181630492">
        <ele>1793</ele>
        <time>2012-09-13T02:22:40Z</time>
      </trkpt>
      <trkpt lat="51.432025395333767" lon="104.02698897756636">
        <ele>1795.4000000000001</ele>
        <time>2012-09-13T02:22:58Z</time>
      </trkpt>
      <trkpt lat="51.431975187733769" lon="104.02691965922713">
        <ele>1798.76</ele>
        <time>2012-09-13T02:23:09Z</time>
      </trkpt>
      <trkpt lat="51.431913077831268" lon="104.02671245858073">
        <ele>1802.1300000000001</ele>
        <time>2012-09-13T02:23:31Z</time>
      </trkpt>
      <trkpt lat="51.431856583803892" lon="104.02652570977807">
        <ele>1800.21</ele>
        <time>2012-09-13T02:23:48Z</time>
      </trkpt>
      <trkpt lat="51.431750385090709" lon="104.02628338895738">
        <ele>1804.05</ele>
        <time>2012-09-13T02:24:14Z</time>
      </trkpt>
      <trkpt lat="51.4316800609231" lon="104.02612941339612">
        <ele>1807.9000000000001</ele>
        <time>2012-09-13T02:24:38Z</time>
      </trkpt>
      <trkpt lat="51.431671930477023" lon="104.02606076560915">
        <ele>1807.9000000000001</ele>
        <time>2012-09-13T02:24:43Z</time>
      </trkpt>
      <trkpt lat="51.431613592430949" lon="104.02592539787292">
        <ele>1809.3399999999999</ele>
        <time>2012-09-13T02:25:00Z</time>
      </trkpt>
      <trkpt lat="51.431474620476365" lon="104.02551560662687">
        <ele>1812.7</ele>
        <time>2012-09-13T02:25:45Z</time>
      </trkpt>
      <trkpt lat="51.431344784796238" lon="104.02532776817679">
        <ele>1816.0699999999999</ele>
        <time>2012-09-13T02:26:13Z</time>
      </trkpt>
      <trkpt lat="51.431222828105092" lon="104.0251549333334">
        <ele>1819.4300000000001</ele>
        <time>2012-09-13T02:26:49Z</time>
      </trkpt>
      <trkpt lat="51.431188294664025" lon="104.0250064060092">
        <ele>1823.76</ele>
        <time>2012-09-13T02:27:09Z</time>
      </trkpt>
      <trkpt lat="51.431174129247665" lon="104.02500556781888">
        <ele>1823.28</ele>
        <time>2012-09-13T02:27:11Z</time>
      </trkpt>
      <trkpt lat="51.431080000475049" lon="104.02495041489601">
        <ele>1825.6800000000001</ele>
        <time>2012-09-13T02:29:32Z</time>
      </trkpt>
      <trkpt lat="51.431090561673045" lon="104.02489744126797">
        <ele>1829.05</ele>
        <time>2012-09-13T02:29:59Z</time>
      </trkpt>
      <trkpt lat="51.431029038503766" lon="104.02474204078317">
        <ele>1833.3699999999999</ele>
        <time>2012-09-13T02:30:27Z</time>
      </trkpt>
      <trkpt lat="51.431022835895419" lon="104.02470046654344">
        <ele>1833.3699999999999</ele>
        <time>2012-09-13T02:30:32Z</time>
      </trkpt>
      <trkpt lat="51.431051921099424" lon="104.02453802525997">
        <ele>1837.7</ele>
        <time>2012-09-13T02:31:04Z</time>
      </trkpt>
      <trkpt lat="51.431054016575217" lon="104.02452385984361">
        <ele>1837.7</ele>
        <time>2012-09-13T02:31:06Z</time>
      </trkpt>
      <trkpt lat="51.431045634672046" lon="104.02445185929537">
        <ele>1841.54</ele>
        <time>2012-09-13T02:31:25Z</time>
      </trkpt>
      <trkpt lat="51.430989308282733" lon="104.02432537637651">
        <ele>1846.3499999999999</ele>
        <time>2012-09-13T02:31:59Z</time>
      </trkpt>
      <trkpt lat="51.430962570011616" lon="104.02420928701758">
        <ele>1850.6800000000001</ele>
        <time>2012-09-13T02:32:25Z</time>
      </trkpt>
      <trkpt lat="51.430919235572219" lon="104.02414650656283">
        <ele>1854.04</ele>
        <time>2012-09-13T02:32:46Z</time>
      </trkpt>
      <trkpt lat="51.430830135941505" lon="104.02405011467636">
        <ele>1857.4000000000001</ele>
        <time>2012-09-13T02:33:05Z</time>
      </trkpt>
      <trkpt lat="51.430763583630323" lon="104.02400351129472">
        <ele>1861.73</ele>
        <time>2012-09-13T02:33:29Z</time>
      </trkpt>
      <trkpt lat="51.430704910308123" lon="104.0239392220974">
        <ele>1865.0899999999999</ele>
        <time>2012-09-13T02:33:48Z</time>
      </trkpt>
      <trkpt lat="51.430667527019978" lon="104.02387862093747">
        <ele>1868.46</ele>
        <time>2012-09-13T02:34:08Z</time>
      </trkpt>
      <trkpt lat="51.430603573098779" lon="104.02382522821426">
        <ele>1872.3</ele>
        <time>2012-09-13T02:34:32Z</time>
      </trkpt>
      <trkpt lat="51.43057381734252" lon="104.02377418242395">
        <ele>1875.6700000000001</ele>
        <time>2012-09-13T02:34:50Z</time>
      </trkpt>
      <trkpt lat="51.430555963888764" lon="104.02369514107704">
        <ele>1879.03</ele>
        <time>2012-09-13T02:35:06Z</time>
      </trkpt>
      <trkpt lat="51.430507516488433" lon="104.02361727319658">
        <ele>1880.48</ele>
        <time>2012-09-13T02:35:28Z</time>
      </trkpt>
      <trkpt lat="51.430599968880415" lon="104.02354351244867">
        <ele>1876.1500000000001</ele>
        <time>2012-09-13T02:36:02Z</time>
      </trkpt>
      <trkpt lat="51.430669203400612" lon="104.02353890240192">
        <ele>1872.79</ele>
        <time>2012-09-13T02:36:11Z</time>
      </trkpt>
      <trkpt lat="51.430766265839338" lon="104.02339615859091">
        <ele>1868.46</ele>
        <time>2012-09-13T02:36:28Z</time>
      </trkpt>
      <trkpt lat="51.430824939161539" lon="104.02336673811078">
        <ele>1865.0899999999999</ele>
        <time>2012-09-13T02:36:38Z</time>
      </trkpt>
      <trkpt lat="51.430888641625643" lon="104.0231878682971">
        <ele>1859.8099999999999</ele>
        <time>2012-09-13T02:36:56Z</time>
      </trkpt>
      <trkpt lat="51.430935664102435" lon="104.02317143976688">
        <ele>1856.4400000000001</ele>
        <time>2012-09-13T02:37:03Z</time>
      </trkpt>
      <trkpt lat="51.430984027683735" lon="104.02314813807607">
        <ele>1853.0799999999999</ele>
        <time>2012-09-13T02:37:15Z</time>
      </trkpt>
      <trkpt lat="51.43103557638824" lon="104.02302525937557">
        <ele>1849.23</ele>
        <time>2012-09-13T02:37:29Z</time>
      </trkpt>
      <trkpt lat="51.431077821180224" lon="104.02308217249811">
        <ele>1845.3900000000001</ele>
        <time>2012-09-13T02:37:38Z</time>
      </trkpt>
      <trkpt lat="51.431084107607603" lon="104.02308150194585">
        <ele>1845.3900000000001</ele>
        <time>2012-09-13T02:37:39Z</time>
      </trkpt>
      <trkpt lat="51.431140517815948" lon="104.02314713224769">
        <ele>1842.5</ele>
        <time>2012-09-13T02:37:48Z</time>
      </trkpt>
      <trkpt lat="51.431160718202591" lon="104.02308845892549">
        <ele>1840.5799999999999</ele>
        <time>2012-09-13T02:37:53Z</time>
      </trkpt>
      <trkpt lat="51.431249482557178" lon="104.02307630516589">
        <ele>1837.22</ele>
        <time>2012-09-13T02:38:03Z</time>
      </trkpt>
      <trkpt lat="51.431313436478376" lon="104.02297211810946">
        <ele>1832.8900000000001</ele>
        <time>2012-09-13T02:38:15Z</time>
      </trkpt>
      <trkpt lat="51.431338582187891" lon="104.02266416698694">
        <ele>1828.5599999999999</ele>
        <time>2012-09-13T02:38:39Z</time>
      </trkpt>
      <trkpt lat="51.431348472833633" lon="104.02249585837126">
        <ele>1828.5599999999999</ele>
        <time>2012-09-13T02:38:50Z</time>
      </trkpt>
      <trkpt lat="51.431407481431961" lon="104.02244581840932">
        <ele>1823.76</ele>
        <time>2012-09-13T02:39:15Z</time>
      </trkpt>
      <trkpt lat="51.431438997387886" lon="104.0223588142544">
        <ele>1819.4300000000001</ele>
        <time>2012-09-13T02:39:29Z</time>
      </trkpt>
      <trkpt lat="51.431470178067684" lon="104.02230961248279">
        <ele>1816.0699999999999</ele>
        <time>2012-09-13T02:39:37Z</time>
      </trkpt>
      <trkpt lat="51.43150663934648" lon="104.02222881093621">
        <ele>1812.22</ele>
        <time>2012-09-13T02:39:48Z</time>
      </trkpt>
      <trkpt lat="51.431557098403573" lon="104.02203887701035">
        <ele>1808.3800000000001</ele>
        <time>2012-09-13T02:40:00Z</time>
      </trkpt>
      <trkpt lat="51.431615017354488" lon="104.02192622423172">
        <ele>1806.45</ele>
        <time>2012-09-13T02:40:08Z</time>
      </trkpt>
      <trkpt lat="51.431682659313083" lon="104.02178079821169">
        <ele>1803.0899999999999</ele>
        <time>2012-09-13T02:40:19Z</time>
      </trkpt>
      <trkpt lat="51.431747116148472" lon="104.02167803607881">
        <ele>1798.76</ele>
        <time>2012-09-13T02:40:33Z</time>
      </trkpt>
      <trkpt lat="51.431740159168839" lon="104.02165716513991">
        <ele>1797.8</ele>
        <time>2012-09-13T02:40:35Z</time>
      </trkpt>
      <trkpt lat="51.431749798357487" lon="104.02157259173691">
        <ele>1796.3599999999999</ele>
        <time>2012-09-13T02:40:41Z</time>
      </trkpt>
      <trkpt lat="51.431816685944796" lon="104.02149707078934">
        <ele>1793</ele>
        <time>2012-09-13T02:40:49Z</time>
      </trkpt>
      <trkpt lat="51.431949203833938" lon="104.0214264113456">
        <ele>1788.6700000000001</ele>
        <time>2012-09-13T02:41:10Z</time>
      </trkpt>
      <trkpt lat="51.432020533829927" lon="104.02127193287015">
        <ele>1786.75</ele>
        <time>2012-09-13T02:41:24Z</time>
      </trkpt>
      <trkpt lat="51.432021120563149" lon="104.02120973914862">
        <ele>1785.3099999999999</ele>
        <time>2012-09-13T02:41:28Z</time>
      </trkpt>
      <trkpt lat="51.432072669267654" lon="104.02109281159937">
        <ele>1782.9000000000001</ele>
        <time>2012-09-13T02:41:37Z</time>
      </trkpt>
      <trkpt lat="51.432201080024242" lon="104.02093715965748">
        <ele>1780.5</ele>
        <time>2012-09-13T02:41:51Z</time>
      </trkpt>
      <trkpt lat="51.43231188878417" lon="104.02082785964012">
        <ele>1779.0599999999999</ele>
        <time>2012-09-13T02:42:02Z</time>
      </trkpt>
      <trkpt lat="51.432323288172483" lon="104.02080246247351">
        <ele>1778.0999999999999</ele>
        <time>2012-09-13T02:42:04Z</time>
      </trkpt>
      <trkpt lat="51.432399060577154" lon="104.02057782746851">
        <ele>1773.77</ele>
        <time>2012-09-13T02:42:29Z</time>
      </trkpt>
      <trkpt lat="51.432455219328403" lon="104.02045402675867">
        <ele>1768.48</ele>
        <time>2012-09-13T02:42:54Z</time>
      </trkpt>
      <trkpt lat="51.432499224320054" lon="104.02031941339374">
        <ele>1765.5999999999999</ele>
        <time>2012-09-13T02:43:21Z</time>
      </trkpt>
      <trkpt lat="51.432520598173141" lon="104.02020508423448">
        <ele>1761.75</ele>
        <time>2012-09-13T02:43:29Z</time>
      </trkpt>
      <trkpt lat="51.432617912068963" lon="104.02014263905585">
        <ele>1758.3900000000001</ele>
        <time>2012-09-13T02:43:41Z</time>
      </trkpt>
      <trkpt lat="51.432703994214535" lon="104.02025026269257">
        <ele>1754.54</ele>
        <time>2012-09-13T02:44:19Z</time>
      </trkpt>
      <trkpt lat="51.432867273688316" lon="104.02023190632463">
        <ele>1753.0999999999999</ele>
        <time>2012-09-13T02:45:19Z</time>
      </trkpt>
      <trkpt lat="51.432884372770786" lon="104.0202764980495">
        <ele>1753.0999999999999</ele>
        <time>2012-09-13T02:57:11Z</time>
      </trkpt>
      <trkpt lat="51.432857634499669" lon="104.02020500041544">
        <ele>1754.0599999999999</ele>
        <time>2012-09-13T03:07:10Z</time>
      </trkpt>
      <trkpt lat="51.432880014181137" lon="104.02027767151594">
        <ele>1755.02</ele>
        <time>2012-09-13T03:18:36Z</time>
      </trkpt>
      <trkpt lat="51.432878421619534" lon="104.02027448639274">
        <ele>1755.02</ele>
        <time>2012-09-13T03:31:05Z</time>
      </trkpt>
      <trkpt lat="51.432875571772456" lon="104.02021137066185">
        <ele>1754.54</ele>
        <time>2012-09-13T03:36:50Z</time>
      </trkpt>
      <trkpt lat="51.432886803522706" lon="104.02024179697037">
        <ele>1751.1800000000001</ele>
        <time>2012-09-13T03:37:31Z</time>
      </trkpt>
      <trkpt lat="51.432888228446245" lon="104.02023592963815">
        <ele>1754.54</ele>
        <time>2012-09-13T03:37:34Z</time>
      </trkpt>
      <trkpt lat="51.432886132970452" lon="104.02023056522012">
        <ele>1746.3699999999999</ele>
        <time>2012-09-13T03:37:36Z</time>
      </trkpt>
      <trkpt lat="51.432886132970452" lon="104.02023048140109">
        <ele>1752.1400000000001</ele>
        <time>2012-09-13T03:37:37Z</time>
      </trkpt>
      <trkpt lat="51.43288160674274" lon="104.02023551054299">
        <ele>1755.5</ele>
        <time>2012-09-13T03:37:49Z</time>
      </trkpt>
      <trkpt lat="51.432884372770786" lon="104.02023282833397">
        <ele>1755.5</ele>
        <time>2012-09-13T03:38:06Z</time>
      </trkpt>
      <trkpt lat="51.432955786585808" lon="104.02020416222513">
        <ele>1759.8299999999999</ele>
        <time>2012-09-13T03:38:59Z</time>
      </trkpt>
      <trkpt lat="51.432997360825539" lon="104.02015462517738">
        <ele>1763.2</ele>
        <time>2012-09-13T03:39:23Z</time>
      </trkpt>
      <trkpt lat="51.433156868442893" lon="104.02011313475668">
        <ele>1767.52</ele>
        <time>2012-09-13T03:40:17Z</time>
      </trkpt>
      <trkpt lat="51.433293661102653" lon="104.0200071875006">
        <ele>1772.3299999999999</ele>
        <time>2012-09-13T03:40:51Z</time>
      </trkpt>
      <trkpt lat="51.43331260420382" lon="104.01995572261512">
        <ele>1774.25</ele>
        <time>2012-09-13T03:41:13Z</time>
      </trkpt>
      <trkpt lat="51.433293661102653" lon="104.01990073733032">
        <ele>1777.6099999999999</ele>
        <time>2012-09-13T03:41:36Z</time>
      </trkpt>
      <trkpt lat="51.433283518999815" lon="104.01986410841346">
        <ele>1780.98</ele>
        <time>2012-09-13T03:41:52Z</time>
      </trkpt>
      <trkpt lat="51.433258960023522" lon="104.01979487389326">
        <ele>1784.8199999999999</ele>
        <time>2012-09-13T03:42:23Z</time>
      </trkpt>
      <trkpt lat="51.433256613090634" lon="104.01976687833667">
        <ele>1787.23</ele>
        <time>2012-09-13T03:42:37Z</time>
      </trkpt>
      <trkpt lat="51.433297265321016" lon="104.01975866407156">
        <ele>1791.0699999999999</ele>
        <time>2012-09-13T03:43:13Z</time>
      </trkpt>
      <trkpt lat="51.433325679972768" lon="104.01976059190929">
        <ele>1793.48</ele>
        <time>2012-09-13T03:43:32Z</time>
      </trkpt>
      <trkpt lat="51.43341570161283" lon="104.01971122249961">
        <ele>1797.8</ele>
        <time>2012-09-13T03:44:01Z</time>
      </trkpt>
      <trkpt lat="51.433422239497304" lon="104.01963042095304">
        <ele>1801.6500000000001</ele>
        <time>2012-09-13T03:44:21Z</time>
      </trkpt>
      <trkpt lat="51.43343573436141" lon="104.0195962227881">
        <ele>1805.01</ele>
        <time>2012-09-13T03:44:44Z</time>
      </trkpt>
      <trkpt lat="51.433478062972426" lon="104.01951743289828">
        <ele>1807.4200000000001</ele>
        <time>2012-09-13T03:45:20Z</time>
      </trkpt>
      <trkpt lat="51.433536065742373" lon="104.01939447037876">
        <ele>1810.78</ele>
        <time>2012-09-13T03:45:49Z</time>
      </trkpt>
      <trkpt lat="51.433550901710987" lon="104.01930151507258">
        <ele>1815.1099999999999</ele>
        <time>2012-09-13T03:46:26Z</time>
      </trkpt>
      <trkpt lat="51.433664141222835" lon="104.01925088837743">
        <ele>1818.47</ele>
        <time>2012-09-13T03:47:35Z</time>
      </trkpt>
      <trkpt lat="51.433706469833851" lon="104.01915667578578">
        <ele>1822.3199999999999</ele>
        <time>2012-09-13T03:48:10Z</time>
      </trkpt>
      <trkpt lat="51.433675875887275" lon="104.0191213041544">
        <ele>1825.6800000000001</ele>
        <time>2012-09-13T03:48:30Z</time>
      </trkpt>
      <trkpt lat="51.433687275275588" lon="104.01904142461717">
        <ele>1830.01</ele>
        <time>2012-09-13T03:49:05Z</time>
      </trkpt>
      <trkpt lat="51.433729687705636" lon="104.01899046264589">
        <ele>1833.8499999999999</ele>
        <time>2012-09-13T03:49:30Z</time>
      </trkpt>
      <trkpt lat="51.433773692697287" lon="104.01887336745858">
        <ele>1837.22</ele>
        <time>2012-09-13T03:50:07Z</time>
      </trkpt>
      <trkpt lat="51.433776123449206" lon="104.01885123923421">
        <ele>1840.5799999999999</ele>
        <time>2012-09-13T03:50:29Z</time>
      </trkpt>
      <trkpt lat="51.433829264715314" lon="104.0187547635287">
        <ele>1843.95</ele>
        <time>2012-09-13T03:52:00Z</time>
      </trkpt>
      <trkpt lat="51.433828510344028" lon="104.01875618845224">
        <ele>1843.47</ele>
        <time>2012-09-13T03:52:01Z</time>
      </trkpt>
      <trkpt lat="51.433832785114646" lon="104.0187550149858">
        <ele>1838.1800000000001</ele>
        <time>2012-09-13T03:52:10Z</time>
      </trkpt>
      <trkpt lat="51.433832366019487" lon="104.01875459589064">
        <ele>1841.54</ele>
        <time>2012-09-13T03:52:11Z</time>
      </trkpt>
      <trkpt lat="51.433859188109636" lon="104.01868812739849">
        <ele>1845.3900000000001</ele>
        <time>2012-09-13T03:52:51Z</time>
      </trkpt>
      <trkpt lat="51.43389162607491" lon="104.01855879463255">
        <ele>1846.8299999999999</ele>
        <time>2012-09-13T03:53:11Z</time>
      </trkpt>
      <trkpt lat="51.433897158131003" lon="104.01847464032471">
        <ele>1850.6800000000001</ele>
        <time>2012-09-13T03:53:35Z</time>
      </trkpt>
      <trkpt lat="51.433895481750369" lon="104.01831001974642">
        <ele>1854.04</ele>
        <time>2012-09-13T03:54:04Z</time>
      </trkpt>
      <trkpt lat="51.433916604146361" lon="104.01827523484826">
        <ele>1852.5999999999999</ele>
        <time>2012-09-13T03:54:13Z</time>
      </trkpt>
      <trkpt lat="51.433939235284925" lon="104.0178347658366">
        <ele>1855.96</ele>
        <time>2012-09-13T03:55:33Z</time>
      </trkpt>
      <trkpt lat="51.433989023789763" lon="104.01728709228337">
        <ele>1858.3699999999999</ele>
        <time>2012-09-13T03:57:06Z</time>
      </trkpt>
      <trkpt lat="51.433949377387762" lon="104.01712875813246">
        <ele>1861.73</ele>
        <time>2012-09-13T03:57:47Z</time>
      </trkpt>
      <trkpt lat="51.433961866423488" lon="104.01698777452111">
        <ele>1865.5799999999999</ele>
        <time>2012-09-13T03:58:20Z</time>
      </trkpt>
      <trkpt lat="51.433975361287594" lon="104.01696799322963">
        <ele>1869.4200000000001</ele>
        <time>2012-09-13T03:58:54Z</time>
      </trkpt>
      <trkpt lat="51.43396052531898" lon="104.01682952418923">
        <ele>1872.79</ele>
        <time>2012-09-13T03:59:15Z</time>
      </trkpt>
      <trkpt lat="51.433995561674237" lon="104.01668082922697">
        <ele>1877.5899999999999</ele>
        <time>2012-09-13T03:59:49Z</time>
      </trkpt>
      <trkpt lat="51.434001764282584" lon="104.01657655835152">
        <ele>1879.51</ele>
        <time>2012-09-13T04:00:05Z</time>
      </trkpt>
      <trkpt lat="51.434008805081248" lon="104.0164049807936">
        <ele>1883.8399999999999</ele>
        <time>2012-09-13T04:00:43Z</time>
      </trkpt>
      <trkpt lat="51.434059264138341" lon="104.01636877097189">
        <ele>1887.21</ele>
        <time>2012-09-13T04:01:01Z</time>
      </trkpt>
      <trkpt lat="51.434042165055871" lon="104.01628780178726">
        <ele>1891.05</ele>
        <time>2012-09-13T04:01:19Z</time>
      </trkpt>
      <trkpt lat="51.434060437604785" lon="104.01621370576322">
        <ele>1895.8599999999999</ele>
        <time>2012-09-13T04:01:54Z</time>
      </trkpt>
      <trkpt lat="51.434018695726991" lon="104.01599502190948">
        <ele>1899.7</ele>
        <time>2012-09-13T04:02:23Z</time>
      </trkpt>
      <trkpt lat="51.43400645814836" lon="104.01580600999296">
        <ele>1903.0699999999999</ele>
        <time>2012-09-13T04:02:48Z</time>
      </trkpt>
      <trkpt lat="51.434029340744019" lon="104.01575303636491">
        <ele>1906.4300000000001</ele>
        <time>2012-09-13T04:03:18Z</time>
      </trkpt>
      <trkpt lat="51.433988520875573" lon="104.01558699086308">
        <ele>1907.8699999999999</ele>
        <time>2012-09-13T04:03:33Z</time>
      </trkpt>
      <trkpt lat="51.433923980221152" lon="104.01529890485108">
        <ele>1911.24</ele>
        <time>2012-09-13T04:03:56Z</time>
      </trkpt>
      <trkpt lat="51.433922136202455" lon="104.01528532616794">
        <ele>1911.24</ele>
        <time>2012-09-13T04:03:57Z</time>
      </trkpt>
      <trkpt lat="51.433771681040525" lon="104.01476757600904">
        <ele>1915.5599999999999</ele>
        <time>2012-09-13T04:04:58Z</time>
      </trkpt>
      <trkpt lat="51.433775788173079" lon="104.01472692377865">
        <ele>1918.9300000000001</ele>
        <time>2012-09-13T04:05:14Z</time>
      </trkpt>
      <trkpt lat="51.433814764022827" lon="104.01467830874026">
        <ele>1922.77</ele>
        <time>2012-09-13T04:05:50Z</time>
      </trkpt>
      <trkpt lat="51.433853823691607" lon="104.01465601287782">
        <ele>1926.6199999999999</ele>
        <time>2012-09-13T04:06:17Z</time>
      </trkpt>
      <trkpt lat="51.433883160352707" lon="104.01467193849385">
        <ele>1930.46</ele>
        <time>2012-09-13T04:06:42Z</time>
      </trkpt>
      <trkpt lat="51.433889865875244" lon="104.01460748165846">
        <ele>1934.79</ele>
        <time>2012-09-13T04:07:07Z</time>
      </trkpt>
      <trkpt lat="51.433913335204124" lon="104.01460396125913">
        <ele>1934.79</ele>
        <time>2012-09-13T04:07:21Z</time>
      </trkpt>
      <trkpt lat="51.433793306350708" lon="104.01424773037434">
        <ele>1937.1900000000001</ele>
        <time>2012-09-13T04:08:30Z</time>
      </trkpt>
      <trkpt lat="51.433723485097289" lon="104.01399082504213">
        <ele>1937.6700000000001</ele>
        <time>2012-09-13T04:09:04Z</time>
      </trkpt>
      <trkpt lat="51.433632876724005" lon="104.01389636099339">
        <ele>1936.23</ele>
        <time>2012-09-13T04:10:03Z</time>
      </trkpt>
      <trkpt lat="51.433601276949048" lon="104.01375831104815">
        <ele>1931.4300000000001</ele>
        <time>2012-09-13T04:10:27Z</time>
      </trkpt>
      <trkpt lat="51.43360823392868" lon="104.0137486718595">
        <ele>1931.4300000000001</ele>
        <time>2012-09-13T04:10:50Z</time>
      </trkpt>
      <trkpt lat="51.433661039918661" lon="104.01370366103947">
        <ele>1928.0599999999999</ele>
        <time>2012-09-13T04:11:00Z</time>
      </trkpt>
      <trkpt lat="51.433754665777087" lon="104.01367289945483">
        <ele>1924.22</ele>
        <time>2012-09-13T04:11:11Z</time>
      </trkpt>
      <trkpt lat="51.433789534494281" lon="104.01358773931861">
        <ele>1920.8499999999999</ele>
        <time>2012-09-13T04:11:26Z</time>
      </trkpt>
      <trkpt lat="51.433794479817152" lon="104.01356586255133">
        <ele>1921.3299999999999</ele>
        <time>2012-09-13T04:11:28Z</time>
      </trkpt>
      <trkpt lat="51.433877041563392" lon="104.01345966383815">
        <ele>1917.97</ele>
        <time>2012-09-13T04:11:56Z</time>
      </trkpt>
      <trkpt lat="51.433938816189766" lon="104.01334910653532">
        <ele>1914.1199999999999</ele>
        <time>2012-09-13T04:12:33Z</time>
      </trkpt>
      <trkpt lat="51.434013163670897" lon="104.01331080123782">
        <ele>1909.8</ele>
        <time>2012-09-13T04:12:56Z</time>
      </trkpt>
      <trkpt lat="51.434109723195434" lon="104.01323108933866">
        <ele>1904.99</ele>
        <time>2012-09-13T04:13:19Z</time>
      </trkpt>
      <trkpt lat="51.434169234707952" lon="104.01312748901546">
        <ele>1900.6600000000001</ele>
        <time>2012-09-13T04:13:38Z</time>
      </trkpt>
      <trkpt lat="51.434215921908617" lon="104.01306789368391">
        <ele>1896.8199999999999</ele>
        <time>2012-09-13T04:13:50Z</time>
      </trkpt>
      <trkpt lat="51.434250036254525" lon="104.01303813792765">
        <ele>1892.97</ele>
        <time>2012-09-13T04:14:05Z</time>
      </trkpt>
      <trkpt lat="51.434363694861531" lon="104.01291006244719">
        <ele>1889.6099999999999</ele>
        <time>2012-09-13T04:14:22Z</time>
      </trkpt>
      <trkpt lat="51.434500906616449" lon="104.01270856149495">
        <ele>1890.5699999999999</ele>
        <time>2012-09-13T04:14:39Z</time>
      </trkpt>
      <trkpt lat="51.434623030945659" lon="104.01242625899613">
        <ele>1887.21</ele>
        <time>2012-09-13T04:15:10Z</time>
      </trkpt>
      <trkpt lat="51.434635939076543" lon="104.01232827454805">
        <ele>1885.28</ele>
        <time>2012-09-13T04:15:18Z</time>
      </trkpt>
      <trkpt lat="51.434742724522948" lon="104.01221377775073">
        <ele>1881.9200000000001</ele>
        <time>2012-09-13T04:15:43Z</time>
      </trkpt>
      <trkpt lat="51.434761332347989" lon="104.0121185593307">
        <ele>1880</ele>
        <time>2012-09-13T04:15:57Z</time>
      </trkpt>
      <trkpt lat="51.434780778363347" lon="104.01183089241385">
        <ele>1881.4400000000001</ele>
        <time>2012-09-13T04:16:21Z</time>
      </trkpt>
      <trkpt lat="51.434907093644142" lon="104.01157658547163">
        <ele>1884.8</ele>
        <time>2012-09-13T04:16:57Z</time>
      </trkpt>
      <trkpt lat="51.434921259060502" lon="104.01154247112572">
        <ele>1884.8</ele>
        <time>2012-09-13T04:17:01Z</time>
      </trkpt>
      <trkpt lat="51.435007508844137" lon="104.01116176508367">
        <ele>1886.24</ele>
        <time>2012-09-13T04:17:44Z</time>
      </trkpt>
      <trkpt lat="51.435042712837458" lon="104.01088600046933">
        <ele>1889.6099999999999</ele>
        <time>2012-09-13T04:18:12Z</time>
      </trkpt>
      <trkpt lat="51.435014298185706" lon="104.0107508841902">
        <ele>1893.9300000000001</ele>
        <time>2012-09-13T04:18:37Z</time>
      </trkpt>
      <trkpt lat="51.435031061992049" lon="104.01063102297485">
        <ele>1897.3</ele>
        <time>2012-09-13T04:18:52Z</time>
      </trkpt>
      <trkpt lat="51.435016896575689" lon="104.01058626361191">
        <ele>1897.3</ele>
        <time>2012-09-13T04:19:08Z</time>
      </trkpt>
      <trkpt lat="51.43499493598938" lon="104.01046983897686">
        <ele>1900.6600000000001</ele>
        <time>2012-09-13T04:19:27Z</time>
      </trkpt>
      <trkpt lat="51.435005161911249" lon="104.01038903743029">
        <ele>1904.51</ele>
        <time>2012-09-13T04:19:51Z</time>
      </trkpt>
      <trkpt lat="51.43498613499105" lon="104.01027739048004">
        <ele>1908.8299999999999</ele>
        <time>2012-09-13T04:20:14Z</time>
      </trkpt>
      <trkpt lat="51.434965934604406" lon="104.010174209252">
        <ele>1913.1600000000001</ele>
        <time>2012-09-13T04:20:44Z</time>
      </trkpt>
      <trkpt lat="51.43494363874197" lon="104.01004185900092">
        <ele>1917.01</ele>
        <time>2012-09-13T04:21:11Z</time>
      </trkpt>
      <trkpt lat="51.434941124171019" lon="104.01002886705101">
        <ele>1917.01</ele>
        <time>2012-09-13T04:21:14Z</time>
      </trkpt>
      <trkpt lat="51.434917403385043" lon="104.00995971634984">
        <ele>1919.4100000000001</ele>
        <time>2012-09-13T04:21:25Z</time>
      </trkpt>
      <trkpt lat="51.434895023703575" lon="104.00982451625168">
        <ele>1922.77</ele>
        <time>2012-09-13T04:21:51Z</time>
      </trkpt>
      <trkpt lat="51.434934670105577" lon="104.00972770527005">
        <ele>1927.0999999999999</ele>
        <time>2012-09-13T04:22:13Z</time>
      </trkpt>
      <trkpt lat="51.434933664277196" lon="104.00955067947507">
        <ele>1930.95</ele>
        <time>2012-09-13T04:22:38Z</time>
      </trkpt>
      <trkpt lat="51.43493433482945" lon="104.00930483825505">
        <ele>1934.79</ele>
        <time>2012-09-13T04:23:15Z</time>
      </trkpt>
      <trkpt lat="51.434933664277196" lon="104.00929964147508">
        <ele>1934.79</ele>
        <time>2012-09-13T04:23:20Z</time>
      </trkpt>
      <trkpt lat="51.43494414165616" lon="104.00924423709512">
        <ele>1939.1199999999999</ele>
        <time>2012-09-13T04:23:41Z</time>
      </trkpt>
      <trkpt lat="51.434949925169349" lon="104.00918363593519">
        <ele>1943.4400000000001</ele>
        <time>2012-09-13T04:24:12Z</time>
      </trkpt>
      <trkpt lat="51.43498370423913" lon="104.00915706530213">
        <ele>1946.8099999999999</ele>
        <time>2012-09-13T04:24:31Z</time>
      </trkpt>
      <trkpt lat="51.435024188831449" lon="104.00905204005539">
        <ele>1950.6500000000001</ele>
        <time>2012-09-13T04:25:02Z</time>
      </trkpt>
      <trkpt lat="51.435045059770346" lon="104.00901222601533">
        <ele>1954.5</ele>
        <time>2012-09-13T04:25:23Z</time>
      </trkpt>
      <trkpt lat="51.435097111389041" lon="104.00899412110448">
        <ele>1958.8199999999999</ele>
        <time>2012-09-13T04:25:48Z</time>
      </trkpt>
      <trkpt lat="51.435149582102895" lon="104.0089431591332">
        <ele>1964.1099999999999</ele>
        <time>2012-09-13T04:26:36Z</time>
      </trkpt>
      <trkpt lat="51.435223259031773" lon="104.00892170146108">
        <ele>1967.48</ele>
        <time>2012-09-13T04:27:03Z</time>
      </trkpt>
      <trkpt lat="51.435248237103224" lon="104.00889219716191">
        <ele>1970.8399999999999</ele>
        <time>2012-09-13T04:27:23Z</time>
      </trkpt>
      <trkpt lat="51.435292325913906" lon="104.0088361222297">
        <ele>1974.2</ele>
        <time>2012-09-13T04:27:52Z</time>
      </trkpt>
      <trkpt lat="51.435313615947962" lon="104.00883528403938">
        <ele>1977.5699999999999</ele>
        <time>2012-09-13T04:28:10Z</time>
      </trkpt>
      <trkpt lat="51.43540732562542" lon="104.00870217941701">
        <ele>1983.3399999999999</ele>
        <time>2012-09-13T04:28:41Z</time>
      </trkpt>
      <trkpt lat="51.43544009886682" lon="104.00864996016026">
        <ele>1987.1800000000001</ele>
        <time>2012-09-13T04:29:07Z</time>
      </trkpt>
      <trkpt lat="51.435530120506883" lon="104.00858961045742">
        <ele>1991.99</ele>
        <time>2012-09-13T04:29:39Z</time>
      </trkpt>
      <trkpt lat="51.435604384168983" lon="104.00854543782771">
        <ele>1995.3499999999999</ele>
        <time>2012-09-13T04:29:58Z</time>
      </trkpt>
      <trkpt lat="51.435684682801366" lon="104.00851610116661">
        <ele>1997.76</ele>
        <time>2012-09-13T04:30:24Z</time>
      </trkpt>
      <trkpt lat="51.435710834339261" lon="104.00849372148514">
        <ele>1996.3199999999999</ele>
        <time>2012-09-13T04:31:05Z</time>
      </trkpt>
      <trkpt lat="51.435710079967976" lon="104.0084835793823">
        <ele>1998.72</ele>
        <time>2012-09-13T04:35:03Z</time>
      </trkpt>
      <trkpt lat="51.435773028060794" lon="104.00838257744908">
        <ele>1994.8699999999999</ele>
        <time>2012-09-13T04:35:29Z</time>
      </trkpt>
      <trkpt lat="51.435797335579991" lon="104.00841929018497">
        <ele>1994.8699999999999</ele>
        <time>2012-09-13T04:35:41Z</time>
      </trkpt>
      <trkpt lat="51.435847962275147" lon="104.00851232931018">
        <ele>1991.51</ele>
        <time>2012-09-13T04:36:01Z</time>
      </trkpt>
      <trkpt lat="51.435905462130904" lon="104.00844611227512">
        <ele>1988.1400000000001</ele>
        <time>2012-09-13T04:36:23Z</time>
      </trkpt>
      <trkpt lat="51.436006464064121" lon="104.00828660465777">
        <ele>1983.8199999999999</ele>
        <time>2012-09-13T04:36:48Z</time>
      </trkpt>
      <trkpt lat="51.436067735776305" lon="104.00823572650552">
        <ele>1979.97</ele>
        <time>2012-09-13T04:36:58Z</time>
      </trkpt>
      <trkpt lat="51.436137137934566" lon="104.00821133516729">
        <ele>1976.1300000000001</ele>
        <time>2012-09-13T04:37:10Z</time>
      </trkpt>
      <trkpt lat="51.436242833733559" lon="104.00812014006078">
        <ele>1971.8</ele>
        <time>2012-09-13T04:37:36Z</time>
      </trkpt>
      <trkpt lat="51.436335202306509" lon="104.008057275787">
        <ele>1966.51</ele>
        <time>2012-09-13T04:37:52Z</time>
      </trkpt>
      <trkpt lat="51.436450704932213" lon="104.00800312869251">
        <ele>1961.23</ele>
        <time>2012-09-13T04:38:06Z</time>
      </trkpt>
      <trkpt lat="51.436510384082794" lon="104.00798016227782">
        <ele>1959.78</ele>
        <time>2012-09-13T04:38:14Z</time>
      </trkpt>
      <trkpt lat="51.436645500361919" lon="104.00793699547648">
        <ele>1957.8599999999999</ele>
        <time>2012-09-13T04:38:26Z</time>
      </trkpt>
      <trkpt lat="51.436708699911833" lon="104.00795652531087">
        <ele>1957.8599999999999</ele>
        <time>2012-09-13T04:38:32Z</time>
      </trkpt>
      <trkpt lat="51.436812719330192" lon="104.00795929133892">
        <ele>1954.02</ele>
        <time>2012-09-13T04:38:45Z</time>
      </trkpt>
      <trkpt lat="51.436992762610316" lon="104.00794026441872">
        <ele>1950.1700000000001</ele>
        <time>2012-09-13T04:39:18Z</time>
      </trkpt>
      <trkpt lat="51.437139781191945" lon="104.00792081840336">
        <ele>1946.8099999999999</ele>
        <time>2012-09-13T04:39:33Z</time>
      </trkpt>
      <trkpt lat="51.437249500304461" lon="104.00783976539969">
        <ele>1942.96</ele>
        <time>2012-09-13T04:39:48Z</time>
      </trkpt>
      <trkpt lat="51.437344383448362" lon="104.00775016285479">
        <ele>1939.5999999999999</ele>
        <time>2012-09-13T04:40:01Z</time>
      </trkpt>
      <trkpt lat="51.437476063147187" lon="104.00747389532626">
        <ele>1942.96</ele>
        <time>2012-09-13T04:40:34Z</time>
      </trkpt>
      <trkpt lat="51.437479499727488" lon="104.00745998136699">
        <ele>1942.48</ele>
        <time>2012-09-13T04:40:35Z</time>
      </trkpt>
      <trkpt lat="51.437594415619969" lon="104.00724406354129">
        <ele>1939.5999999999999</ele>
        <time>2012-09-13T04:41:11Z</time>
      </trkpt>
      <trkpt lat="51.437668260186911" lon="104.00709436275065">
        <ele>1939.5999999999999</ele>
        <time>2012-09-13T04:41:23Z</time>
      </trkpt>
      <trkpt lat="51.437960620969534" lon="104.00684248656034">
        <ele>1941.04</ele>
        <time>2012-09-13T04:42:08Z</time>
      </trkpt>
      <trkpt lat="51.438236720860004" lon="104.00654316879809">
        <ele>1937.6700000000001</ele>
        <time>2012-09-13T04:42:59Z</time>
      </trkpt>
      <trkpt lat="51.43833177164197" lon="104.00647242553532">
        <ele>1940.0799999999999</ele>
        <time>2012-09-13T04:43:17Z</time>
      </trkpt>
      <trkpt lat="51.438430678099394" lon="104.0064131654799">
        <ele>1938.6400000000001</ele>
        <time>2012-09-13T04:43:46Z</time>
      </trkpt>
      <trkpt lat="51.438521705567837" lon="104.00643076747656">
        <ele>1942.96</ele>
        <time>2012-09-13T04:44:04Z</time>
      </trkpt>
      <trkpt lat="51.438580378890038" lon="104.00642942637205">
        <ele>1947.29</ele>
        <time>2012-09-13T04:44:26Z</time>
      </trkpt>
      <trkpt lat="51.43865866586566" lon="104.00646002031863">
        <ele>1951.1300000000001</ele>
        <time>2012-09-13T04:44:49Z</time>
      </trkpt>
      <trkpt lat="51.438909117132425" lon="104.00630126707256">
        <ele>1950.1700000000001</ele>
        <time>2012-09-13T04:45:42Z</time>
      </trkpt>
      <trkpt lat="51.439057728275657" lon="104.00635549798608">
        <ele>1950.6500000000001</ele>
        <time>2012-09-13T04:46:44Z</time>
      </trkpt>
      <trkpt lat="51.439142469316721" lon="104.00627478025854">
        <ele>1945.3599999999999</ele>
        <time>2012-09-13T04:47:10Z</time>
      </trkpt>
      <trkpt lat="51.439199633896351" lon="104.0062353014946">
        <ele>1939.5999999999999</ele>
        <time>2012-09-13T04:47:29Z</time>
      </trkpt>
      <trkpt lat="51.439253613352776" lon="104.00626740418375">
        <ele>1939.5999999999999</ele>
        <time>2012-09-13T04:47:45Z</time>
      </trkpt>
      <trkpt lat="51.439592493698001" lon="104.00609976612031">
        <ele>1942.48</ele>
        <time>2012-09-13T04:48:30Z</time>
      </trkpt>
      <trkpt lat="51.439867839217186" lon="104.00604771450162">
        <ele>1947.29</ele>
        <time>2012-09-13T04:49:01Z</time>
      </trkpt>
      <trkpt lat="51.439871527254581" lon="104.00604478083551">
        <ele>1946.8099999999999</ele>
        <time>2012-09-13T04:49:02Z</time>
      </trkpt>
      <trkpt lat="51.440006140619516" lon="104.00596951134503">
        <ele>1946.3299999999999</ele>
        <time>2012-09-13T04:49:34Z</time>
      </trkpt>
      <trkpt lat="51.440055510029197" lon="104.00593967176974">
        <ele>1949.6900000000001</ele>
        <time>2012-09-13T04:49:50Z</time>
      </trkpt>
      <trkpt lat="51.440088367089629" lon="104.00588049553335">
        <ele>1945.3599999999999</ele>
        <time>2012-09-13T04:50:13Z</time>
      </trkpt>
      <trkpt lat="51.440139664337039" lon="104.00578225962818">
        <ele>1939.5999999999999</ele>
        <time>2012-09-13T04:50:29Z</time>
      </trkpt>
      <trkpt lat="51.440197164192796" lon="104.00569600984454">
        <ele>1934.3099999999999</ele>
        <time>2012-09-13T04:50:47Z</time>
      </trkpt>
      <trkpt lat="51.440283665433526" lon="104.00558327324688">
        <ele>1930.95</ele>
        <time>2012-09-13T04:51:00Z</time>
      </trkpt>
      <trkpt lat="51.440338985994458" lon="104.00541923940182">
        <ele>1926.1400000000001</ele>
        <time>2012-09-13T04:51:22Z</time>
      </trkpt>
      <trkpt lat="51.440329262986779" lon="104.0053184889257">
        <ele>1922.29</ele>
        <time>2012-09-13T04:51:37Z</time>
      </trkpt>
      <trkpt lat="51.440442334860563" lon="104.00518320500851">
        <ele>1920.3699999999999</ele>
        <time>2012-09-13T04:52:08Z</time>
      </trkpt>
      <trkpt lat="51.440589437261224" lon="104.00496426969767">
        <ele>1915.5599999999999</ele>
        <time>2012-09-13T04:52:47Z</time>
      </trkpt>
      <trkpt lat="51.440645260736346" lon="104.00488371960819">
        <ele>1913.1600000000001</ele>
        <time>2012-09-13T04:53:03Z</time>
      </trkpt>
      <trkpt lat="51.440711477771401" lon="104.00469747371972">
        <ele>1908.8299999999999</ele>
        <time>2012-09-13T04:53:26Z</time>
      </trkpt>
      <trkpt lat="51.440726481378078" lon="104.00465690530837">
        <ele>1907.3900000000001</ele>
        <time>2012-09-13T04:53:30Z</time>
      </trkpt>
      <trkpt lat="51.44076906144619" lon="104.00439723394811">
        <ele>1902.1099999999999</ele>
        <time>2012-09-13T04:53:52Z</time>
      </trkpt>
      <trkpt lat="51.440768893808126" lon="104.00424778461456">
        <ele>1897.3</ele>
        <time>2012-09-13T04:54:05Z</time>
      </trkpt>
      <trkpt lat="51.440837541595101" lon="104.00412356480956">
        <ele>1890.5699999999999</ele>
        <time>2012-09-13T04:54:24Z</time>
      </trkpt>
      <trkpt lat="51.440838128328323" lon="104.00412213988602">
        <ele>1890.5699999999999</ele>
        <time>2012-09-13T04:54:25Z</time>
      </trkpt>
      <trkpt lat="51.440890012308955" lon="104.00404133833945">
        <ele>1888.1700000000001</ele>
        <time>2012-09-13T04:54:33Z</time>
      </trkpt>
      <trkpt lat="51.440956313163042" lon="104.00386481545866">
        <ele>1883.8399999999999</ele>
        <time>2012-09-13T04:54:47Z</time>
      </trkpt>
      <trkpt lat="51.440944578498602" lon="104.00375442579389">
        <ele>1879.51</ele>
        <time>2012-09-13T04:54:57Z</time>
      </trkpt>
      <trkpt lat="51.44094399176538" lon="104.00368376635015">
        <ele>1876.1500000000001</ele>
        <time>2012-09-13T04:55:08Z</time>
      </trkpt>
      <trkpt lat="51.440962264314294" lon="104.00356960482895">
        <ele>1872.79</ele>
        <time>2012-09-13T04:55:20Z</time>
      </trkpt>
      <trkpt lat="51.440961761400104" lon="104.00355770252645">
        <ele>1872.79</ele>
        <time>2012-09-13T04:55:21Z</time>
      </trkpt>
      <trkpt lat="51.440966874361038" lon="104.00340925902128">
        <ele>1867.98</ele>
        <time>2012-09-13T04:55:37Z</time>
      </trkpt>
      <trkpt lat="51.440964862704277" lon="104.00332569144666">
        <ele>1862.21</ele>
        <time>2012-09-13T04:55:58Z</time>
      </trkpt>
      <trkpt lat="51.44090929068625" lon="104.00324178859591">
        <ele>1857.4000000000001</ele>
        <time>2012-09-13T04:56:16Z</time>
      </trkpt>
      <trkpt lat="51.440900238230824" lon="104.00316048413515">
        <ele>1854.04</ele>
        <time>2012-09-13T04:56:32Z</time>
      </trkpt>
      <trkpt lat="51.440894035622478" lon="104.0030818618834">
        <ele>1850.6800000000001</ele>
        <time>2012-09-13T04:56:42Z</time>
      </trkpt>
      <trkpt lat="51.440894789993763" lon="104.00305688381195">
        <ele>1850.6800000000001</ele>
        <time>2012-09-13T04:56:44Z</time>
      </trkpt>
      <trkpt lat="51.440940136089921" lon="104.00284549221396">
        <ele>1847.3099999999999</ele>
        <time>2012-09-13T04:57:01Z</time>
      </trkpt>
      <trkpt lat="51.440954469144344" lon="104.00271976366639">
        <ele>1843.95</ele>
        <time>2012-09-13T04:57:11Z</time>
      </trkpt>
      <trkpt lat="51.440946171060205" lon="104.00264130905271">
        <ele>1840.0999999999999</ele>
        <time>2012-09-13T04:57:23Z</time>
      </trkpt>
      <trkpt lat="51.440975507721305" lon="104.00255790911615">
        <ele>1836.26</ele>
        <time>2012-09-13T04:57:35Z</time>
      </trkpt>
      <trkpt lat="51.440975172445178" lon="104.00255480781198">
        <ele>1837.7</ele>
        <time>2012-09-13T04:57:36Z</time>
      </trkpt>
      <trkpt lat="51.441039880737662" lon="104.00236219167709">
        <ele>1835.77</ele>
        <time>2012-09-13T04:57:49Z</time>
      </trkpt>
      <trkpt lat="51.44118488766253" lon="104.00206471793354">
        <ele>1832.8900000000001</ele>
        <time>2012-09-13T04:58:08Z</time>
      </trkpt>
      <trkpt lat="51.441170135512948" lon="104.00192591361701">
        <ele>1829.53</ele>
        <time>2012-09-13T04:58:20Z</time>
      </trkpt>
      <trkpt lat="51.441142139956355" lon="104.00183589197695">
        <ele>1826.1600000000001</ele>
        <time>2012-09-13T04:58:32Z</time>
      </trkpt>
      <trkpt lat="51.441130908206105" lon="104.00173866190016">
        <ele>1822.8</ele>
        <time>2012-09-13T04:58:42Z</time>
      </trkpt>
      <trkpt lat="51.441137865185738" lon="104.0017057210207">
        <ele>1820.8699999999999</ele>
        <time>2012-09-13T04:58:47Z</time>
      </trkpt>
      <trkpt lat="51.441135015338659" lon="104.0016919746995">
        <ele>1820.8699999999999</ele>
        <time>2012-09-13T04:58:50Z</time>
      </trkpt>
      <trkpt lat="51.441143564879894" lon="104.00152232497931">
        <ele>1819.4300000000001</ele>
        <time>2012-09-13T04:59:03Z</time>
      </trkpt>
      <trkpt lat="51.441143481060863" lon="104.00131613016129">
        <ele>1814.1500000000001</ele>
        <time>2012-09-13T04:59:17Z</time>
      </trkpt>
      <trkpt lat="51.441120430827141" lon="104.00121646933258">
        <ele>1809.3399999999999</ele>
        <time>2012-09-13T04:59:30Z</time>
      </trkpt>
      <trkpt lat="51.441066367551684" lon="104.00115570053458">
        <ele>1805.97</ele>
        <time>2012-09-13T04:59:41Z</time>
      </trkpt>
      <trkpt lat="51.441065110266209" lon="104.00115259923041">
        <ele>1805.49</ele>
        <time>2012-09-13T04:59:43Z</time>
      </trkpt>
      <trkpt lat="51.441052621230483" lon="104.00093701668084">
        <ele>1800.6900000000001</ele>
        <time>2012-09-13T04:59:58Z</time>
      </trkpt>
      <trkpt lat="51.441018339246511" lon="104.0008198376745">
        <ele>1798.28</ele>
        <time>2012-09-13T05:00:05Z</time>
      </trkpt>
      <trkpt lat="51.441021105274558" lon="104.00076837278903">
        <ele>1798.76</ele>
        <time>2012-09-13T05:00:08Z</time>
      </trkpt>
      <trkpt lat="51.44101875834167" lon="104.00064222514629">
        <ele>1795.4000000000001</ele>
        <time>2012-09-13T05:00:18Z</time>
      </trkpt>
      <trkpt lat="51.440991600975394" lon="104.00053778663278">
        <ele>1791.0699999999999</ele>
        <time>2012-09-13T05:00:43Z</time>
      </trkpt>
      <trkpt lat="51.440969975665212" lon="104.00033251382411">
        <ele>1786.75</ele>
        <time>2012-09-13T05:00:56Z</time>
      </trkpt>
      <trkpt lat="51.440966539084911" lon="104.00020259432495">
        <ele>1783.3800000000001</ele>
        <time>2012-09-13T05:01:06Z</time>
      </trkpt>
      <trkpt lat="51.44087023101747" lon="104.00011667981744">
        <ele>1778.0999999999999</ele>
        <time>2012-09-13T05:01:20Z</time>
      </trkpt>
      <trkpt lat="51.440848940983415" lon="104.00000385940075">
        <ele>1774.73</ele>
        <time>2012-09-13T05:01:29Z</time>
      </trkpt>
      <trkpt lat="51.440844833850861" lon="103.99993546307087">
        <ele>1772.8099999999999</ele>
        <time>2012-09-13T05:01:36Z</time>
      </trkpt>
      <trkpt lat="51.44081256352365" lon="103.99971258826554">
        <ele>1769.9200000000001</ele>
        <time>2012-09-13T05:01:49Z</time>
      </trkpt>
      <trkpt lat="51.440813485532999" lon="103.99930556304753">
        <ele>1766.0799999999999</ele>
        <time>2012-09-13T05:02:22Z</time>
      </trkpt>
      <trkpt lat="51.440799236297607" lon="103.99911956861615">
        <ele>1764.6400000000001</ele>
        <time>2012-09-13T05:02:58Z</time>
      </trkpt>
      <trkpt lat="51.440738635137677" lon="103.99910976178944">
        <ele>1760.3099999999999</ele>
        <time>2012-09-13T05:03:19Z</time>
      </trkpt>
      <trkpt lat="51.440736539661884" lon="103.99908763356507">
        <ele>1760.3099999999999</ele>
        <time>2012-09-13T05:03:21Z</time>
      </trkpt>
      <trkpt lat="51.440690858289599" lon="103.99881438352168">
        <ele>1756.95</ele>
        <time>2012-09-13T05:03:42Z</time>
      </trkpt>
      <trkpt lat="51.44064350053668" lon="103.99875336326659">
        <ele>1753.0999999999999</ele>
        <time>2012-09-13T05:04:02Z</time>
      </trkpt>
      <trkpt lat="51.44056873396039" lon="103.99864573962986">
        <ele>1751.1800000000001</ele>
        <time>2012-09-13T05:04:22Z</time>
      </trkpt>
      <trkpt lat="51.440483406186104" lon="103.99856711737812">
        <ele>1755.02</ele>
        <time>2012-09-13T05:04:43Z</time>
      </trkpt>
      <trkpt lat="51.440456165000796" lon="103.99852076545358">
        <ele>1754.54</ele>
        <time>2012-09-13T05:04:47Z</time>
      </trkpt>
      <trkpt lat="51.440421128645539" lon="103.99847818538547">
        <ele>1752.1400000000001</ele>
        <time>2012-09-13T05:08:21Z</time>
      </trkpt>
      <trkpt lat="51.440444262698293" lon="103.99847106076777">
        <ele>1748.29</ele>
        <time>2012-09-13T05:10:28Z</time>
      </trkpt>
      <trkpt lat="51.440442586317658" lon="103.99847416207194">
        <ele>1751.6600000000001</ele>
        <time>2012-09-13T05:10:29Z</time>
      </trkpt>
      <trkpt lat="51.440441161394119" lon="103.99847893975675">
        <ele>1751.6600000000001</ele>
        <time>2012-09-13T05:15:14Z</time>
      </trkpt>
      <trkpt lat="51.440449459478259" lon="103.99848841130733">
        <ele>1747.8099999999999</ele>
        <time>2012-09-13T05:16:43Z</time>
      </trkpt>
      <trkpt lat="51.440448202192783" lon="103.99848790839314">
        <ele>1751.1800000000001</ele>
        <time>2012-09-13T05:17:08Z</time>
      </trkpt>
      <trkpt lat="51.440454237163067" lon="103.99844407103956">
        <ele>1752.1400000000001</ele>
        <time>2012-09-13T05:20:25Z</time>
      </trkpt>
      <trkpt lat="51.440262626856565" lon="103.99824768304825">
        <ele>1752.1400000000001</ele>
        <time>2012-09-13T05:21:40Z</time>
      </trkpt>
      <trkpt lat="51.440130695700645" lon="103.9980741776526">
        <ele>1755.5</ele>
        <time>2012-09-13T05:22:26Z</time>
      </trkpt>
      <trkpt lat="51.440068166702986" lon="103.99792481213808">
        <ele>1759.3499999999999</ele>
        <time>2012-09-13T05:23:08Z</time>
      </trkpt>
      <trkpt lat="51.44005567766726" lon="103.99784669280052">
        <ele>1761.75</ele>
        <time>2012-09-13T05:23:46Z</time>
      </trkpt>
      <trkpt lat="51.440056515857577" lon="103.99768341332674">
        <ele>1765.1199999999999</ele>
        <time>2012-09-13T05:24:09Z</time>
      </trkpt>
      <trkpt lat="51.440112423151731" lon="103.99746581912041">
        <ele>1768.96</ele>
        <time>2012-09-13T05:25:00Z</time>
      </trkpt>
      <trkpt lat="51.440110998228192" lon="103.99743078276515">
        <ele>1771.8499999999999</ele>
        <time>2012-09-13T05:25:52Z</time>
      </trkpt>
      <trkpt lat="51.440116195008159" lon="103.99739113636315">
        <ele>1775.6900000000001</ele>
        <time>2012-09-13T05:26:09Z</time>
      </trkpt>
      <trkpt lat="51.440143268555403" lon="103.99719843640924">
        <ele>1778.0999999999999</ele>
        <time>2012-09-13T05:27:11Z</time>
      </trkpt>
      <trkpt lat="51.440169923007488" lon="103.99705049581826">
        <ele>1781.9400000000001</ele>
        <time>2012-09-13T05:28:01Z</time>
      </trkpt>
      <trkpt lat="51.440175538882613" lon="103.99694111198187">
        <ele>1785.79</ele>
        <time>2012-09-13T05:28:33Z</time>
      </trkpt>
      <trkpt lat="51.440167995169759" lon="103.99688160046935">
        <ele>1789.1500000000001</ele>
        <time>2012-09-13T05:28:58Z</time>
      </trkpt>
      <trkpt lat="51.440181406214833" lon="103.99682242423296">
        <ele>1793</ele>
        <time>2012-09-13T05:29:42Z</time>
      </trkpt>
      <trkpt lat="51.440178388729692" lon="103.9967770781368">
        <ele>1796.8399999999999</ele>
        <time>2012-09-13T05:30:16Z</time>
      </trkpt>
      <trkpt lat="51.440196912735701" lon="103.9967495854944">
        <ele>1800.21</ele>
        <time>2012-09-13T05:30:43Z</time>
      </trkpt>
      <trkpt lat="51.440230021253228" lon="103.99661581031978">
        <ele>1803.5699999999999</ele>
        <time>2012-09-13T05:31:27Z</time>
      </trkpt>
      <trkpt lat="51.440240079537034" lon="103.99636309593916">
        <ele>1806.9400000000001</ele>
        <time>2012-09-13T05:32:24Z</time>
      </trkpt>
      <trkpt lat="51.44027260132134" lon="103.99632722139359">
        <ele>1810.78</ele>
        <time>2012-09-13T05:32:45Z</time>
      </trkpt>
      <trkpt lat="51.440314091742039" lon="103.99621632881463">
        <ele>1813.6600000000001</ele>
        <time>2012-09-13T05:33:19Z</time>
      </trkpt>
      <trkpt lat="51.44033957272768" lon="103.99617911316454">
        <ele>1817.03</ele>
        <time>2012-09-13T05:34:00Z</time>
      </trkpt>
      <trkpt lat="51.440348206087947" lon="103.99611373431981">
        <ele>1819.4300000000001</ele>
        <time>2012-09-13T05:34:55Z</time>
      </trkpt>
      <trkpt lat="51.440352397039533" lon="103.99604106321931">
        <ele>1823.28</ele>
        <time>2012-09-13T05:35:18Z</time>
      </trkpt>
      <trkpt lat="51.440358264371753" lon="103.9958584215492">
        <ele>1818.95</ele>
        <time>2012-09-13T05:37:39Z</time>
      </trkpt>
      <trkpt lat="51.440384835004807" lon="103.99561886675656">
        <ele>1818.95</ele>
        <time>2012-09-13T05:39:13Z</time>
      </trkpt>
      <trkpt lat="51.440414674580097" lon="103.99554912932217">
        <ele>1820.8699999999999</ele>
        <time>2012-09-13T05:39:47Z</time>
      </trkpt>
      <trkpt lat="51.440421296283603" lon="103.99546413682401">
        <ele>1824.72</ele>
        <time>2012-09-13T05:40:15Z</time>
      </trkpt>
      <trkpt lat="51.440459601581097" lon="103.99539884179831">
        <ele>1828.0799999999999</ele>
        <time>2012-09-13T05:40:38Z</time>
      </trkpt>
      <trkpt lat="51.440510982647538" lon="103.99491679854691">
        <ele>1831.45</ele>
        <time>2012-09-13T05:42:15Z</time>
      </trkpt>
      <trkpt lat="51.440535290166736" lon="103.99485217407346">
        <ele>1835.29</ele>
        <time>2012-09-13T05:42:35Z</time>
      </trkpt>
      <trkpt lat="51.440545599907637" lon="103.99482493288815">
        <ele>1838.1800000000001</ele>
        <time>2012-09-13T05:42:53Z</time>
      </trkpt>
      <trkpt lat="51.440554903820157" lon="103.99469442665577">
        <ele>1841.54</ele>
        <time>2012-09-13T05:43:40Z</time>
      </trkpt>
      <trkpt lat="51.44057996571064" lon="103.99426242336631">
        <ele>1845.3900000000001</ele>
        <time>2012-09-13T05:45:29Z</time>
      </trkpt>
      <trkpt lat="51.440590778365731" lon="103.99420701898634">
        <ele>1849.23</ele>
        <time>2012-09-13T05:46:05Z</time>
      </trkpt>
      <trkpt lat="51.440567895770073" lon="103.99416267871857">
        <ele>1853.0799999999999</ele>
        <time>2012-09-13T05:47:07Z</time>
      </trkpt>
      <trkpt lat="51.440584240481257" lon="103.99411716498435">
        <ele>1856.9200000000001</ele>
        <time>2012-09-13T05:47:46Z</time>
      </trkpt>
      <trkpt lat="51.440587341785431" lon="103.99410291574895">
        <ele>1859.3299999999999</ele>
        <time>2012-09-13T05:48:38Z</time>
      </trkpt>
      <trkpt lat="51.440587509423494" lon="103.99405656382442">
        <ele>1863.6500000000001</ele>
        <time>2012-09-13T05:49:18Z</time>
      </trkpt>
      <trkpt lat="51.440604524686933" lon="103.9939553104341">
        <ele>1867.02</ele>
        <time>2012-09-13T05:49:35Z</time>
      </trkpt>
      <trkpt lat="51.440618271008134" lon="103.99386696517467">
        <ele>1870.8599999999999</ele>
        <time>2012-09-13T05:50:28Z</time>
      </trkpt>
      <trkpt lat="51.440640734508634" lon="103.99382513947785">
        <ele>1871.8199999999999</ele>
        <time>2012-09-13T05:50:53Z</time>
      </trkpt>
      <trkpt lat="51.440695635974407" lon="103.99374299682677">
        <ele>1875.1900000000001</ele>
        <time>2012-09-13T05:53:29Z</time>
      </trkpt>
      <trkpt lat="51.440695468336344" lon="103.99371793493629">
        <ele>1878.55</ele>
        <time>2012-09-13T05:54:09Z</time>
      </trkpt>
      <trkpt lat="51.440704520791769" lon="103.9937018416822">
        <ele>1878.55</ele>
        <time>2012-09-13T05:54:25Z</time>
      </trkpt>
      <trkpt lat="51.440707705914974" lon="103.9936894364655">
        <ele>1882.8800000000001</ele>
        <time>2012-09-13T05:55:13Z</time>
      </trkpt>
      <trkpt lat="51.440726900473237" lon="103.99362506344914">
        <ele>1887.21</ele>
        <time>2012-09-13T05:56:03Z</time>
      </trkpt>
      <trkpt lat="51.440750705078244" lon="103.99351936765015">
        <ele>1886.72</ele>
        <time>2012-09-13T05:57:01Z</time>
      </trkpt>
      <trkpt lat="51.440738635137677" lon="103.99323899298906">
        <ele>1883.3599999999999</ele>
        <time>2012-09-13T05:57:20Z</time>
      </trkpt>
      <trkpt lat="51.440772665664554" lon="103.99309046566486">
        <ele>1878.55</ele>
        <time>2012-09-13T05:57:50Z</time>
      </trkpt>
      <trkpt lat="51.440780041739345" lon="103.99299323558807">
        <ele>1877.1099999999999</ele>
        <time>2012-09-13T05:58:01Z</time>
      </trkpt>
      <trkpt lat="51.440798817202449" lon="103.99290606379509">
        <ele>1881.4400000000001</ele>
        <time>2012-09-13T05:58:25Z</time>
      </trkpt>
      <trkpt lat="51.44079739227891" lon="103.99286851286888">
        <ele>1881.4400000000001</ele>
        <time>2012-09-13T05:58:33Z</time>
      </trkpt>
      <trkpt lat="51.440805438905954" lon="103.99268796667457">
        <ele>1885.28</ele>
        <time>2012-09-13T05:59:18Z</time>
      </trkpt>
      <trkpt lat="51.440742239356041" lon="103.99259526282549">
        <ele>1881.4400000000001</ele>
        <time>2012-09-13T05:59:56Z</time>
      </trkpt>
      <trkpt lat="51.440740562975407" lon="103.99245168082416">
        <ele>1884.8</ele>
        <time>2012-09-13T06:01:21Z</time>
      </trkpt>
      <trkpt lat="51.440742490813136" lon="103.99234087206423">
        <ele>1888.6500000000001</ele>
        <time>2012-09-13T06:03:10Z</time>
      </trkpt>
      <trkpt lat="51.440721536055207" lon="103.99234757758677">
        <ele>1889.6099999999999</ele>
        <time>2012-09-13T06:03:49Z</time>
      </trkpt>
      <trkpt lat="51.440721536055207" lon="103.99232042022049">
        <ele>1894.4200000000001</ele>
        <time>2012-09-13T06:04:38Z</time>
      </trkpt>
      <trkpt lat="51.440738216042519" lon="103.99224800057709">
        <ele>1895.8599999999999</ele>
        <time>2012-09-13T06:05:04Z</time>
      </trkpt>
      <trkpt lat="51.44071139395237" lon="103.99221832863986">
        <ele>1892.49</ele>
        <time>2012-09-13T06:06:27Z</time>
      </trkpt>
      <trkpt lat="51.440710891038179" lon="103.99202219210565">
        <ele>1893.9300000000001</ele>
        <time>2012-09-13T06:08:05Z</time>
      </trkpt>
      <trkpt lat="51.440733522176743" lon="103.99199780076742">
        <ele>1897.78</ele>
        <time>2012-09-13T06:08:33Z</time>
      </trkpt>
      <trkpt lat="51.440743412822485" lon="103.99192680604756">
        <ele>1901.6300000000001</ele>
        <time>2012-09-13T06:08:56Z</time>
      </trkpt>
      <trkpt lat="51.44076713360846" lon="103.99184064008296">
        <ele>1904.99</ele>
        <time>2012-09-13T06:09:22Z</time>
      </trkpt>
      <trkpt lat="51.440755734220147" lon="103.99174533784389">
        <ele>1901.6300000000001</ele>
        <time>2012-09-13T06:10:57Z</time>
      </trkpt>
      <trkpt lat="51.440730923786759" lon="103.99168859235942">
        <ele>1904.99</ele>
        <time>2012-09-13T06:11:28Z</time>
      </trkpt>
      <trkpt lat="51.440743329003453" lon="103.99162882938981">
        <ele>1908.8299999999999</ele>
        <time>2012-09-13T06:12:10Z</time>
      </trkpt>
      <trkpt lat="51.440731761977077" lon="103.99146043695509">
        <ele>1906.4300000000001</ele>
        <time>2012-09-13T06:12:49Z</time>
      </trkpt>
      <trkpt lat="51.440774090588093" lon="103.99120923131704">
        <ele>1906.4300000000001</ele>
        <time>2012-09-13T06:16:30Z</time>
      </trkpt>
      <trkpt lat="51.440779287368059" lon="103.99120453745127">
        <ele>1907.3900000000001</ele>
        <time>2012-09-13T06:18:44Z</time>
      </trkpt>
      <trkpt lat="51.440805606544018" lon="103.99112658575177">
        <ele>1912.6800000000001</ele>
        <time>2012-09-13T06:20:37Z</time>
      </trkpt>
      <trkpt lat="51.44083309918642" lon="103.99109473451972">
        <ele>1917.01</ele>
        <time>2012-09-13T06:21:04Z</time>
      </trkpt>
      <trkpt lat="51.440887078642845" lon="103.99111853912473">
        <ele>1920.8499999999999</ele>
        <time>2012-09-13T06:21:37Z</time>
      </trkpt>
      <trkpt lat="51.440898226574063" lon="103.99106053635478">
        <ele>1925.1800000000001</ele>
        <time>2012-09-13T06:22:10Z</time>
      </trkpt>
      <trkpt lat="51.440903171896935" lon="103.99096707813442">
        <ele>1929.5</ele>
        <time>2012-09-13T06:22:34Z</time>
      </trkpt>
      <trkpt lat="51.440922869369388" lon="103.99091988801956">
        <ele>1933.3499999999999</ele>
        <time>2012-09-13T06:23:15Z</time>
      </trkpt>
      <trkpt lat="51.440952960401773" lon="103.99082668125629">
        <ele>1938.1600000000001</ele>
        <time>2012-09-13T06:23:55Z</time>
      </trkpt>
      <trkpt lat="51.440926138311625" lon="103.99074411951005">
        <ele>1942</ele>
        <time>2012-09-13T06:24:39Z</time>
      </trkpt>
      <trkpt lat="51.440934436395764" lon="103.99068159051239">
        <ele>1945.8499999999999</ele>
        <time>2012-09-13T06:25:04Z</time>
      </trkpt>
      <trkpt lat="51.440912559628487" lon="103.99056550115347">
        <ele>1946.3299999999999</ele>
        <time>2012-09-13T06:28:07Z</time>
      </trkpt>
      <trkpt lat="51.440917840227485" lon="103.99054211564362">
        <ele>1950.6500000000001</ele>
        <time>2012-09-13T06:32:34Z</time>
      </trkpt>
      <trkpt lat="51.440948517993093" lon="103.99044522084296">
        <ele>1955.9400000000001</ele>
        <time>2012-09-13T06:33:02Z</time>
      </trkpt>
      <trkpt lat="51.440984392538667" lon="103.99035410955548">
        <ele>1960.27</ele>
        <time>2012-09-13T06:33:28Z</time>
      </trkpt>
      <trkpt lat="51.441027391701937" lon="103.99034153670073">
        <ele>1964.1099999999999</ele>
        <time>2012-09-13T06:33:47Z</time>
      </trkpt>
      <trkpt lat="51.441057818010449" lon="103.99032611399889">
        <ele>1967.48</ele>
        <time>2012-09-13T06:34:09Z</time>
      </trkpt>
      <trkpt lat="51.441091764718294" lon="103.9903375133872">
        <ele>1971.3199999999999</ele>
        <time>2012-09-13T06:34:31Z</time>
      </trkpt>
      <trkpt lat="51.441122610121965" lon="103.99030398577452">
        <ele>1976.1300000000001</ele>
        <time>2012-09-13T06:35:03Z</time>
      </trkpt>
      <trkpt lat="51.441155634820461" lon="103.99029996246099">
        <ele>1980.45</ele>
        <time>2012-09-13T06:35:37Z</time>
      </trkpt>
      <trkpt lat="51.441172230988741" lon="103.99025763384998">
        <ele>1983.8199999999999</ele>
        <time>2012-09-13T06:35:58Z</time>
      </trkpt>
      <trkpt lat="51.441198969259858" lon="103.99019200354815">
        <ele>1987.6600000000001</ele>
        <time>2012-09-13T06:36:45Z</time>
      </trkpt>
      <trkpt lat="51.441227467730641" lon="103.99011690169573">
        <ele>1991.51</ele>
        <time>2012-09-13T06:37:13Z</time>
      </trkpt>
      <trkpt lat="51.441226797178388" lon="103.99002872407436">
        <ele>1994.8699999999999</ele>
        <time>2012-09-13T06:37:38Z</time>
      </trkpt>
      <trkpt lat="51.441235765814781" lon="103.98990718647838">
        <ele>1999.2</ele>
        <time>2012-09-13T06:38:09Z</time>
      </trkpt>
      <trkpt lat="51.441242890432477" lon="103.98988413624465">
        <ele>2002.5599999999999</ele>
        <time>2012-09-13T06:38:32Z</time>
      </trkpt>
      <trkpt lat="51.441281866282225" lon="103.98987223394215">
        <ele>2006.4100000000001</ele>
        <time>2012-09-13T06:38:49Z</time>
      </trkpt>
      <trkpt lat="51.441310783848166" lon="103.98987080901861">
        <ele>2009.77</ele>
        <time>2012-09-13T06:39:09Z</time>
      </trkpt>
      <trkpt lat="51.441314974799752" lon="103.98987365886569">
        <ele>2009.77</ele>
        <time>2012-09-13T06:39:10Z</time>
      </trkpt>
      <trkpt lat="51.441349424421787" lon="103.98982722312212">
        <ele>2013.6199999999999</ele>
        <time>2012-09-13T06:39:31Z</time>
      </trkpt>
      <trkpt lat="51.441369289532304" lon="103.98982143960893">
        <ele>2014.5799999999999</ele>
        <time>2012-09-13T06:39:49Z</time>
      </trkpt>
      <trkpt lat="51.441389322280884" lon="103.98972253315151">
        <ele>2017.9400000000001</ele>
        <time>2012-09-13T06:40:17Z</time>
      </trkpt>
      <trkpt lat="51.441382532939315" lon="103.98965430445969">
        <ele>2022.75</ele>
        <time>2012-09-13T06:40:52Z</time>
      </trkpt>
      <trkpt lat="51.441334839910269" lon="103.98937183432281">
        <ele>2027.0799999999999</ele>
        <time>2012-09-13T06:41:52Z</time>
      </trkpt>
      <trkpt lat="51.441353196278214" lon="103.98924317210913">
        <ele>2030.9200000000001</ele>
        <time>2012-09-13T06:42:15Z</time>
      </trkpt>
      <trkpt lat="51.441359734162688" lon="103.98921836167574">
        <ele>2030.9200000000001</ele>
        <time>2012-09-13T06:42:18Z</time>
      </trkpt>
      <trkpt lat="51.441393597051501" lon="103.98916396312416">
        <ele>2035.73</ele>
        <time>2012-09-13T06:42:44Z</time>
      </trkpt>
      <trkpt lat="51.441426873207092" lon="103.98910193704069">
        <ele>2039.5699999999999</ele>
        <time>2012-09-13T06:43:03Z</time>
      </trkpt>
      <trkpt lat="51.441578837111592" lon="103.98901451379061">
        <ele>2036.21</ele>
        <time>2012-09-13T06:44:03Z</time>
      </trkpt>
      <trkpt lat="51.441642874851823" lon="103.98903328925371">
        <ele>2033.8099999999999</ele>
        <time>2012-09-13T06:44:20Z</time>
      </trkpt>
      <trkpt lat="51.441879579797387" lon="103.98911383934319">
        <ele>2037.6500000000001</ele>
        <time>2012-09-13T06:45:08Z</time>
      </trkpt>
      <trkpt lat="51.441963985562325" lon="103.98909137584269">
        <ele>2041.98</ele>
        <time>2012-09-13T06:45:39Z</time>
      </trkpt>
      <trkpt lat="51.442017797380686" lon="103.98909531533718">
        <ele>2046.3</ele>
        <time>2012-09-13T06:46:03Z</time>
      </trkpt>
      <trkpt lat="51.442039338871837" lon="103.98908341303468">
        <ele>2050.1500000000001</ele>
        <time>2012-09-13T06:46:32Z</time>
      </trkpt>
      <trkpt lat="51.442043026909232" lon="103.9890166092664">
        <ele>2053.5100000000002</ele>
        <time>2012-09-13T06:47:02Z</time>
      </trkpt>
      <trkpt lat="51.442042691633105" lon="103.98901049047709">
        <ele>2053.5100000000002</ele>
        <time>2012-09-13T06:47:19Z</time>
      </trkpt>
      <trkpt lat="51.442090133205056" lon="103.98892424069345">
        <ele>2049.1900000000001</ele>
        <time>2012-09-13T06:47:57Z</time>
      </trkpt>
      <trkpt lat="51.442137323319912" lon="103.98887570947409">
        <ele>2044.8599999999999</ele>
        <time>2012-09-13T06:48:21Z</time>
      </trkpt>
      <trkpt lat="51.442170096561313" lon="103.98882902227342">
        <ele>2041.5</ele>
        <time>2012-09-13T06:48:40Z</time>
      </trkpt>
      <trkpt lat="51.442172862589359" lon="103.98880446329713">
        <ele>2041.5</ele>
        <time>2012-09-13T06:48:49Z</time>
      </trkpt>
      <trkpt lat="51.44215140491724" lon="103.98873589932919">
        <ele>2036.6900000000001</ele>
        <time>2012-09-13T06:49:50Z</time>
      </trkpt>
      <trkpt lat="51.442158194258809" lon="103.98872416466475">
        <ele>2036.6900000000001</ele>
        <time>2012-09-13T06:49:54Z</time>
      </trkpt>
      <trkpt lat="51.442251401022077" lon="103.98865987546742">
        <ele>2040.54</ele>
        <time>2012-09-13T06:50:31Z</time>
      </trkpt>
      <trkpt lat="51.442289790138602" lon="103.98858779110014">
        <ele>2044.8599999999999</ele>
        <time>2012-09-13T06:50:52Z</time>
      </trkpt>
      <trkpt lat="51.442327592521906" lon="103.98857496678829">
        <ele>2045.8199999999999</ele>
        <time>2012-09-13T06:50:59Z</time>
      </trkpt>
      <trkpt lat="51.442411495372653" lon="103.9885208196938">
        <ele>2042.46</ele>
        <time>2012-09-13T06:51:33Z</time>
      </trkpt>
      <trkpt lat="51.442469917237759" lon="103.98846298456192">
        <ele>2039.0899999999999</ele>
        <time>2012-09-13T06:51:51Z</time>
      </trkpt>
      <trkpt lat="51.442524315789342" lon="103.98838000372052">
        <ele>2033.8099999999999</ele>
        <time>2012-09-13T06:52:12Z</time>
      </trkpt>
      <trkpt lat="51.442609559744596" lon="103.98829618468881">
        <ele>2028.52</ele>
        <time>2012-09-13T06:52:30Z</time>
      </trkpt>
      <trkpt lat="51.44265222363174" lon="103.98825821466744">
        <ele>2024.6700000000001</ele>
        <time>2012-09-13T06:52:42Z</time>
      </trkpt>
      <trkpt lat="51.442696899175644" lon="103.98820373229682">
        <ele>2020.3499999999999</ele>
        <time>2012-09-13T06:53:02Z</time>
      </trkpt>
      <trkpt lat="51.442749872803688" lon="103.98812008090317">
        <ele>2016.02</ele>
        <time>2012-09-13T06:53:24Z</time>
      </trkpt>
      <trkpt lat="51.44290192052722" lon="103.98795437067747">
        <ele>2019.8699999999999</ele>
        <time>2012-09-13T06:54:12Z</time>
      </trkpt>
      <trkpt lat="51.442966461181641" lon="103.98792847059667">
        <ele>2023.71</ele>
        <time>2012-09-13T06:54:36Z</time>
      </trkpt>
      <trkpt lat="51.44301138818264" lon="103.98791413754225">
        <ele>2026.1199999999999</ele>
        <time>2012-09-13T06:54:52Z</time>
      </trkpt>
      <trkpt lat="51.443041982129216" lon="103.98787583224475">
        <ele>2029.96</ele>
        <time>2012-09-13T06:55:11Z</time>
      </trkpt>
      <trkpt lat="51.443111635744572" lon="103.98786066100001">
        <ele>2033.3299999999999</ele>
        <time>2012-09-13T06:55:32Z</time>
      </trkpt>
      <trkpt lat="51.443181959912181" lon="103.98778337985277">
        <ele>2036.6900000000001</ele>
        <time>2012-09-13T06:55:55Z</time>
      </trkpt>
      <trkpt lat="51.443226635456085" lon="103.98777751252055">
        <ele>2040.54</ele>
        <time>2012-09-13T06:56:16Z</time>
      </trkpt>
      <trkpt lat="51.443272065371275" lon="103.98777072317898">
        <ele>2044.3800000000001</ele>
        <time>2012-09-13T06:56:38Z</time>
      </trkpt>
      <trkpt lat="51.443307772278786" lon="103.98775907233357">
        <ele>2048.23</ele>
        <time>2012-09-13T06:57:03Z</time>
      </trkpt>
      <trkpt lat="51.44338421523571" lon="103.98773367516696">
        <ele>2052.5500000000002</ele>
        <time>2012-09-13T06:57:32Z</time>
      </trkpt>
      <trkpt lat="51.443471722304821" lon="103.98773669265211">
        <ele>2057.3600000000001</ele>
        <time>2012-09-13T06:57:59Z</time>
      </trkpt>
      <trkpt lat="51.443578340113163" lon="103.98769679479301">
        <ele>2060.7199999999998</ele>
        <time>2012-09-13T06:58:18Z</time>
      </trkpt>
      <trkpt lat="51.443725358694792" lon="103.98765572346747">
        <ele>2063.6100000000001</ele>
        <time>2012-09-13T06:58:59Z</time>
      </trkpt>
      <trkpt lat="51.443784199655056" lon="103.98765203543007">
        <ele>2066.9699999999998</ele>
        <time>2012-09-13T06:59:20Z</time>
      </trkpt>
      <trkpt lat="51.443915460258722" lon="103.98764256387949">
        <ele>2063.6100000000001</ele>
        <time>2012-09-13T07:00:07Z</time>
      </trkpt>
      <trkpt lat="51.444373112171888" lon="103.98750283755362">
        <ele>2067.9299999999998</ele>
        <time>2012-09-13T07:01:20Z</time>
      </trkpt>
      <trkpt lat="51.44440789707005" lon="103.9874953776598">
        <ele>2067.4499999999998</ele>
        <time>2012-09-13T07:02:12Z</time>
      </trkpt>
      <trkpt lat="51.444428097456694" lon="103.98750401102006">
        <ele>2068.4099999999999</ele>
        <time>2012-09-13T07:09:00Z</time>
      </trkpt>
      <trkpt lat="51.444430528208613" lon="103.9875056874007">
        <ele>2067.9299999999998</ele>
        <time>2012-09-13T07:24:12Z</time>
      </trkpt>
      <trkpt lat="51.444431282579899" lon="103.98751792497933">
        <ele>2071.7800000000002</ele>
        <time>2012-09-13T07:25:40Z</time>
      </trkpt>
      <trkpt lat="51.444428097456694" lon="103.98752052336931">
        <ele>2068.4099999999999</ele>
        <time>2012-09-13T07:25:42Z</time>
      </trkpt>
      <trkpt lat="51.444643680006266" lon="103.98723126389086">
        <ele>2065.0500000000002</ele>
        <time>2012-09-13T07:29:11Z</time>
      </trkpt>
      <trkpt lat="51.444652061909437" lon="103.98716923780739">
        <ele>2062.1700000000001</ele>
        <time>2012-09-13T07:29:29Z</time>
      </trkpt>
      <trkpt lat="51.444657258689404" lon="103.98709329776466">
        <ele>2058.8000000000002</ele>
        <time>2012-09-13T07:30:00Z</time>
      </trkpt>
      <trkpt lat="51.444678967818618" lon="103.98697301745415">
        <ele>2055.4400000000001</ele>
        <time>2012-09-13T07:30:18Z</time>
      </trkpt>
      <trkpt lat="51.444638902321458" lon="103.9868856780231">
        <ele>2050.1500000000001</ele>
        <time>2012-09-13T07:30:38Z</time>
      </trkpt>
      <trkpt lat="51.444634795188904" lon="103.9867852628231">
        <ele>2046.3</ele>
        <time>2012-09-13T07:30:50Z</time>
      </trkpt>
      <trkpt lat="51.44465608522296" lon="103.98669599555433">
        <ele>2042.46</ele>
        <time>2012-09-13T07:31:00Z</time>
      </trkpt>
      <trkpt lat="51.444689109921455" lon="103.98659256286919">
        <ele>2038.1300000000001</ele>
        <time>2012-09-13T07:31:16Z</time>
      </trkpt>
      <trkpt lat="51.444686762988567" lon="103.98652005940676">
        <ele>2033.3299999999999</ele>
        <time>2012-09-13T07:31:35Z</time>
      </trkpt>
      <trkpt lat="51.444725738838315" lon="103.98642442189157">
        <ele>2029</ele>
        <time>2012-09-13T07:31:47Z</time>
      </trkpt>
      <trkpt lat="51.444727415218949" lon="103.9864107593894">
        <ele>2029</ele>
        <time>2012-09-13T07:31:48Z</time>
      </trkpt>
      <trkpt lat="51.444757673889399" lon="103.98630288429558">
        <ele>2024.1900000000001</ele>
        <time>2012-09-13T07:32:08Z</time>
      </trkpt>
      <trkpt lat="51.444819280877709" lon="103.98618914186954">
        <ele>2020.8299999999999</ele>
        <time>2012-09-13T07:32:25Z</time>
      </trkpt>
      <trkpt lat="51.444890024140477" lon="103.98597121238708">
        <ele>2016.02</ele>
        <time>2012-09-13T07:32:50Z</time>
      </trkpt>
      <trkpt lat="51.444942327216268" lon="103.9858877286315">
        <ele>2015.0599999999999</ele>
        <time>2012-09-13T07:33:00Z</time>
      </trkpt>
      <trkpt lat="51.445021787658334" lon="103.98554448969662">
        <ele>2008.8099999999999</ele>
        <time>2012-09-13T07:33:33Z</time>
      </trkpt>
      <trkpt lat="51.445111474022269" lon="103.98532287217677">
        <ele>2004.01</ele>
        <time>2012-09-13T07:34:02Z</time>
      </trkpt>
      <trkpt lat="51.44514667801559" lon="103.98516688495874">
        <ele>1999.6800000000001</ele>
        <time>2012-09-13T07:34:19Z</time>
      </trkpt>
      <trkpt lat="51.445225467905402" lon="103.98489187471569">
        <ele>1993.4300000000001</ele>
        <time>2012-09-13T07:34:42Z</time>
      </trkpt>
      <trkpt lat="51.445257989689708" lon="103.9848287589848">
        <ele>1992.95</ele>
        <time>2012-09-13T07:34:47Z</time>
      </trkpt>
      <trkpt lat="51.445388328284025" lon="103.9846788905561">
        <ele>1989.5899999999999</ele>
        <time>2012-09-13T07:35:07Z</time>
      </trkpt>
      <trkpt lat="51.445441218093038" lon="103.98456766270101">
        <ele>1985.26</ele>
        <time>2012-09-13T07:35:21Z</time>
      </trkpt>
      <trkpt lat="51.445492012426257" lon="103.98447571322322">
        <ele>1981.9000000000001</ele>
        <time>2012-09-13T07:35:31Z</time>
      </trkpt>
      <trkpt lat="51.445567198097706" lon="103.98441703990102">
        <ele>1978.05</ele>
        <time>2012-09-13T07:35:43Z</time>
      </trkpt>
      <trkpt lat="51.44568077288568" lon="103.98432693444192">
        <ele>1972.76</ele>
        <time>2012-09-13T07:36:01Z</time>
      </trkpt>
      <trkpt lat="51.4457574672997" lon="103.98424688726664">
        <ele>1968.9200000000001</ele>
        <time>2012-09-13T07:36:14Z</time>
      </trkpt>
      <trkpt lat="51.445818822830915" lon="103.98404781706631">
        <ele>1963.6300000000001</ele>
        <time>2012-09-13T07:36:31Z</time>
      </trkpt>
      <trkpt lat="51.44594413228333" lon="103.98393206298351">
        <ele>1957.3800000000001</ele>
        <time>2012-09-13T07:36:49Z</time>
      </trkpt>
      <trkpt lat="51.446026526391506" lon="103.98387439548969">
        <ele>1953.54</ele>
        <time>2012-09-13T07:37:00Z</time>
      </trkpt>
      <trkpt lat="51.446090061217546" lon="103.98377766832709">
        <ele>1949.6900000000001</ele>
        <time>2012-09-13T07:37:12Z</time>
      </trkpt>
      <trkpt lat="51.446096682921052" lon="103.98376752622426">
        <ele>1949.6900000000001</ele>
        <time>2012-09-13T07:37:13Z</time>
      </trkpt>
      <trkpt lat="51.446236660704017" lon="103.98358463309705">
        <ele>1945.3599999999999</ele>
        <time>2012-09-13T07:37:31Z</time>
      </trkpt>
      <trkpt lat="51.446264907717705" lon="103.98354138247669">
        <ele>1944.4000000000001</ele>
        <time>2012-09-13T07:37:35Z</time>
      </trkpt>
      <trkpt lat="51.44635358825326" lon="103.98329663090408">
        <ele>1942</ele>
        <time>2012-09-13T07:37:52Z</time>
      </trkpt>
      <trkpt lat="51.446357360109687" lon="103.98316143080592">
        <ele>1941.04</ele>
        <time>2012-09-13T07:38:01Z</time>
      </trkpt>
      <trkpt lat="51.446364736184478" lon="103.98302329704165">
        <ele>1939.5999999999999</ele>
        <time>2012-09-13T07:38:09Z</time>
      </trkpt>
      <trkpt lat="51.446408238261938" lon="103.98296596482396">
        <ele>1936.23</ele>
        <time>2012-09-13T07:39:13Z</time>
      </trkpt>
      <trkpt lat="51.446517538279295" lon="103.98282079026103">
        <ele>1934.3099999999999</ele>
        <time>2012-09-13T07:39:56Z</time>
      </trkpt>
      <trkpt lat="51.446601608768106" lon="103.98270386271179">
        <ele>1930.95</ele>
        <time>2012-09-13T07:40:04Z</time>
      </trkpt>
      <trkpt lat="51.446775030344725" lon="103.98232055827975">
        <ele>1929.98</ele>
        <time>2012-09-13T07:40:26Z</time>
      </trkpt>
      <trkpt lat="51.446790201589465" lon="103.98188176564872">
        <ele>1934.3099999999999</ele>
        <time>2012-09-13T07:40:57Z</time>
      </trkpt>
      <trkpt lat="51.447042832151055" lon="103.98138756863773">
        <ele>1931.9100000000001</ele>
        <time>2012-09-13T07:41:52Z</time>
      </trkpt>
      <trkpt lat="51.447143666446209" lon="103.98130416870117">
        <ele>1928.54</ele>
        <time>2012-09-13T07:42:17Z</time>
      </trkpt>
      <trkpt lat="51.447195885702968" lon="103.98122454062104">
        <ele>1925.6600000000001</ele>
        <time>2012-09-13T07:42:29Z</time>
      </trkpt>
      <trkpt lat="51.447257911786437" lon="103.98115656338632">
        <ele>1926.1400000000001</ele>
        <time>2012-09-13T07:42:36Z</time>
      </trkpt>
      <trkpt lat="51.447849338874221" lon="103.98083947598934">
        <ele>1919.8900000000001</ele>
        <time>2012-09-13T07:43:53Z</time>
      </trkpt>
      <trkpt lat="51.44789719954133" lon="103.98083067499101">
        <ele>1916.53</ele>
        <time>2012-09-13T07:44:02Z</time>
      </trkpt>
      <trkpt lat="51.44797146320343" lon="103.98087836802006">
        <ele>1913.1600000000001</ele>
        <time>2012-09-13T07:44:13Z</time>
      </trkpt>
      <trkpt lat="51.448091324418783" lon="103.98094626143575">
        <ele>1906.9100000000001</ele>
        <time>2012-09-13T07:44:30Z</time>
      </trkpt>
      <trkpt lat="51.448175311088562" lon="103.98096864111722">
        <ele>1903.0699999999999</ele>
        <time>2012-09-13T07:44:40Z</time>
      </trkpt>
      <trkpt lat="51.4482406899333" lon="103.9810748398304">
        <ele>1897.78</ele>
        <time>2012-09-13T07:44:54Z</time>
      </trkpt>
      <trkpt lat="51.448350073769689" lon="103.98106746375561">
        <ele>1892.97</ele>
        <time>2012-09-13T07:45:07Z</time>
      </trkpt>
      <trkpt lat="51.448479071259499" lon="103.9811681304127">
        <ele>1889.1300000000001</ele>
        <time>2012-09-13T07:45:23Z</time>
      </trkpt>
      <trkpt lat="51.448603710159659" lon="103.98121666163206">
        <ele>1885.28</ele>
        <time>2012-09-13T07:45:50Z</time>
      </trkpt>
      <trkpt lat="51.448648637160659" lon="103.981240298599">
        <ele>1881.9200000000001</ele>
        <time>2012-09-13T07:46:13Z</time>
      </trkpt>
      <trkpt lat="51.448738994076848" lon="103.9812976308167">
        <ele>1878.0699999999999</ele>
        <time>2012-09-13T07:46:34Z</time>
      </trkpt>
      <trkpt lat="51.448792470619082" lon="103.98124733939767">
        <ele>1874.23</ele>
        <time>2012-09-13T07:46:54Z</time>
      </trkpt>
      <trkpt lat="51.448835972696543" lon="103.98121599107981">
        <ele>1870.8599999999999</ele>
        <time>2012-09-13T07:47:06Z</time>
      </trkpt>
      <trkpt lat="51.449060020968318" lon="103.98135236464441">
        <ele>1870.3800000000001</ele>
        <time>2012-09-13T07:48:06Z</time>
      </trkpt>
      <trkpt lat="51.44914073869586" lon="103.98141087032855">
        <ele>1866.54</ele>
        <time>2012-09-13T07:48:57Z</time>
      </trkpt>
      <trkpt lat="51.449163118377328" lon="103.98141807876527">
        <ele>1864.6099999999999</ele>
        <time>2012-09-13T07:50:16Z</time>
      </trkpt>
      <trkpt lat="51.449194634333253" lon="103.98143232800066">
        <ele>1859.8099999999999</ele>
        <time>2012-09-13T07:51:25Z</time>
      </trkpt>
      <trkpt lat="51.449245261028409" lon="103.98146082647145">
        <ele>1855</ele>
        <time>2012-09-13T07:51:57Z</time>
      </trkpt>
      <trkpt lat="51.449259761720896" lon="103.98145906627178">
        <ele>1851.6400000000001</ele>
        <time>2012-09-13T07:52:06Z</time>
      </trkpt>
      <trkpt lat="51.449372079223394" lon="103.98162963800132">
        <ele>1847.3099999999999</ele>
        <time>2012-09-13T07:53:34Z</time>
      </trkpt>
      <trkpt lat="51.449379036203027" lon="103.98171831853688">
        <ele>1842.98</ele>
        <time>2012-09-13T07:53:53Z</time>
      </trkpt>
      <trkpt lat="51.449446761980653" lon="103.98172158747911">
        <ele>1838.1800000000001</ele>
        <time>2012-09-13T07:54:13Z</time>
      </trkpt>
      <trkpt lat="51.449555978178978" lon="103.98188243620098">
        <ele>1833.3699999999999</ele>
        <time>2012-09-13T07:54:49Z</time>
      </trkpt>
      <trkpt lat="51.449727639555931" lon="103.98203389719129">
        <ele>1829.53</ele>
        <time>2012-09-13T07:55:07Z</time>
      </trkpt>
      <trkpt lat="51.449850099161267" lon="103.98211293853819">
        <ele>1827.1199999999999</ele>
        <time>2012-09-13T07:55:22Z</time>
      </trkpt>
      <trkpt lat="51.449894774705172" lon="103.98210438899696">
        <ele>1827.1199999999999</ele>
        <time>2012-09-13T07:55:26Z</time>
      </trkpt>
      <trkpt lat="51.450044810771942" lon="103.98212408646941">
        <ele>1823.76</ele>
        <time>2012-09-13T07:55:53Z</time>
      </trkpt>
      <trkpt lat="51.450436413288116" lon="103.98227948695421">
        <ele>1826.1600000000001</ele>
        <time>2012-09-13T07:57:18Z</time>
      </trkpt>
      <trkpt lat="51.450489219278097" lon="103.98233002983034">
        <ele>1830.49</ele>
        <time>2012-09-13T07:57:54Z</time>
      </trkpt>
      <trkpt lat="51.450493158772588" lon="103.98233329877257">
        <ele>1830.49</ele>
        <time>2012-09-13T07:57:56Z</time>
      </trkpt>
      <trkpt lat="51.450552921742201" lon="103.98245668038726">
        <ele>1833.8499999999999</ele>
        <time>2012-09-13T07:58:18Z</time>
      </trkpt>
      <trkpt lat="51.450610840693116" lon="103.98251283913851">
        <ele>1832.4100000000001</ele>
        <time>2012-09-13T07:58:28Z</time>
      </trkpt>
      <trkpt lat="51.450760625302792" lon="103.98259732872248">
        <ele>1837.22</ele>
        <time>2012-09-13T07:58:52Z</time>
      </trkpt>
      <trkpt lat="51.45078107714653" lon="103.98262088187039">
        <ele>1837.22</ele>
        <time>2012-09-13T07:58:55Z</time>
      </trkpt>
      <trkpt lat="51.450952738523483" lon="103.98270260542631">
        <ele>1833.3699999999999</ele>
        <time>2012-09-13T07:59:19Z</time>
      </trkpt>
      <trkpt lat="51.451020296663046" lon="103.98277410306036">
        <ele>1830.97</ele>
        <time>2012-09-13T07:59:42Z</time>
      </trkpt>
      <trkpt lat="51.451221462339163" lon="103.98294886574149">
        <ele>1834.3299999999999</ele>
        <time>2012-09-13T08:00:43Z</time>
      </trkpt>
      <trkpt lat="51.45126529969275" lon="103.98297870531678">
        <ele>1834.3299999999999</ele>
        <time>2012-09-13T08:00:51Z</time>
      </trkpt>
      <trkpt lat="51.451342161744833" lon="103.98301248438656">
        <ele>1834.3299999999999</ele>
        <time>2012-09-13T08:00:57Z</time>
      </trkpt>
      <trkpt lat="51.45140309818089" lon="103.98306721821427">
        <ele>1833.8499999999999</ele>
        <time>2012-09-13T08:01:03Z</time>
      </trkpt>
      <trkpt lat="51.451529581099749" lon="103.98317744024098">
        <ele>1832.4100000000001</ele>
        <time>2012-09-13T08:01:14Z</time>
      </trkpt>
      <trkpt lat="51.451591774821281" lon="103.98350332863629">
        <ele>1829.05</ele>
        <time>2012-09-13T08:01:34Z</time>
      </trkpt>
      <trkpt lat="51.451585488393903" lon="103.98364221677184">
        <ele>1825.6800000000001</ele>
        <time>2012-09-13T08:01:46Z</time>
      </trkpt>
      <trkpt lat="51.451556487008929" lon="103.98386073298752">
        <ele>1820.8699999999999</ele>
        <time>2012-09-13T08:02:05Z</time>
      </trkpt>
      <trkpt lat="51.451573166996241" lon="103.98401780985296">
        <ele>1817.03</ele>
        <time>2012-09-13T08:02:45Z</time>
      </trkpt>
      <trkpt lat="51.451575430110097" lon="103.98402099497616">
        <ele>1817.03</ele>
        <time>2012-09-13T08:02:46Z</time>
      </trkpt>
      <trkpt lat="51.451559001579881" lon="103.98417656309903">
        <ele>1811.74</ele>
        <time>2012-09-13T08:03:02Z</time>
      </trkpt>
      <trkpt lat="51.451587500050664" lon="103.98426256142557">
        <ele>1808.3800000000001</ele>
        <time>2012-09-13T08:03:11Z</time>
      </trkpt>
      <trkpt lat="51.451576687395573" lon="103.98437873460352">
        <ele>1805.01</ele>
        <time>2012-09-13T08:03:22Z</time>
      </trkpt>
      <trkpt lat="51.451570065692067" lon="103.98448267020285">
        <ele>1800.6900000000001</ele>
        <time>2012-09-13T08:03:34Z</time>
      </trkpt>
      <trkpt lat="51.451572412624955" lon="103.98453773930669">
        <ele>1796.8399999999999</ele>
        <time>2012-09-13T08:03:41Z</time>
      </trkpt>
      <trkpt lat="51.451666373759508" lon="103.9847238175571">
        <ele>1793.96</ele>
        <time>2012-09-13T08:04:03Z</time>
      </trkpt>
      <trkpt lat="51.451751701533794" lon="103.98501726798713">
        <ele>1788.1900000000001</ele>
        <time>2012-09-13T08:04:23Z</time>
      </trkpt>
      <trkpt lat="51.451715910807252" lon="103.9851501211524">
        <ele>1784.3399999999999</ele>
        <time>2012-09-13T08:04:34Z</time>
      </trkpt>
      <trkpt lat="51.451700739562511" lon="103.98524693213403">
        <ele>1780.5</ele>
        <time>2012-09-13T08:04:44Z</time>
      </trkpt>
      <trkpt lat="51.451700236648321" lon="103.98525707423687">
        <ele>1780.5</ele>
        <time>2012-09-13T08:04:45Z</time>
      </trkpt>
      <trkpt lat="51.451701913028955" lon="103.9852920267731">
        <ele>1778.0999999999999</ele>
        <time>2012-09-13T08:04:50Z</time>
      </trkpt>
      <trkpt lat="51.451680539175868" lon="103.98540509864688">
        <ele>1773.77</ele>
        <time>2012-09-13T08:05:02Z</time>
      </trkpt>
      <trkpt lat="51.451682634651661" lon="103.98561934009194">
        <ele>1768.48</ele>
        <time>2012-09-13T08:05:17Z</time>
      </trkpt>
      <trkpt lat="51.451658913865685" lon="103.98574355989695">
        <ele>1765.1199999999999</ele>
        <time>2012-09-13T08:05:28Z</time>
      </trkpt>
      <trkpt lat="51.451621362939477" lon="103.98597657680511">
        <ele>1760.3099999999999</ele>
        <time>2012-09-13T08:05:53Z</time>
      </trkpt>
      <trkpt lat="51.45161566324532" lon="103.98628167808056">
        <ele>1754.54</ele>
        <time>2012-09-13T08:06:16Z</time>
      </trkpt>
      <trkpt lat="51.451638881117105" lon="103.98652710020542">
        <ele>1749.74</ele>
        <time>2012-09-13T08:06:39Z</time>
      </trkpt>
      <trkpt lat="51.451625721529126" lon="103.98665660060942">
        <ele>1745.8900000000001</ele>
        <time>2012-09-13T08:06:50Z</time>
      </trkpt>
      <trkpt lat="51.451628739014268" lon="103.98687654174864">
        <ele>1739.6400000000001</ele>
        <time>2012-09-13T08:07:12Z</time>
      </trkpt>
      <trkpt lat="51.45165279507637" lon="103.98703713901341">
        <ele>1736.28</ele>
        <time>2012-09-13T08:07:33Z</time>
      </trkpt>
      <trkpt lat="51.451674839481711" lon="103.98712841793895">
        <ele>1732.9100000000001</ele>
        <time>2012-09-13T08:07:42Z</time>
      </trkpt>
      <trkpt lat="51.451687160879374" lon="103.98731868714094">
        <ele>1729.55</ele>
        <time>2012-09-13T08:07:55Z</time>
      </trkpt>
      <trkpt lat="51.451737703755498" lon="103.98748582229018">
        <ele>1723.78</ele>
        <time>2012-09-13T08:08:15Z</time>
      </trkpt>
      <trkpt lat="51.451827473938465" lon="103.9876301586628">
        <ele>1718.97</ele>
        <time>2012-09-13T08:08:33Z</time>
      </trkpt>
      <trkpt lat="51.451865276321769" lon="103.98779436014593">
        <ele>1713.6900000000001</ele>
        <time>2012-09-13T08:08:59Z</time>
      </trkpt>
      <trkpt lat="51.451673163101077" lon="103.98798949085176">
        <ele>1710.3199999999999</ele>
        <time>2012-09-13T08:09:43Z</time>
      </trkpt>
      <trkpt lat="51.451700571924448" lon="103.9880511816591">
        <ele>1710.3199999999999</ele>
        <time>2012-09-13T08:09:48Z</time>
      </trkpt>
      <trkpt lat="51.451692022383213" lon="103.98863573558629">
        <ele>1706.96</ele>
        <time>2012-09-13T08:10:56Z</time>
      </trkpt>
      <trkpt lat="51.451606526970863" lon="103.98867999203503">
        <ele>1700.23</ele>
        <time>2012-09-13T08:13:32Z</time>
      </trkpt>
      <trkpt lat="51.451582722365856" lon="103.98868829011917">
        <ele>1696.8599999999999</ele>
        <time>2012-09-13T08:13:41Z</time>
      </trkpt>
      <trkpt lat="51.451540561392903" lon="103.98874813690782">
        <ele>1690.6199999999999</ele>
        <time>2012-09-13T08:14:06Z</time>
      </trkpt>
      <trkpt lat="51.45150569267571" lon="103.98875970393419">
        <ele>1685.8099999999999</ele>
        <time>2012-09-13T08:14:20Z</time>
      </trkpt>
      <trkpt lat="51.451468979939818" lon="103.98876179940999">
        <ele>1683.8900000000001</ele>
        <time>2012-09-13T08:14:52Z</time>
      </trkpt>
      <trkpt lat="51.451463615521789" lon="103.98892717435956">
        <ele>1678.5999999999999</ele>
        <time>2012-09-13T08:15:55Z</time>
      </trkpt>
      <trkpt lat="51.451429333537817" lon="103.98901459760964">
        <ele>1673.3099999999999</ele>
        <time>2012-09-13T08:16:11Z</time>
      </trkpt>
      <trkpt lat="51.451379880309105" lon="103.98904401808977">
        <ele>1669.47</ele>
        <time>2012-09-13T08:16:22Z</time>
      </trkpt>
      <trkpt lat="51.451398739591241" lon="103.98918801918626">
        <ele>1665.1400000000001</ele>
        <time>2012-09-13T08:17:32Z</time>
      </trkpt>
      <trkpt lat="51.451395386829972" lon="103.98935004137456">
        <ele>1661.3</ele>
        <time>2012-09-13T08:18:02Z</time>
      </trkpt>
      <trkpt lat="51.451423382386565" lon="103.9895036816597">
        <ele>1657.9300000000001</ele>
        <time>2012-09-13T08:18:29Z</time>
      </trkpt>
      <trkpt lat="51.451426986604929" lon="103.98961532860994">
        <ele>1653.1199999999999</ele>
        <time>2012-09-13T08:18:55Z</time>
      </trkpt>
      <trkpt lat="51.451420532539487" lon="103.98978053592145">
        <ele>1648.3199999999999</ele>
        <time>2012-09-13T08:19:15Z</time>
      </trkpt>
      <trkpt lat="51.451406283304095" lon="103.98983233608305">
        <ele>1648.8</ele>
        <time>2012-09-13T08:19:27Z</time>
      </trkpt>
      <trkpt lat="51.451513823121786" lon="103.99005479179323">
        <ele>1645.4300000000001</ele>
        <time>2012-09-13T08:20:27Z</time>
      </trkpt>
      <trkpt lat="51.451514912769198" lon="103.99006241932511">
        <ele>1645.4300000000001</ele>
        <time>2012-09-13T08:20:28Z</time>
      </trkpt>
      <trkpt lat="51.451490102335811" lon="103.99015436880291">
        <ele>1641.1099999999999</ele>
        <time>2012-09-13T08:20:45Z</time>
      </trkpt>
      <trkpt lat="51.451554391533136" lon="103.99028386920691">
        <ele>1638.7</ele>
        <time>2012-09-13T08:21:07Z</time>
      </trkpt>
      <trkpt lat="51.451549530029297" lon="103.99034857749939">
        <ele>1635.8199999999999</ele>
        <time>2012-09-13T08:21:26Z</time>
      </trkpt>
      <trkpt lat="51.451561767607927" lon="103.99038101546466">
        <ele>1634.3800000000001</ele>
        <time>2012-09-13T08:22:02Z</time>
      </trkpt>
      <trkpt lat="51.451578699052334" lon="103.99045133963227">
        <ele>1630.05</ele>
        <time>2012-09-13T08:23:00Z</time>
      </trkpt>
      <trkpt lat="51.451622284948826" lon="103.99057606235147">
        <ele>1626.21</ele>
        <time>2012-09-13T08:23:35Z</time>
      </trkpt>
      <trkpt lat="51.45163812674582" lon="103.99062853306532">
        <ele>1620.4400000000001</ele>
        <time>2012-09-13T08:23:58Z</time>
      </trkpt>
      <trkpt lat="51.451636869460344" lon="103.99068611674011">
        <ele>1617.0699999999999</ele>
        <time>2012-09-13T08:24:14Z</time>
      </trkpt>
      <trkpt lat="51.4516356959939" lon="103.9907109271735">
        <ele>1613.71</ele>
        <time>2012-09-13T08:24:28Z</time>
      </trkpt>
      <trkpt lat="51.451637120917439" lon="103.99072760716081">
        <ele>1613.71</ele>
        <time>2012-09-13T08:24:29Z</time>
      </trkpt>
      <trkpt lat="51.451657572761178" lon="103.99092257022858">
        <ele>1610.3499999999999</ele>
        <time>2012-09-13T08:24:55Z</time>
      </trkpt>
      <trkpt lat="51.451659165322781" lon="103.99096070788801">
        <ele>1606.5</ele>
        <time>2012-09-13T08:25:10Z</time>
      </trkpt>
      <trkpt lat="51.451757401227951" lon="103.99116220884025">
        <ele>1602.1700000000001</ele>
        <time>2012-09-13T08:25:59Z</time>
      </trkpt>
      <trkpt lat="51.451808279380202" lon="103.99116807617247">
        <ele>1599.77</ele>
        <time>2012-09-13T08:26:25Z</time>
      </trkpt>
      <trkpt lat="51.451766034588218" lon="103.99123379029334">
        <ele>1595.9300000000001</ele>
        <time>2012-09-13T08:28:05Z</time>
      </trkpt>
      <trkpt lat="51.451764106750488" lon="103.99124887771904">
        <ele>1592.5599999999999</ele>
        <time>2012-09-13T08:28:20Z</time>
      </trkpt>
      <trkpt lat="51.451775841414928" lon="103.99129061959684">
        <ele>1591.1199999999999</ele>
        <time>2012-09-13T08:28:49Z</time>
      </trkpt>
      <trkpt lat="51.451757065951824" lon="103.99140561930835">
        <ele>1586.3099999999999</ele>
        <time>2012-09-13T08:29:16Z</time>
      </trkpt>
      <trkpt lat="51.451759580522776" lon="103.99145549163222">
        <ele>1581.99</ele>
        <time>2012-09-13T08:29:43Z</time>
      </trkpt>
      <trkpt lat="51.451753797009587" lon="103.99154299870133">
        <ele>1578.1400000000001</ele>
        <time>2012-09-13T08:30:19Z</time>
      </trkpt>
      <trkpt lat="51.451748181134462" lon="103.99156470783055">
        <ele>1578.1400000000001</ele>
        <time>2012-09-13T08:30:34Z</time>
      </trkpt>
      <trkpt lat="51.451752372086048" lon="103.99165330454707">
        <ele>1573.8199999999999</ele>
        <time>2012-09-13T08:31:12Z</time>
      </trkpt>
      <trkpt lat="51.451747259125113" lon="103.9916969742626">
        <ele>1570.45</ele>
        <time>2012-09-13T08:31:23Z</time>
      </trkpt>
      <trkpt lat="51.451745498925447" lon="103.99175187572837">
        <ele>1567.0899999999999</ele>
        <time>2012-09-13T08:31:54Z</time>
      </trkpt>
      <trkpt lat="51.451691100373864" lon="103.99179780855775">
        <ele>1563.24</ele>
        <time>2012-09-13T08:32:08Z</time>
      </trkpt>
      <trkpt lat="51.451638462021947" lon="103.99190828204155">
        <ele>1558.4300000000001</ele>
        <time>2012-09-13T08:32:24Z</time>
      </trkpt>
      <trkpt lat="51.451641479507089" lon="103.99190903641284">
        <ele>1558.4300000000001</ele>
        <time>2012-09-13T08:32:42Z</time>
      </trkpt>
      <trkpt lat="51.451653465628624" lon="103.99187182076275">
        <ele>1555.0699999999999</ele>
        <time>2012-09-13T08:33:29Z</time>
      </trkpt>
      <trkpt lat="51.451668636873364" lon="103.99189537391067">
        <ele>1555.0699999999999</ele>
        <time>2012-09-13T08:33:43Z</time>
      </trkpt>
      <trkpt lat="51.451677102595568" lon="103.99184374138713">
        <ele>1550.74</ele>
        <time>2012-09-13T08:34:34Z</time>
      </trkpt>
      <trkpt lat="51.451686909422278" lon="103.99185522459447">
        <ele>1546.9000000000001</ele>
        <time>2012-09-13T08:35:14Z</time>
      </trkpt>
      <trkpt lat="51.451676683500409" lon="103.99192387238145">
        <ele>1541.1300000000001</ele>
        <time>2012-09-13T08:35:31Z</time>
      </trkpt>
      <trkpt lat="51.451734267175198" lon="103.99207985959947">
        <ele>1536.3199999999999</ele>
        <time>2012-09-13T08:35:49Z</time>
      </trkpt>
      <trkpt lat="51.451735440641642" lon="103.99215462617576">
        <ele>1532</ele>
        <time>2012-09-13T08:35:58Z</time>
      </trkpt>
      <trkpt lat="51.451738206669688" lon="103.99215848185122">
        <ele>1532.48</ele>
        <time>2012-09-13T08:35:59Z</time>
      </trkpt>
      <trkpt lat="51.451745666563511" lon="103.99221296422184">
        <ele>1529.1099999999999</ele>
        <time>2012-09-13T08:36:06Z</time>
      </trkpt>
      <trkpt lat="51.4517617598176" lon="103.9922578074038">
        <ele>1525.27</ele>
        <time>2012-09-13T08:36:18Z</time>
      </trkpt>
      <trkpt lat="51.45177491940558" lon="103.99234841577709">
        <ele>1521.9000000000001</ele>
        <time>2012-09-13T08:36:27Z</time>
      </trkpt>
      <trkpt lat="51.451765866950154" lon="103.99252016097307">
        <ele>1518.54</ele>
        <time>2012-09-13T08:36:49Z</time>
      </trkpt>
      <trkpt lat="51.451726472005248" lon="103.99257942102849">
        <ele>1514.6900000000001</ele>
        <time>2012-09-13T08:37:38Z</time>
      </trkpt>
      <trkpt lat="51.451716581359506" lon="103.99259367026389">
        <ele>1510.3699999999999</ele>
        <time>2012-09-13T08:38:04Z</time>
      </trkpt>
      <trkpt lat="51.451715575531125" lon="103.99259434081614">
        <ele>1514.21</ele>
        <time>2012-09-13T08:38:05Z</time>
      </trkpt>
      <trkpt lat="51.451702332124114" lon="103.99261889979243">
        <ele>1509.4100000000001</ele>
        <time>2012-09-13T08:38:56Z</time>
      </trkpt>
      <trkpt lat="51.45170702598989" lon="103.99274806492031">
        <ele>1505.0799999999999</ele>
        <time>2012-09-13T08:39:33Z</time>
      </trkpt>
      <trkpt lat="51.451725969091058" lon="103.99280682206154">
        <ele>1501.72</ele>
        <time>2012-09-13T08:39:57Z</time>
      </trkpt>
      <trkpt lat="51.451738625764847" lon="103.99282341822982">
        <ele>1498.3499999999999</ele>
        <time>2012-09-13T08:40:20Z</time>
      </trkpt>
      <trkpt lat="51.451745331287384" lon="103.99291117675602">
        <ele>1494.51</ele>
        <time>2012-09-13T08:40:33Z</time>
      </trkpt>
      <trkpt lat="51.451716665178537" lon="103.99297169409692">
        <ele>1491.1400000000001</ele>
        <time>2012-09-13T08:40:43Z</time>
      </trkpt>
      <trkpt lat="51.451686574146152" lon="103.99310949258506">
        <ele>1484.8900000000001</ele>
        <time>2012-09-13T08:41:00Z</time>
      </trkpt>
      <trkpt lat="51.45169872790575" lon="103.99322465993464">
        <ele>1480.5699999999999</ele>
        <time>2012-09-13T08:41:21Z</time>
      </trkpt>
      <trkpt lat="51.451728735119104" lon="103.99332876317203">
        <ele>1476.72</ele>
        <time>2012-09-13T08:41:53Z</time>
      </trkpt>
      <trkpt lat="51.451714234426618" lon="103.99352867156267">
        <ele>1472.8800000000001</ele>
        <time>2012-09-13T08:42:20Z</time>
      </trkpt>
      <trkpt lat="51.451747678220272" lon="103.99363042786717">
        <ele>1468.55</ele>
        <time>2012-09-13T08:42:36Z</time>
      </trkpt>
      <trkpt lat="51.451746504753828" lon="103.99368482641876">
        <ele>1465.1900000000001</ele>
        <time>2012-09-13T08:43:07Z</time>
      </trkpt>
      <trkpt lat="51.451802579686046" lon="103.99372422136366">
        <ele>1464.23</ele>
        <time>2012-09-13T08:43:24Z</time>
      </trkpt>
      <trkpt lat="51.451858822256327" lon="103.99374500848353">
        <ele>1461.3399999999999</ele>
        <time>2012-09-13T08:43:35Z</time>
      </trkpt>
      <trkpt lat="51.451952112838626" lon="103.99381038732827">
        <ele>1457.98</ele>
        <time>2012-09-13T08:44:04Z</time>
      </trkpt>
      <trkpt lat="51.451986730098724" lon="103.99392203427851">
        <ele>1453.1700000000001</ele>
        <time>2012-09-13T08:44:15Z</time>
      </trkpt>
      <trkpt lat="51.452026963233948" lon="103.99407416582108">
        <ele>1450.77</ele>
        <time>2012-09-13T08:44:27Z</time>
      </trkpt>
      <trkpt lat="51.451958315446973" lon="103.99422696791589">
        <ele>1446.9200000000001</ele>
        <time>2012-09-13T08:45:20Z</time>
      </trkpt>
      <trkpt lat="51.45195328630507" lon="103.99423099122941">
        <ele>1446.9200000000001</ele>
        <time>2012-09-13T08:45:21Z</time>
      </trkpt>
      <trkpt lat="51.451847506687045" lon="103.99430869147182">
        <ele>1442.5999999999999</ele>
        <time>2012-09-13T08:45:32Z</time>
      </trkpt>
      <trkpt lat="51.451841220259666" lon="103.99436593987048">
        <ele>1440.1900000000001</ele>
        <time>2012-09-13T08:45:38Z</time>
      </trkpt>
      <trkpt lat="51.451817080378532" lon="103.99454330094159">
        <ele>1436.3499999999999</ele>
        <time>2012-09-13T08:45:49Z</time>
      </trkpt>
      <trkpt lat="51.451771482825279" lon="103.99473641999066">
        <ele>1432.98</ele>
        <time>2012-09-13T08:46:03Z</time>
      </trkpt>
      <trkpt lat="51.451744828373194" lon="103.99493616074324">
        <ele>1431.54</ele>
        <time>2012-09-13T08:46:12Z</time>
      </trkpt>
      <trkpt lat="51.451756060123444" lon="103.99498712271452">
        <ele>1431.54</ele>
        <time>2012-09-13T08:46:15Z</time>
      </trkpt>
      <trkpt lat="51.451766537502408" lon="103.99526934139431">
        <ele>1428.1800000000001</ele>
        <time>2012-09-13T08:46:51Z</time>
      </trkpt>
      <trkpt lat="51.451771063730121" lon="103.99525953456759">
        <ele>1428.1800000000001</ele>
        <time>2012-09-13T08:47:26Z</time>
      </trkpt>
      <trkpt lat="51.45174709148705" lon="103.99530119262636">
        <ele>1427.21</ele>
        <time>2012-09-13T08:51:30Z</time>
      </trkpt>
      <trkpt lat="51.451777685433626" lon="103.99528048932552">
        <ele>1424.8099999999999</ele>
        <time>2012-09-13T09:00:27Z</time>
      </trkpt>
      <trkpt lat="51.451785396784544" lon="103.99531016126275">
        <ele>1422.8900000000001</ele>
        <time>2012-09-13T09:15:00Z</time>
      </trkpt>
      <trkpt lat="51.451784139499068" lon="103.9952904637903">
        <ele>1422.4100000000001</ele>
        <time>2012-09-13T09:28:06Z</time>
      </trkpt>
      <trkpt lat="51.451727310195565" lon="103.99535316042602">
        <ele>1421.45</ele>
        <time>2012-09-13T09:39:01Z</time>
      </trkpt>
      <trkpt lat="51.451749606058002" lon="103.99528920650482">
        <ele>1418.0799999999999</ele>
        <time>2012-09-13T09:50:48Z</time>
      </trkpt>
      <trkpt lat="51.451750192791224" lon="103.9952886197716">
        <ele>1420.49</ele>
        <time>2012-09-13T09:50:49Z</time>
      </trkpt>
      <trkpt lat="51.451752036809921" lon="103.99528317153454">
        <ele>1424.3299999999999</ele>
        <time>2012-09-13T09:50:50Z</time>
      </trkpt>
      <trkpt lat="51.451753210276365" lon="103.9952835906297">
        <ele>1423.3699999999999</ele>
        <time>2012-09-13T09:50:51Z</time>
      </trkpt>
      <trkpt lat="51.45174709148705" lon="103.99524578824639">
        <ele>1422.8900000000001</ele>
        <time>2012-09-13T09:58:03Z</time>
      </trkpt>
      <trkpt lat="51.451754802837968" lon="103.99530982598662">
        <ele>1419.04</ele>
        <time>2012-09-13T10:00:01Z</time>
      </trkpt>
      <trkpt lat="51.451754886657" lon="103.99531032890081">
        <ele>1419.04</ele>
        <time>2012-09-13T10:00:02Z</time>
      </trkpt>
      <trkpt lat="51.451755641028285" lon="103.99531242437661">
        <ele>1421.45</ele>
        <time>2012-09-13T10:00:43Z</time>
      </trkpt>
      <trkpt lat="51.451787827536464" lon="103.99534679017961">
        <ele>1422.8900000000001</ele>
        <time>2012-09-13T10:02:34Z</time>
      </trkpt>
      <trkpt lat="51.451970636844635" lon="103.99555156007409">
        <ele>1424.8099999999999</ele>
        <time>2012-09-13T10:02:59Z</time>
      </trkpt>
      <trkpt lat="51.452067280188203" lon="103.99565708823502">
        <ele>1423.8499999999999</ele>
        <time>2012-09-13T10:03:07Z</time>
      </trkpt>
      <trkpt lat="51.452071638777852" lon="103.9957342017442">
        <ele>1423.8499999999999</ele>
        <time>2012-09-13T10:03:10Z</time>
      </trkpt>
      <trkpt lat="51.452170964330435" lon="103.9961520396173">
        <ele>1420.49</ele>
        <time>2012-09-13T10:03:46Z</time>
      </trkpt>
      <trkpt lat="51.452144058421254" lon="103.99644188582897">
        <ele>1419.52</ele>
        <time>2012-09-13T10:04:19Z</time>
      </trkpt>
      <trkpt lat="51.452127881348133" lon="103.99646921083331">
        <ele>1420</ele>
        <time>2012-09-13T10:04:21Z</time>
      </trkpt>
      <trkpt lat="51.452166689559817" lon="103.99674480780959">
        <ele>1419.04</ele>
        <time>2012-09-13T10:04:43Z</time>
      </trkpt>
      <trkpt lat="51.452199295163155" lon="103.99707312695682">
        <ele>1420.97</ele>
        <time>2012-09-13T10:05:08Z</time>
      </trkpt>
      <trkpt lat="51.452234666794538" lon="103.99713163264096">
        <ele>1422.4100000000001</ele>
        <time>2012-09-13T10:05:14Z</time>
      </trkpt>
      <trkpt lat="51.452306834980845" lon="103.99726456962526">
        <ele>1423.8499999999999</ele>
        <time>2012-09-13T10:05:25Z</time>
      </trkpt>
      <trkpt lat="51.452299961820245" lon="103.99756078608334">
        <ele>1427.7</ele>
        <time>2012-09-13T10:05:45Z</time>
      </trkpt>
      <trkpt lat="51.452311361208558" lon="103.99760319851339">
        <ele>1427.21</ele>
        <time>2012-09-13T10:05:48Z</time>
      </trkpt>
      <trkpt lat="51.452499534934759" lon="103.99834658950567">
        <ele>1426.73</ele>
        <time>2012-09-13T10:06:43Z</time>
      </trkpt>
      <trkpt lat="51.452503893524408" lon="103.99884363636374">
        <ele>1425.29</ele>
        <time>2012-09-13T10:07:09Z</time>
      </trkpt>
      <trkpt lat="51.452659629285336" lon="103.99925543926656">
        <ele>1426.25</ele>
        <time>2012-09-13T10:07:35Z</time>
      </trkpt>
      <trkpt lat="51.452670358121395" lon="103.99959255941212">
        <ele>1428.1800000000001</ele>
        <time>2012-09-13T10:07:56Z</time>
      </trkpt>
      <trkpt lat="51.452546305954456" lon="103.99989414028823">
        <ele>1425.77</ele>
        <time>2012-09-13T10:08:17Z</time>
      </trkpt>
      <trkpt lat="51.452412698417902" lon="104.00024140253663">
        <ele>1422.4100000000001</ele>
        <time>2012-09-13T10:08:42Z</time>
      </trkpt>
      <trkpt lat="51.452385541051626" lon="104.00050702504814">
        <ele>1417.5999999999999</ele>
        <time>2012-09-13T10:09:05Z</time>
      </trkpt>
      <trkpt lat="51.452441783621907" lon="104.00084297172725">
        <ele>1417.1199999999999</ele>
        <time>2012-09-13T10:09:30Z</time>
      </trkpt>
      <trkpt lat="51.45302876830101" lon="104.00200931355357">
        <ele>1416.1600000000001</ele>
        <time>2012-09-13T10:10:45Z</time>
      </trkpt>
      <trkpt lat="51.453147036954761" lon="104.00235355831683">
        <ele>1418.0799999999999</ele>
        <time>2012-09-13T10:11:09Z</time>
      </trkpt>
      <trkpt lat="51.453470159322023" lon="104.00257643312216">
        <ele>1414.72</ele>
        <time>2012-09-13T10:11:32Z</time>
      </trkpt>
      <trkpt lat="51.453749863430858" lon="104.0030765812844">
        <ele>1418.0799999999999</ele>
        <time>2012-09-13T10:12:04Z</time>
      </trkpt>
      <trkpt lat="51.453960835933685" lon="104.00314028374851">
        <ele>1414.72</ele>
        <time>2012-09-13T10:12:22Z</time>
      </trkpt>
      <trkpt lat="51.453985897824168" lon="104.00313106365502">
        <ele>1414.24</ele>
        <time>2012-09-13T10:12:24Z</time>
      </trkpt>
      <trkpt lat="51.454146159812808" lon="104.00312301702797">
        <ele>1409.9100000000001</ele>
        <time>2012-09-13T10:12:37Z</time>
      </trkpt>
      <trkpt lat="51.454247497022152" lon="104.00314849801362">
        <ele>1404.1400000000001</ele>
        <time>2012-09-13T10:12:52Z</time>
      </trkpt>
      <trkpt lat="51.454253364354372" lon="104.00313240475953">
        <ele>1404.1400000000001</ele>
        <time>2012-09-13T10:12:54Z</time>
      </trkpt>
      <trkpt lat="51.454385798424482" lon="104.00304146111012">
        <ele>1398.8599999999999</ele>
        <time>2012-09-13T10:13:10Z</time>
      </trkpt>
      <trkpt lat="51.454518483951688" lon="104.00315646082163">
        <ele>1394.53</ele>
        <time>2012-09-13T10:13:24Z</time>
      </trkpt>
      <trkpt lat="51.4545420370996" lon="104.00313986465335">
        <ele>1394.05</ele>
        <time>2012-09-13T10:13:27Z</time>
      </trkpt>
      <trkpt lat="51.454644463956356" lon="104.00320859625936">
        <ele>1389.72</ele>
        <time>2012-09-13T10:13:44Z</time>
      </trkpt>
      <trkpt lat="51.454686289653182" lon="104.00323072448373">
        <ele>1386.3599999999999</ele>
        <time>2012-09-13T10:13:53Z</time>
      </trkpt>
      <trkpt lat="51.454740269109607" lon="104.00324237532914">
        <ele>1383.47</ele>
        <time>2012-09-13T10:14:02Z</time>
      </trkpt>
      <trkpt lat="51.454750662669539" lon="104.00322359986603">
        <ele>1382.51</ele>
        <time>2012-09-13T10:14:07Z</time>
      </trkpt>
      <trkpt lat="51.454806989058852" lon="104.0031320694834">
        <ele>1378.1900000000001</ele>
        <time>2012-09-13T10:14:18Z</time>
      </trkpt>
      <trkpt lat="51.454926263540983" lon="104.00305897928774">
        <ele>1373.8599999999999</ele>
        <time>2012-09-13T10:14:37Z</time>
      </trkpt>
      <trkpt lat="51.455099768936634" lon="104.00315620936453">
        <ele>1369.54</ele>
        <time>2012-09-13T10:14:59Z</time>
      </trkpt>
      <trkpt lat="51.455207308754325" lon="104.00319367647171">
        <ele>1365.6900000000001</ele>
        <time>2012-09-13T10:15:15Z</time>
      </trkpt>
      <trkpt lat="51.455300180241466" lon="104.00322309695184">
        <ele>1362.3299999999999</ele>
        <time>2012-09-13T10:15:25Z</time>
      </trkpt>
      <trkpt lat="51.455406798049808" lon="104.00315738283098">
        <ele>1358.48</ele>
        <time>2012-09-13T10:15:40Z</time>
      </trkpt>
      <trkpt lat="51.455434206873178" lon="104.00313097983599">
        <ele>1358.48</ele>
        <time>2012-09-13T10:15:43Z</time>
      </trkpt>
      <trkpt lat="51.455474775284529" lon="104.00316316634417">
        <ele>1357.04</ele>
        <time>2012-09-13T10:15:48Z</time>
      </trkpt>
      <trkpt lat="51.455643586814404" lon="104.00314983911812">
        <ele>1352.23</ele>
        <time>2012-09-13T10:16:07Z</time>
      </trkpt>
      <trkpt lat="51.455776439979672" lon="104.00312301702797">
        <ele>1347.9100000000001</ele>
        <time>2012-09-13T10:16:21Z</time>
      </trkpt>
      <trkpt lat="51.455851793289185" lon="104.00302520021796">
        <ele>1346.46</ele>
        <time>2012-09-13T10:16:29Z</time>
      </trkpt>
      <trkpt lat="51.455926140770316" lon="104.00285781361163">
        <ele>1342.6199999999999</ele>
        <time>2012-09-13T10:16:42Z</time>
      </trkpt>
      <trkpt lat="51.456074668094516" lon="104.00269931182265">
        <ele>1338.77</ele>
        <time>2012-09-13T10:16:59Z</time>
      </trkpt>
      <trkpt lat="51.456268541514874" lon="104.00253443978727">
        <ele>1333.97</ele>
        <time>2012-09-13T10:17:26Z</time>
      </trkpt>
      <trkpt lat="51.4563431404531" lon="104.00243151001632">
        <ele>1331.0799999999999</ele>
        <time>2012-09-13T10:17:34Z</time>
      </trkpt>
      <trkpt lat="51.456445818766952" lon="104.00216613896191">
        <ele>1326.76</ele>
        <time>2012-09-13T10:17:50Z</time>
      </trkpt>
      <trkpt lat="51.456563584506512" lon="104.00197293609381">
        <ele>1323.3900000000001</ele>
        <time>2012-09-13T10:18:02Z</time>
      </trkpt>
      <trkpt lat="51.456744885072112" lon="104.00176246650517">
        <ele>1320.03</ele>
        <time>2012-09-13T10:18:20Z</time>
      </trkpt>
      <trkpt lat="51.456889808177948" lon="104.00168904103339">
        <ele>1317.1400000000001</ele>
        <time>2012-09-13T10:18:32Z</time>
      </trkpt>
      <trkpt lat="51.457099439576268" lon="104.00163346901536">
        <ele>1313.3</ele>
        <time>2012-09-13T10:18:56Z</time>
      </trkpt>
      <trkpt lat="51.457109833136201" lon="104.00160220451653">
        <ele>1312.8199999999999</ele>
        <time>2012-09-13T10:18:58Z</time>
      </trkpt>
      <trkpt lat="51.457220641896129" lon="104.00147362612188">
        <ele>1307.05</ele>
        <time>2012-09-13T10:19:17Z</time>
      </trkpt>
      <trkpt lat="51.457297336310148" lon="104.00153607130051">
        <ele>1304.1700000000001</ele>
        <time>2012-09-13T10:19:29Z</time>
      </trkpt>
      <trkpt lat="51.45734092220664" lon="104.00154403410852">
        <ele>1303.2</ele>
        <time>2012-09-13T10:19:33Z</time>
      </trkpt>
      <trkpt lat="51.457439996302128" lon="104.00154403410852">
        <ele>1301.28</ele>
        <time>2012-09-13T10:19:41Z</time>
      </trkpt>
      <trkpt lat="51.457519372925162" lon="104.00160061195493">
        <ele>1299.3599999999999</ele>
        <time>2012-09-13T10:19:48Z</time>
      </trkpt>
      <trkpt lat="51.457572262734175" lon="104.00179842486978">
        <ele>1299.3599999999999</ele>
        <time>2012-09-13T10:20:18Z</time>
      </trkpt>
      <trkpt lat="51.457587769255042" lon="104.00158678181469">
        <ele>1297.9200000000001</ele>
        <time>2012-09-13T10:20:33Z</time>
      </trkpt>
      <trkpt lat="51.457596821710467" lon="104.00157052092254">
        <ele>1297.9200000000001</ele>
        <time>2012-09-13T10:20:34Z</time>
      </trkpt>
      <trkpt lat="51.457770159468055" lon="104.00141268968582">
        <ele>1294.55</ele>
        <time>2012-09-13T10:20:56Z</time>
      </trkpt>
      <trkpt lat="51.45778558216989" lon="104.00139718316495">
        <ele>1295.03</ele>
        <time>2012-09-13T10:21:01Z</time>
      </trkpt>
      <trkpt lat="51.457770662382245" lon="104.00147756561637">
        <ele>1297.9200000000001</ele>
        <time>2012-09-13T10:22:35Z</time>
      </trkpt>
      <trkpt lat="51.457764878869057" lon="104.00148192420602">
        <ele>1296.96</ele>
        <time>2012-09-13T10:22:36Z</time>
      </trkpt>
      <trkpt lat="51.45759891718626" lon="104.00164537131786">
        <ele>1299.8399999999999</ele>
        <time>2012-09-13T10:23:12Z</time>
      </trkpt>
      <trkpt lat="51.457601515576243" lon="104.00169046595693">
        <ele>1299.3599999999999</ele>
        <time>2012-09-13T10:23:25Z</time>
      </trkpt>
      <trkpt lat="51.457702768966556" lon="104.0018455311656">
        <ele>1295.99</ele>
        <time>2012-09-13T10:23:55Z</time>
      </trkpt>
      <trkpt lat="51.457736464217305" lon="104.00192641653121">
        <ele>1294.55</ele>
        <time>2012-09-13T10:24:02Z</time>
      </trkpt>
      <trkpt lat="51.457941401749849" lon="104.00206706486642">
        <ele>1290.71</ele>
        <time>2012-09-13T10:24:23Z</time>
      </trkpt>
      <trkpt lat="51.458241390064359" lon="104.00191803462803">
        <ele>1286.8599999999999</ele>
        <time>2012-09-13T10:24:44Z</time>
      </trkpt>
      <trkpt lat="51.45845646969974" lon="104.00210117921233">
        <ele>1281.5699999999999</ele>
        <time>2012-09-13T10:25:03Z</time>
      </trkpt>
      <trkpt lat="51.458656378090382" lon="104.00216077454388">
        <ele>1278.21</ele>
        <time>2012-09-13T10:25:16Z</time>
      </trkpt>
      <trkpt lat="51.458774982020259" lon="104.00207662023604">
        <ele>1276.77</ele>
        <time>2012-09-13T10:25:29Z</time>
      </trkpt>
      <trkpt lat="51.459104726091027" lon="104.00216873735189">
        <ele>1272.4400000000001</ele>
        <time>2012-09-13T10:25:50Z</time>
      </trkpt>
      <trkpt lat="51.459241099655628" lon="104.00222816504538">
        <ele>1269.0799999999999</ele>
        <time>2012-09-13T10:25:59Z</time>
      </trkpt>
      <trkpt lat="51.459308071061969" lon="104.00227493606508">
        <ele>1265.71</ele>
        <time>2012-09-13T10:26:06Z</time>
      </trkpt>
      <trkpt lat="51.459400858730078" lon="104.00225096382201">
        <ele>1263.3099999999999</ele>
        <time>2012-09-13T10:26:13Z</time>
      </trkpt>
      <trkpt lat="51.45944737829268" lon="104.0024724137038">
        <ele>1259.9400000000001</ele>
        <time>2012-09-13T10:26:25Z</time>
      </trkpt>
      <trkpt lat="51.459443438798189" lon="104.00248222053051">
        <ele>1259.46</ele>
        <time>2012-09-13T10:26:26Z</time>
      </trkpt>
      <trkpt lat="51.459561288356781" lon="104.0025014989078">
        <ele>1257.0599999999999</ele>
        <time>2012-09-13T10:26:40Z</time>
      </trkpt>
      <trkpt lat="51.459586936980486" lon="104.0025120601058">
        <ele>1257.0599999999999</ele>
        <time>2012-09-13T10:26:42Z</time>
      </trkpt>
      <trkpt lat="51.459737392142415" lon="104.00247040204704">
        <ele>1253.22</ele>
        <time>2012-09-13T10:26:56Z</time>
      </trkpt>
      <trkpt lat="51.459836214780807" lon="104.00242773815989">
        <ele>1248.8900000000001</ele>
        <time>2012-09-13T10:27:04Z</time>
      </trkpt>
      <trkpt lat="51.460010893642902" lon="104.00238063186407">
        <ele>1245.04</ele>
        <time>2012-09-13T10:27:19Z</time>
      </trkpt>
      <trkpt lat="51.46027852781117" lon="104.0022927056998">
        <ele>1241.2</ele>
        <time>2012-09-13T10:27:36Z</time>
      </trkpt>
      <trkpt lat="51.460608523339033" lon="104.00239580310881">
        <ele>1236.3900000000001</ele>
        <time>2012-09-13T10:27:58Z</time>
      </trkpt>
      <trkpt lat="51.460828296840191" lon="104.002221878618">
        <ele>1232.0699999999999</ele>
        <time>2012-09-13T10:28:16Z</time>
      </trkpt>
      <trkpt lat="51.460917396470904" lon="104.00220603682101">
        <ele>1230.6199999999999</ele>
        <time>2012-09-13T10:28:24Z</time>
      </trkpt>
      <trkpt lat="51.46101001650095" lon="104.00215272791684">
        <ele>1229.1800000000001</ele>
        <time>2012-09-13T10:28:31Z</time>
      </trkpt>
      <trkpt lat="51.461104732006788" lon="104.00198760442436">
        <ele>1225.3399999999999</ele>
        <time>2012-09-13T10:28:43Z</time>
      </trkpt>
      <trkpt lat="51.461132979020476" lon="104.0020027756691">
        <ele>1225.3399999999999</ele>
        <time>2012-09-13T10:28:45Z</time>
      </trkpt>
      <trkpt lat="51.461191736161709" lon="104.0020477026701">
        <ele>1224.3800000000001</ele>
        <time>2012-09-13T10:28:53Z</time>
      </trkpt>
      <trkpt lat="51.461268430575728" lon="104.00195701047778">
        <ele>1223.4200000000001</ele>
        <time>2012-09-13T10:29:00Z</time>
      </trkpt>
      <trkpt lat="51.461284607648849" lon="104.00194276124239">
        <ele>1222.45</ele>
        <time>2012-09-13T10:29:02Z</time>
      </trkpt>
      <trkpt lat="51.461338000372052" lon="104.00197260081768">
        <ele>1221.49</ele>
        <time>2012-09-13T10:29:07Z</time>
      </trkpt>
      <trkpt lat="51.461460879072547" lon="104.00205239653587">
        <ele>1217.6500000000001</ele>
        <time>2012-09-13T10:29:17Z</time>
      </trkpt>
      <trkpt lat="51.461513936519623" lon="104.00210436433554">
        <ele>1215.72</ele>
        <time>2012-09-13T10:29:22Z</time>
      </trkpt>
      <trkpt lat="51.4615548402071" lon="104.00219178758562">
        <ele>1215.72</ele>
        <time>2012-09-13T10:29:27Z</time>
      </trkpt>
      <trkpt lat="51.461686603724957" lon="104.00241868570447">
        <ele>1214.76</ele>
        <time>2012-09-13T10:29:40Z</time>
      </trkpt>
      <trkpt lat="51.461781403049827" lon="104.00255707092583">
        <ele>1215.24</ele>
        <time>2012-09-13T10:29:50Z</time>
      </trkpt>
      <trkpt lat="51.46189883351326" lon="104.0025744214654">
        <ele>1217.1700000000001</ele>
        <time>2012-09-13T10:30:02Z</time>
      </trkpt>
      <trkpt lat="51.462236121296883" lon="104.00272512808442">
        <ele>1212.8399999999999</ele>
        <time>2012-09-13T10:30:36Z</time>
      </trkpt>
      <trkpt lat="51.462308708578348" lon="104.00281540118158">
        <ele>1213.8</ele>
        <time>2012-09-13T10:30:42Z</time>
      </trkpt>
      <trkpt lat="51.462529907003045" lon="104.00294817052782">
        <ele>1208.51</ele>
        <time>2012-09-13T10:31:01Z</time>
      </trkpt>
      <trkpt lat="51.462674494832754" lon="104.00297859683633">
        <ele>1203.23</ele>
        <time>2012-09-13T10:31:12Z</time>
      </trkpt>
      <trkpt lat="51.462914133444428" lon="104.00310122407973">
        <ele>1200.8199999999999</ele>
        <time>2012-09-13T10:31:30Z</time>
      </trkpt>
      <trkpt lat="51.463169194757938" lon="104.0033667627722">
        <ele>1197.46</ele>
        <time>2012-09-13T10:31:51Z</time>
      </trkpt>
      <trkpt lat="51.463366337120533" lon="104.00350196287036">
        <ele>1193.6099999999999</ele>
        <time>2012-09-13T10:32:09Z</time>
      </trkpt>
      <trkpt lat="51.463409923017025" lon="104.00362936779857">
        <ele>1192.6500000000001</ele>
        <time>2012-09-13T10:32:17Z</time>
      </trkpt>
      <trkpt lat="51.463554259389639" lon="104.00379323400557">
        <ele>1186.8800000000001</ele>
        <time>2012-09-13T10:32:40Z</time>
      </trkpt>
      <trkpt lat="51.463559875264764" lon="104.00379826314747">
        <ele>1186.8800000000001</ele>
        <time>2012-09-13T10:32:41Z</time>
      </trkpt>
      <trkpt lat="51.46373656578362" lon="104.00385718792677">
        <ele>1183.04</ele>
        <time>2012-09-13T10:32:58Z</time>
      </trkpt>
      <trkpt lat="51.463898168876767" lon="104.00387462228537">
        <ele>1179.6700000000001</ele>
        <time>2012-09-13T10:33:17Z</time>
      </trkpt>
      <trkpt lat="51.46402046084404" lon="104.00391502305865">
        <ele>1175.8299999999999</ele>
        <time>2012-09-13T10:33:30Z</time>
      </trkpt>
      <trkpt lat="51.464106878265738" lon="104.00398509576917">
        <ele>1171.5</ele>
        <time>2012-09-13T10:33:41Z</time>
      </trkpt>
      <trkpt lat="51.464118529111147" lon="104.00408056564629">
        <ele>1171.5</ele>
        <time>2012-09-13T10:33:47Z</time>
      </trkpt>
      <trkpt lat="51.464141076430678" lon="104.00438818149269">
        <ele>1168.1400000000001</ele>
        <time>2012-09-13T10:34:09Z</time>
      </trkpt>
      <trkpt lat="51.464223135262728" lon="104.00446093641222">
        <ele>1163.8099999999999</ele>
        <time>2012-09-13T10:34:24Z</time>
      </trkpt>
      <trkpt lat="51.464261272922158" lon="104.00454240851104">
        <ele>1161.8900000000001</ele>
        <time>2012-09-13T10:34:31Z</time>
      </trkpt>
      <trkpt lat="51.464343164116144" lon="104.0046739205718">
        <ele>1157.0799999999999</ele>
        <time>2012-09-13T10:34:46Z</time>
      </trkpt>
      <trkpt lat="51.464434694498777" lon="104.0047465916723">
        <ele>1151.3199999999999</ele>
        <time>2012-09-13T10:35:04Z</time>
      </trkpt>
      <trkpt lat="51.464450368657708" lon="104.00484323501587">
        <ele>1147.47</ele>
        <time>2012-09-13T10:35:16Z</time>
      </trkpt>
      <trkpt lat="51.464537875726819" lon="104.0048744995147">
        <ele>1143.1400000000001</ele>
        <time>2012-09-13T10:35:32Z</time>
      </trkpt>
      <trkpt lat="51.464609792456031" lon="104.00483686476946">
        <ele>1138.8199999999999</ele>
        <time>2012-09-13T10:35:50Z</time>
      </trkpt>
      <trkpt lat="51.464691180735826" lon="104.00487659499049">
        <ele>1133.05</ele>
        <time>2012-09-13T10:36:06Z</time>
      </trkpt>
      <trkpt lat="51.464778939262033" lon="104.00495672598481">
        <ele>1126.8</ele>
        <time>2012-09-13T10:36:27Z</time>
      </trkpt>
      <trkpt lat="51.464836439117789" lon="104.00495479814708">
        <ele>1123.4400000000001</ele>
        <time>2012-09-13T10:36:36Z</time>
      </trkpt>
      <trkpt lat="51.464919084683061" lon="104.00488371960819">
        <ele>1120.0699999999999</ele>
        <time>2012-09-13T10:36:54Z</time>
      </trkpt>
      <trkpt lat="51.464978512376547" lon="104.00486703962088">
        <ele>1116.23</ele>
        <time>2012-09-13T10:37:02Z</time>
      </trkpt>
      <trkpt lat="51.464994018897414" lon="104.00487533770502">
        <ele>1112.8599999999999</ele>
        <time>2012-09-13T10:37:08Z</time>
      </trkpt>
      <trkpt lat="51.465089321136475" lon="104.00486452504992">
        <ele>1107.0999999999999</ele>
        <time>2012-09-13T10:37:21Z</time>
      </trkpt>
      <trkpt lat="51.465142881497741" lon="104.00497977621853">
        <ele>1103.25</ele>
        <time>2012-09-13T10:37:30Z</time>
      </trkpt>
      <trkpt lat="51.465150341391563" lon="104.00497717782855">
        <ele>1103.25</ele>
        <time>2012-09-13T10:37:31Z</time>
      </trkpt>
      <trkpt lat="51.465197699144483" lon="104.00501674041152">
        <ele>1097.96</ele>
        <time>2012-09-13T10:37:46Z</time>
      </trkpt>
      <trkpt lat="51.465214295312762" lon="104.00501732714474">
        <ele>1094.5999999999999</ele>
        <time>2012-09-13T10:37:55Z</time>
      </trkpt>
      <trkpt lat="51.46523374132812" lon="104.00507918559015">
        <ele>1092.6800000000001</ele>
        <time>2012-09-13T10:38:01Z</time>
      </trkpt>
      <trkpt lat="51.465332983061671" lon="104.00520105846226">
        <ele>1086.9100000000001</ele>
        <time>2012-09-13T10:38:18Z</time>
      </trkpt>
      <trkpt lat="51.465404061600566" lon="104.00527817197144">
        <ele>1083.54</ele>
        <time>2012-09-13T10:38:26Z</time>
      </trkpt>
      <trkpt lat="51.465450916439295" lon="104.00529158301651">
        <ele>1080.1800000000001</ele>
        <time>2012-09-13T10:38:37Z</time>
      </trkpt>
      <trkpt lat="51.465476732701063" lon="104.00540130212903">
        <ele>1075.8499999999999</ele>
        <time>2012-09-13T10:38:49Z</time>
      </trkpt>
      <trkpt lat="51.465568263083696" lon="104.00562644004822">
        <ele>1072.49</ele>
        <time>2012-09-13T10:39:07Z</time>
      </trkpt>
      <trkpt lat="51.465659877285361" lon="104.00586423464119">
        <ele>1067.6800000000001</ele>
        <time>2012-09-13T10:39:33Z</time>
      </trkpt>
      <trkpt lat="51.4657614659518" lon="104.00596657767892">
        <ele>1063.8399999999999</ele>
        <time>2012-09-13T10:39:48Z</time>
      </trkpt>
      <trkpt lat="51.465978641062975" lon="104.00615936145186">
        <ele>1059.03</ele>
        <time>2012-09-13T10:40:14Z</time>
      </trkpt>
      <trkpt lat="51.466315761208534" lon="104.00636622682214">
        <ele>1053.74</ele>
        <time>2012-09-13T10:40:38Z</time>
      </trkpt>
      <trkpt lat="51.466457163915038" lon="104.0065186098218">
        <ele>1048.9400000000001</ele>
        <time>2012-09-13T10:40:54Z</time>
      </trkpt>
      <trkpt lat="51.466836528852582" lon="104.0069068595767">
        <ele>1047.97</ele>
        <time>2012-09-13T10:41:37Z</time>
      </trkpt>
      <trkpt lat="51.466892017051578" lon="104.00712956674397">
        <ele>1045.5699999999999</ele>
        <time>2012-09-13T10:41:51Z</time>
      </trkpt>
      <trkpt lat="51.467036018148065" lon="104.00725076906383">
        <ele>1042.21</ele>
        <time>2012-09-13T10:42:08Z</time>
      </trkpt>
      <trkpt lat="51.467175325378776" lon="104.00737473741174">
        <ele>1038.8399999999999</ele>
        <time>2012-09-13T10:42:21Z</time>
      </trkpt>
      <trkpt lat="51.467364337295294" lon="104.0074716322124">
        <ele>1034.52</ele>
        <time>2012-09-13T10:42:38Z</time>
      </trkpt>
      <trkpt lat="51.467544296756387" lon="104.00753080844879">
        <ele>1032.1099999999999</ele>
        <time>2012-09-13T10:42:57Z</time>
      </trkpt>
      <trkpt lat="51.46767346188426" lon="104.00764002464712">
        <ele>1034.04</ele>
        <time>2012-09-13T10:43:12Z</time>
      </trkpt>
      <trkpt lat="51.467815702781081" lon="104.0077615622431">
        <ele>1035</ele>
        <time>2012-09-13T10:43:27Z</time>
      </trkpt>
      <trkpt lat="51.467844117432833" lon="104.00777346454561">
        <ele>1035</ele>
        <time>2012-09-13T10:43:29Z</time>
      </trkpt>
      <trkpt lat="51.468147458508611" lon="104.0080139413476">
        <ele>1031.1500000000001</ele>
        <time>2012-09-13T10:43:58Z</time>
      </trkpt>
      <trkpt lat="51.468300763517618" lon="104.00822415947914">
        <ele>1026.8299999999999</ele>
        <time>2012-09-13T10:44:15Z</time>
      </trkpt>
      <trkpt lat="51.468373434618115" lon="104.00841476395726">
        <ele>1023.46</ele>
        <time>2012-09-13T10:44:30Z</time>
      </trkpt>
      <trkpt lat="51.468403106555343" lon="104.00845658965409">
        <ele>1022.5</ele>
        <time>2012-09-13T10:44:33Z</time>
      </trkpt>
      <trkpt lat="51.468675183132291" lon="104.00871743448079">
        <ele>1021.54</ele>
        <time>2012-09-13T10:45:10Z</time>
      </trkpt>
      <trkpt lat="51.468810634687543" lon="104.00869823992252">
        <ele>1017.6900000000001</ele>
        <time>2012-09-13T10:45:24Z</time>
      </trkpt>
      <trkpt lat="51.469010375440121" lon="104.00877501815557">
        <ele>1013.85</ele>
        <time>2012-09-13T10:45:45Z</time>
      </trkpt>
      <trkpt lat="51.469045495614409" lon="104.00878348387778">
        <ele>1012.89</ele>
        <time>2012-09-13T10:45:47Z</time>
      </trkpt>
      <trkpt lat="51.469234004616737" lon="104.00890217162669">
        <ele>1010.96</ele>
        <time>2012-09-13T10:46:02Z</time>
      </trkpt>
      <trkpt lat="51.469368534162641" lon="104.00888213887811">
        <ele>1008.5599999999999</ele>
        <time>2012-09-13T10:46:15Z</time>
      </trkpt>
      <trkpt lat="51.46940566599369" lon="104.00890946388245">
        <ele>1008.5599999999999</ele>
        <time>2012-09-13T10:46:18Z</time>
      </trkpt>
      <trkpt lat="51.469640778377652" lon="104.00898716412485">
        <ele>1002.79</ele>
        <time>2012-09-13T10:46:43Z</time>
      </trkpt>
      <trkpt lat="51.469745635986328" lon="104.00897283107042">
        <ele>999.90999999999997</ele>
        <time>2012-09-13T10:47:00Z</time>
      </trkpt>
      <trkpt lat="51.469922829419374" lon="104.00897098705173">
        <ele>996.53999999999996</ele>
        <time>2012-09-13T10:47:13Z</time>
      </trkpt>
      <trkpt lat="51.470119971781969" lon="104.0090290736407">
        <ele>992.70000000000005</ele>
        <time>2012-09-13T10:47:32Z</time>
      </trkpt>
      <trkpt lat="51.470452817156911" lon="104.00917399674654">
        <ele>987.40999999999997</ele>
        <time>2012-09-13T10:47:57Z</time>
      </trkpt>
      <trkpt lat="51.470777280628681" lon="104.00930098257959">
        <ele>982.12</ele>
        <time>2012-09-13T10:48:22Z</time>
      </trkpt>
      <trkpt lat="51.470942487940192" lon="104.00933836586773">
        <ele>978.75999999999999</ele>
        <time>2012-09-13T10:48:40Z</time>
      </trkpt>
      <trkpt lat="51.471098307520151" lon="104.00945629924536">
        <ele>975.88</ele>
        <time>2012-09-13T10:48:54Z</time>
      </trkpt>
      <trkpt lat="51.471217833459377" lon="104.00974539108574">
        <ele>972.50999999999999</ele>
        <time>2012-09-13T10:49:10Z</time>
      </trkpt>
      <trkpt lat="51.471335012465715" lon="104.00985502637923">
        <ele>970.59000000000003</ele>
        <time>2012-09-13T10:49:25Z</time>
      </trkpt>
      <trkpt lat="51.47140366025269" lon="104.00984748266637">
        <ele>969.14999999999998</ele>
        <time>2012-09-13T10:49:33Z</time>
      </trkpt>
      <trkpt lat="51.471683112904429" lon="104.01001361198723">
        <ele>964.82000000000005</ele>
        <time>2012-09-13T10:49:57Z</time>
      </trkpt>
      <trkpt lat="51.471747988834977" lon="104.01016926392913">
        <ele>960.98000000000002</ele>
        <time>2012-09-13T10:50:11Z</time>
      </trkpt>
      <trkpt lat="51.471894085407257" lon="104.01029591448605">
        <ele>956.16999999999996</ele>
        <time>2012-09-13T10:50:27Z</time>
      </trkpt>
      <trkpt lat="51.472008414566517" lon="104.01034729555249">
        <ele>954.25</ele>
        <time>2012-09-13T10:50:36Z</time>
      </trkpt>
      <trkpt lat="51.472112601622939" lon="104.01054468937218">
        <ele>952.32000000000005</ele>
        <time>2012-09-13T10:50:48Z</time>
      </trkpt>
      <trkpt lat="51.472167503088713" lon="104.01071953587234">
        <ele>950.88</ele>
        <time>2012-09-13T10:50:56Z</time>
      </trkpt>
      <trkpt lat="51.472366321831942" lon="104.01086999103427">
        <ele>947.03999999999996</ele>
        <time>2012-09-13T10:51:15Z</time>
      </trkpt>
      <trkpt lat="51.472508395090699" lon="104.01104047894478">
        <ele>944.63</ele>
        <time>2012-09-13T10:51:30Z</time>
      </trkpt>
      <trkpt lat="51.472734035924077" lon="104.01122027076781">
        <ele>942.71000000000004</ele>
        <time>2012-09-13T10:51:51Z</time>
      </trkpt>
      <trkpt lat="51.472963700070977" lon="104.01145789772272">
        <ele>939.35000000000002</ele>
        <time>2012-09-13T10:52:14Z</time>
      </trkpt>
      <trkpt lat="51.473175762221217" lon="104.01183826848865">
        <ele>936.46000000000004</ele>
        <time>2012-09-13T10:52:40Z</time>
      </trkpt>
      <trkpt lat="51.473277686163783" lon="104.01207514107227">
        <ele>934.53999999999996</ele>
        <time>2012-09-13T10:52:59Z</time>
      </trkpt>
      <trkpt lat="51.473399978131056" lon="104.01233422569931">
        <ele>932.62</ele>
        <time>2012-09-13T10:53:16Z</time>
      </trkpt>
      <trkpt lat="51.473496621474624" lon="104.01239222846925">
        <ele>929.25</ele>
        <time>2012-09-13T10:53:30Z</time>
      </trkpt>
      <trkpt lat="51.473627714440227" lon="104.01237797923386">
        <ele>926.37</ele>
        <time>2012-09-13T10:53:45Z</time>
      </trkpt>
      <trkpt lat="51.473767859861255" lon="104.0126643050462">
        <ele>926.37</ele>
        <time>2012-09-13T10:53:59Z</time>
      </trkpt>
      <trkpt lat="51.473790071904659" lon="104.01272381655872">
        <ele>927.33000000000004</ele>
        <time>2012-09-13T10:54:02Z</time>
      </trkpt>
      <trkpt lat="51.47378521040082" lon="104.01284007355571">
        <ele>927.33000000000004</ele>
        <time>2012-09-13T10:54:08Z</time>
      </trkpt>
      <trkpt lat="51.473829634487629" lon="104.01287485845387">
        <ele>925.88999999999999</ele>
        <time>2012-09-13T10:54:13Z</time>
      </trkpt>
      <trkpt lat="51.473878165706992" lon="104.01314358226955">
        <ele>921.55999999999995</ele>
        <time>2012-09-13T10:54:29Z</time>
      </trkpt>
      <trkpt lat="51.473903059959412" lon="104.01315883733332">
        <ele>920.12</ele>
        <time>2012-09-13T10:54:33Z</time>
      </trkpt>
      <trkpt lat="51.473927618935704" lon="104.01319303549826">
        <ele>920.12</ele>
        <time>2012-09-13T10:54:36Z</time>
      </trkpt>
      <trkpt lat="51.474000290036201" lon="104.01337450370193">
        <ele>916.26999999999998</ele>
        <time>2012-09-13T10:54:46Z</time>
      </trkpt>
      <trkpt lat="51.474043037742376" lon="104.01357139460742">
        <ele>914.83000000000004</ele>
        <time>2012-09-13T10:55:03Z</time>
      </trkpt>
      <trkpt lat="51.474126437678933" lon="104.01376334019005">
        <ele>910.02999999999997</ele>
        <time>2012-09-13T10:55:16Z</time>
      </trkpt>
      <trkpt lat="51.474158372730017" lon="104.01396098546684">
        <ele>906.17999999999995</ele>
        <time>2012-09-13T10:55:30Z</time>
      </trkpt>
      <trkpt lat="51.47413750179112" lon="104.01410004124045">
        <ele>903.77999999999997</ele>
        <time>2012-09-13T10:55:40Z</time>
      </trkpt>
      <trkpt lat="51.474167173728347" lon="104.01441813446581">
        <ele>898.97000000000003</ele>
        <time>2012-09-13T10:56:01Z</time>
      </trkpt>
      <trkpt lat="51.474164240062237" lon="104.01445291936398">
        <ele>898.49000000000001</ele>
        <time>2012-09-13T10:56:04Z</time>
      </trkpt>
      <trkpt lat="51.474356185644865" lon="104.01469943113625">
        <ele>895.12</ele>
        <time>2012-09-13T10:56:27Z</time>
      </trkpt>
      <trkpt lat="51.474457019940019" lon="104.01512950658798">
        <ele>891.75999999999999</ele>
        <time>2012-09-13T10:56:56Z</time>
      </trkpt>
      <trkpt lat="51.47455676458776" lon="104.01531642302871">
        <ele>890.79999999999995</ele>
        <time>2012-09-13T10:57:19Z</time>
      </trkpt>
      <trkpt lat="51.474669920280576" lon="104.01549068279564">
        <ele>888.39999999999998</ele>
        <time>2012-09-13T10:57:33Z</time>
      </trkpt>
      <trkpt lat="51.474769581109285" lon="104.01553502306342">
        <ele>885.02999999999997</ele>
        <time>2012-09-13T10:57:44Z</time>
      </trkpt>
      <trkpt lat="51.474785003811121" lon="104.0155449975282">
        <ele>883.59000000000003</ele>
        <time>2012-09-13T10:57:48Z</time>
      </trkpt>
      <trkpt lat="51.474821884185076" lon="104.01556729339063">
        <ele>883.59000000000003</ele>
        <time>2012-09-13T10:57:51Z</time>
      </trkpt>
      <trkpt lat="51.474945517256856" lon="104.01564256288111">
        <ele>881.66999999999996</ele>
        <time>2012-09-13T10:58:01Z</time>
      </trkpt>
      <trkpt lat="51.475063869729638" lon="104.01590617373586">
        <ele>880.22000000000003</ele>
        <time>2012-09-13T10:58:19Z</time>
      </trkpt>
      <trkpt lat="51.475073928013444" lon="104.01596132665873">
        <ele>879.25999999999999</ele>
        <time>2012-09-13T10:58:22Z</time>
      </trkpt>
      <trkpt lat="51.475099995732307" lon="104.01609753258526">
        <ele>877.82000000000005</ele>
        <time>2012-09-13T10:58:29Z</time>
      </trkpt>
      <trkpt lat="51.475283559411764" lon="104.01653179898858">
        <ele>873.5</ele>
        <time>2012-09-13T10:58:57Z</time>
      </trkpt>
      <trkpt lat="51.475304262712598" lon="104.01660623028874">
        <ele>873.98000000000002</ele>
        <time>2012-09-13T10:59:02Z</time>
      </trkpt>
      <trkpt lat="51.475461674854159" lon="104.01670781895518">
        <ele>869.64999999999998</ele>
        <time>2012-09-13T10:59:19Z</time>
      </trkpt>
      <trkpt lat="51.475515402853489" lon="104.01703990995884">
        <ele>866.28999999999996</ele>
        <time>2012-09-13T10:59:34Z</time>
      </trkpt>
      <trkpt lat="51.475550439208746" lon="104.01720989495516">
        <ele>864.36000000000001</ele>
        <time>2012-09-13T10:59:43Z</time>
      </trkpt>
      <trkpt lat="51.475749341771007" lon="104.01734878309071">
        <ele>861.96000000000004</ele>
        <time>2012-09-13T10:59:58Z</time>
      </trkpt>
      <trkpt lat="51.475765770301223" lon="104.01735532097518">
        <ele>860.51999999999998</ele>
        <time>2012-09-13T11:00:00Z</time>
      </trkpt>
      <trkpt lat="51.47586333565414" lon="104.01743603870273">
        <ele>857.14999999999998</ele>
        <time>2012-09-13T11:00:12Z</time>
      </trkpt>
      <trkpt lat="51.47586777806282" lon="104.01744710281491">
        <ele>857.14999999999998</ele>
        <time>2012-09-13T11:00:13Z</time>
      </trkpt>
      <trkpt lat="51.475938772782683" lon="104.01767877861857">
        <ele>853.30999999999995</ele>
        <time>2012-09-13T11:00:27Z</time>
      </trkpt>
      <trkpt lat="51.475966600701213" lon="104.0179053414613">
        <ele>848.5</ele>
        <time>2012-09-13T11:00:42Z</time>
      </trkpt>
      <trkpt lat="51.476004989817739" lon="104.01804054155946">
        <ele>844.65999999999997</ele>
        <time>2012-09-13T11:00:55Z</time>
      </trkpt>
      <trkpt lat="51.476087970659137" lon="104.01828453876078">
        <ele>840.33000000000004</ele>
        <time>2012-09-13T11:01:11Z</time>
      </trkpt>
      <trkpt lat="51.47613700479269" lon="104.01846919208765">
        <ele>839.37</ele>
        <time>2012-09-13T11:01:24Z</time>
      </trkpt>
      <trkpt lat="51.476285783573985" lon="104.01870707049966">
        <ele>833.60000000000002</ele>
        <time>2012-09-13T11:01:46Z</time>
      </trkpt>
      <trkpt lat="51.4763627294451" lon="104.01880798861384">
        <ele>830.24000000000001</ele>
        <time>2012-09-13T11:01:56Z</time>
      </trkpt>
      <trkpt lat="51.476387875154614" lon="104.0188155323267">
        <ele>829.75999999999999</ele>
        <time>2012-09-13T11:01:58Z</time>
      </trkpt>
      <trkpt lat="51.476486194878817" lon="104.01900303550065">
        <ele>825.42999999999995</ele>
        <time>2012-09-13T11:02:11Z</time>
      </trkpt>
      <trkpt lat="51.476577473804355" lon="104.01918886229396">
        <ele>820.13999999999999</ele>
        <time>2012-09-13T11:02:27Z</time>
      </trkpt>
      <trkpt lat="51.476687276735902" lon="104.01937083341181">
        <ele>815.34000000000003</ele>
        <time>2012-09-13T11:02:43Z</time>
      </trkpt>
      <trkpt lat="51.476802863180637" lon="104.01964810676873">
        <ele>810.04999999999995</ele>
        <time>2012-09-13T11:03:04Z</time>
      </trkpt>
      <trkpt lat="51.476790541782975" lon="104.01993971318007">
        <ele>803.79999999999995</ele>
        <time>2012-09-13T11:03:21Z</time>
      </trkpt>
      <trkpt lat="51.476791463792324" lon="104.01995111256838">
        <ele>803.79999999999995</ele>
        <time>2012-09-13T11:03:22Z</time>
      </trkpt>
      <trkpt lat="51.476784339174628" lon="104.02008731849492">
        <ele>798.02999999999997</ele>
        <time>2012-09-13T11:03:33Z</time>
      </trkpt>
      <trkpt lat="51.476738322526217" lon="104.02018781751394">
        <ele>794.19000000000005</ele>
        <time>2012-09-13T11:03:43Z</time>
      </trkpt>
      <trkpt lat="51.476680906489491" lon="104.02026149444282">
        <ele>790.82000000000005</ele>
        <time>2012-09-13T11:03:53Z</time>
      </trkpt>
      <trkpt lat="51.476678559556603" lon="104.02050490491092">
        <ele>784.09000000000003</ele>
        <time>2012-09-13T11:04:13Z</time>
      </trkpt>
      <trkpt lat="51.476632794365287" lon="104.02053139172494">
        <ele>784.09000000000003</ele>
        <time>2012-09-13T11:04:24Z</time>
      </trkpt>
      <trkpt lat="51.476601865142584" lon="104.02072953991592">
        <ele>782.16999999999996</ele>
        <time>2012-09-13T11:05:01Z</time>
      </trkpt>
      <trkpt lat="51.476615192368627" lon="104.02080891653895">
        <ele>780.25</ele>
        <time>2012-09-13T11:05:06Z</time>
      </trkpt>
      <trkpt lat="51.476636063307524" lon="104.02091788128018">
        <ele>778.32000000000005</ele>
        <time>2012-09-13T11:05:14Z</time>
      </trkpt>
      <trkpt lat="51.476709404960275" lon="104.02099516242743">
        <ele>774.48000000000002</ele>
        <time>2012-09-13T11:05:23Z</time>
      </trkpt>
      <trkpt lat="51.476752068847418" lon="104.0210241638124">
        <ele>771.11000000000001</ele>
        <time>2012-09-13T11:05:32Z</time>
      </trkpt>
      <trkpt lat="51.476754164323211" lon="104.02104872278869">
        <ele>769.66999999999996</ele>
        <time>2012-09-13T11:05:34Z</time>
      </trkpt>
      <trkpt lat="51.476873522624373" lon="104.0213727671653">
        <ele>764.38999999999999</ele>
        <time>2012-09-13T11:05:51Z</time>
      </trkpt>
      <trkpt lat="51.476877462118864" lon="104.02138207107782">
        <ele>764.38999999999999</ele>
        <time>2012-09-13T11:05:52Z</time>
      </trkpt>
      <trkpt lat="51.476922389119864" lon="104.02142431586981">
        <ele>760.53999999999996</ele>
        <time>2012-09-13T11:06:00Z</time>
      </trkpt>
      <trkpt lat="51.477001681923866" lon="104.02159522287548">
        <ele>756.69000000000005</ele>
        <time>2012-09-13T11:06:11Z</time>
      </trkpt>
      <trkpt lat="51.477016098797321" lon="104.02168943546712">
        <ele>753.80999999999995</ele>
        <time>2012-09-13T11:06:17Z</time>
      </trkpt>
      <trkpt lat="51.476954072713852" lon="104.02191775850952">
        <ele>749</ele>
        <time>2012-09-13T11:06:28Z</time>
      </trkpt>
      <trkpt lat="51.477117603644729" lon="104.02207458391786">
        <ele>748.03999999999996</ele>
        <time>2012-09-13T11:06:41Z</time>
      </trkpt>
      <trkpt lat="51.47721441462636" lon="104.02209646068513">
        <ele>744.20000000000005</ele>
        <time>2012-09-13T11:06:56Z</time>
      </trkpt>
      <trkpt lat="51.477396301925182" lon="104.02250407263637">
        <ele>740.35000000000002</ele>
        <time>2012-09-13T11:07:18Z</time>
      </trkpt>
      <trkpt lat="51.477396804839373" lon="104.0227562841028">
        <ele>737.95000000000005</ele>
        <time>2012-09-13T11:07:30Z</time>
      </trkpt>
      <trkpt lat="51.47740937769413" lon="104.02299617417157">
        <ele>735.07000000000005</ele>
        <time>2012-09-13T11:07:48Z</time>
      </trkpt>
      <trkpt lat="51.477548517286777" lon="104.02320806868374">
        <ele>731.22000000000003</ele>
        <time>2012-09-13T11:08:05Z</time>
      </trkpt>
      <trkpt lat="51.477576764300466" lon="104.02383922599256">
        <ele>727.37</ele>
        <time>2012-09-13T11:08:30Z</time>
      </trkpt>
      <trkpt lat="51.47759847342968" lon="104.02426896616817">
        <ele>724.00999999999999</ele>
        <time>2012-09-13T11:09:05Z</time>
      </trkpt>
      <trkpt lat="51.477615237236023" lon="104.02437591925263">
        <ele>724.00999999999999</ele>
        <time>2012-09-13T11:09:12Z</time>
      </trkpt>
      <trkpt lat="51.477797459810972" lon="104.02473608963192">
        <ele>726.88999999999999</ele>
        <time>2012-09-13T11:09:49Z</time>
      </trkpt>
      <trkpt lat="51.47790290415287" lon="104.02476886287332">
        <ele>724.97000000000003</ele>
        <time>2012-09-13T11:10:02Z</time>
      </trkpt>
      <trkpt lat="51.478013293817639" lon="104.02474648319185">
        <ele>722.57000000000005</ele>
        <time>2012-09-13T11:10:13Z</time>
      </trkpt>
      <trkpt lat="51.478162407875061" lon="104.02482041157782">
        <ele>719.67999999999995</ele>
        <time>2012-09-13T11:10:32Z</time>
      </trkpt>
      <trkpt lat="51.478410428389907" lon="104.02523104101419">
        <ele>718.24000000000001</ele>
        <time>2012-09-13T11:10:58Z</time>
      </trkpt>
      <trkpt lat="51.478577060624957" lon="104.0256502199918">
        <ele>714.88</ele>
        <time>2012-09-13T11:11:17Z</time>
      </trkpt>
      <trkpt lat="51.478581922128797" lon="104.02569732628763">
        <ele>714.88</ele>
        <time>2012-09-13T11:11:19Z</time>
      </trkpt>
      <trkpt lat="51.478681331500411" lon="104.02640492655337">
        <ele>711.50999999999999</ele>
        <time>2012-09-13T11:11:59Z</time>
      </trkpt>
      <trkpt lat="51.478726090863347" lon="104.02647826820612">
        <ele>709.59000000000003</ele>
        <time>2012-09-13T11:12:05Z</time>
      </trkpt>
      <trkpt lat="51.478755511343479" lon="104.02651338838041">
        <ele>709.59000000000003</ele>
        <time>2012-09-13T11:12:08Z</time>
      </trkpt>
      <trkpt lat="51.478832121938467" lon="104.02679518796504">
        <ele>713.44000000000005</ele>
        <time>2012-09-13T11:12:27Z</time>
      </trkpt>
      <trkpt lat="51.478862380608916" lon="104.02690448798239">
        <ele>712.95000000000005</ele>
        <time>2012-09-13T11:12:35Z</time>
      </trkpt>
      <trkpt lat="51.478928765282035" lon="104.02700708247721">
        <ele>709.11000000000001</ele>
        <time>2012-09-13T11:12:51Z</time>
      </trkpt>
      <trkpt lat="51.479081064462662" lon="104.02743020094931">
        <ele>707.19000000000005</ele>
        <time>2012-09-13T11:13:16Z</time>
      </trkpt>
      <trkpt lat="51.479180473834276" lon="104.02775935828686">
        <ele>706.71000000000004</ele>
        <time>2012-09-13T11:13:37Z</time>
      </trkpt>
      <trkpt lat="51.479391781613231" lon="104.0286670345813">
        <ele>704.77999999999997</ele>
        <time>2012-09-13T11:14:24Z</time>
      </trkpt>
      <trkpt lat="51.479367138817906" lon="104.0287502668798">
        <ele>708.63</ele>
        <time>2012-09-13T11:14:35Z</time>
      </trkpt>
      <trkpt lat="51.479329168796539" lon="104.0288573037833">
        <ele>714.88</ele>
        <time>2012-09-13T11:14:53Z</time>
      </trkpt>
      <trkpt lat="51.479345429688692" lon="104.02899233624339">
        <ele>709.59000000000003</ele>
        <time>2012-09-13T11:15:34Z</time>
      </trkpt>
      <trkpt lat="51.479349369183183" lon="104.02897833846509">
        <ele>706.23000000000002</ele>
        <time>2012-09-13T11:15:42Z</time>
      </trkpt>
      <trkpt lat="51.479397062212229" lon="104.02896517887712">
        <ele>703.82000000000005</ele>
        <time>2012-09-13T11:15:52Z</time>
      </trkpt>
      <trkpt lat="51.479498818516731" lon="104.02912560850382">
        <ele>702.38</ele>
        <time>2012-09-13T11:16:05Z</time>
      </trkpt>
      <trkpt lat="51.479533184319735" lon="104.02928821742535">
        <ele>703.82000000000005</ele>
        <time>2012-09-13T11:16:16Z</time>
      </trkpt>
      <trkpt lat="51.479545338079333" lon="104.02943833731115">
        <ele>704.77999999999997</ele>
        <time>2012-09-13T11:16:22Z</time>
      </trkpt>
      <trkpt lat="51.479572998359799" lon="104.02992909774184">
        <ele>703.34000000000003</ele>
        <time>2012-09-13T11:16:45Z</time>
      </trkpt>
      <trkpt lat="51.479561431333423" lon="104.029969163239">
        <ele>702.86000000000001</ele>
        <time>2012-09-13T11:16:48Z</time>
      </trkpt>
      <trkpt lat="51.479489514604211" lon="104.03038767166436">
        <ele>703.34000000000003</ele>
        <time>2012-09-13T11:17:06Z</time>
      </trkpt>
      <trkpt lat="51.479617841541767" lon="104.03103224001825">
        <ele>700.94000000000005</ele>
        <time>2012-09-13T11:17:35Z</time>
      </trkpt>
      <trkpt lat="51.479673162102699" lon="104.03157999739051">
        <ele>699.5</ele>
        <time>2012-09-13T11:17:59Z</time>
      </trkpt>
      <trkpt lat="51.47968053817749" lon="104.03171008452773">
        <ele>702.86000000000001</ele>
        <time>2012-09-13T11:18:10Z</time>
      </trkpt>
      <trkpt lat="51.479679280892015" lon="104.03171863406897">
        <ele>702.86000000000001</ele>
        <time>2012-09-13T11:18:11Z</time>
      </trkpt>
      <trkpt lat="51.479656985029578" lon="104.03177789412439">
        <ele>706.71000000000004</ele>
        <time>2012-09-13T11:18:23Z</time>
      </trkpt>
      <trkpt lat="51.479619015008211" lon="104.03190362267196">
        <ele>711.02999999999997</ele>
        <time>2012-09-13T11:18:39Z</time>
      </trkpt>
      <trkpt lat="51.479640137404203" lon="104.03205365873873">
        <ele>712.95000000000005</ele>
        <time>2012-09-13T11:18:54Z</time>
      </trkpt>
      <trkpt lat="51.479637287557125" lon="104.03224166482687">
        <ele>710.54999999999995</ele>
        <time>2012-09-13T11:19:13Z</time>
      </trkpt>
      <trkpt lat="51.479684058576822" lon="104.03220243752003">
        <ele>704.77999999999997</ele>
        <time>2012-09-13T11:19:27Z</time>
      </trkpt>
      <trkpt lat="51.479697218164802" lon="104.03221232816577">
        <ele>701.41999999999996</ele>
        <time>2012-09-13T11:19:36Z</time>
      </trkpt>
      <trkpt lat="51.479711132124066" lon="104.03230008669198">
        <ele>694.69000000000005</ele>
        <time>2012-09-13T11:19:54Z</time>
      </trkpt>
      <trkpt lat="51.479716496542096" lon="104.03230084106326">
        <ele>695.64999999999998</ele>
        <time>2012-09-13T11:19:55Z</time>
      </trkpt>
      <trkpt lat="51.479892935603857" lon="104.03267308138311">
        <ele>694.69000000000005</ele>
        <time>2012-09-13T11:20:25Z</time>
      </trkpt>
      <trkpt lat="51.47982076741755" lon="104.03374596498907">
        <ele>692.28999999999996</ele>
        <time>2012-09-13T11:21:21Z</time>
      </trkpt>
      <trkpt lat="51.47972253151238" lon="104.03412139043212">
        <ele>690.84000000000003</ele>
        <time>2012-09-13T11:21:40Z</time>
      </trkpt>
      <trkpt lat="51.47960334084928" lon="104.03433186002076">
        <ele>690.36000000000001</ele>
        <time>2012-09-13T11:21:53Z</time>
      </trkpt>
      <trkpt lat="51.479583978652954" lon="104.0343639627099">
        <ele>690.84000000000003</ele>
        <time>2012-09-13T11:21:55Z</time>
      </trkpt>
      <trkpt lat="51.479560760781169" lon="104.03456680476665">
        <ele>689.39999999999998</ele>
        <time>2012-09-13T11:22:06Z</time>
      </trkpt>
      <trkpt lat="51.479554977267981" lon="104.03462899848819">
        <ele>689.39999999999998</ele>
        <time>2012-09-13T11:22:09Z</time>
      </trkpt>
      <trkpt lat="51.479541901499033" lon="104.03506678529084">
        <ele>687.48000000000002</ele>
        <time>2012-09-13T11:22:30Z</time>
      </trkpt>
      <trkpt lat="51.479603759944439" lon="104.03541589155793">
        <ele>687</ele>
        <time>2012-09-13T11:22:47Z</time>
      </trkpt>
      <trkpt lat="51.47959353402257" lon="104.03560574166477">
        <ele>685.08000000000004</ele>
        <time>2012-09-13T11:22:58Z</time>
      </trkpt>
      <trkpt lat="51.479768212884665" lon="104.03558663092554">
        <ele>688.91999999999996</ele>
        <time>2012-09-13T11:23:25Z</time>
      </trkpt>
      <trkpt lat="51.47978556342423" lon="104.03560029342771">
        <ele>693.25</ele>
        <time>2012-09-13T11:23:41Z</time>
      </trkpt>
      <trkpt lat="51.479776259511709" lon="104.03569081798196">
        <ele>689.88</ele>
        <time>2012-09-13T11:23:56Z</time>
      </trkpt>
      <trkpt lat="51.479836190119386" lon="104.03581839054823">
        <ele>688.91999999999996</ele>
        <time>2012-09-13T11:24:11Z</time>
      </trkpt>
      <trkpt lat="51.479927385225892" lon="104.03592970222235">
        <ele>685.55999999999995</ele>
        <time>2012-09-13T11:24:28Z</time>
      </trkpt>
      <trkpt lat="51.480023860931396" lon="104.03601268306375">
        <ele>685.55999999999995</ele>
        <time>2012-09-13T11:24:45Z</time>
      </trkpt>
      <trkpt lat="51.480058562010527" lon="104.0364465303719">
        <ele>683.63</ele>
        <time>2012-09-13T11:25:05Z</time>
      </trkpt>
      <trkpt lat="51.479993937537074" lon="104.03681089170277">
        <ele>681.71000000000004</ele>
        <time>2012-09-13T11:25:22Z</time>
      </trkpt>
      <trkpt lat="51.479847421869636" lon="104.03702060692012">
        <ele>681.71000000000004</ele>
        <time>2012-09-13T11:25:35Z</time>
      </trkpt>
      <trkpt lat="51.479724459350109" lon="104.03756878338754">
        <ele>677.38999999999999</ele>
        <time>2012-09-13T11:26:05Z</time>
      </trkpt>
      <trkpt lat="51.479493537917733" lon="104.03774932958186">
        <ele>675.94000000000005</ele>
        <time>2012-09-13T11:26:24Z</time>
      </trkpt>
      <trkpt lat="51.479283571243286" lon="104.03824729844928">
        <ele>675.46000000000004</ele>
        <time>2012-09-13T11:26:56Z</time>
      </trkpt>
      <trkpt lat="51.479300167411566" lon="104.03844787739217">
        <ele>674.98000000000002</ele>
        <time>2012-09-13T11:27:17Z</time>
      </trkpt>
      <trkpt lat="51.479358337819576" lon="104.03867058455944">
        <ele>666.33000000000004</ele>
        <time>2012-09-13T11:28:35Z</time>
      </trkpt>
      <trkpt lat="51.479358673095703" lon="104.03867670334876">
        <ele>673.53999999999996</ele>
        <time>2012-09-13T11:28:36Z</time>
      </trkpt>
      <trkpt lat="51.479389434680343" lon="104.03887627646327">
        <ele>675.94000000000005</ele>
        <time>2012-09-13T11:29:36Z</time>
      </trkpt>
      <trkpt lat="51.479472164064646" lon="104.03895028866827">
        <ele>674.01999999999998</ele>
        <time>2012-09-13T11:29:43Z</time>
      </trkpt>
      <trkpt lat="51.479606106877327" lon="104.03906076215208">
        <ele>672.10000000000002</ele>
        <time>2012-09-13T11:29:52Z</time>
      </trkpt>
      <trkpt lat="51.480198120698333" lon="104.03923887759447">
        <ele>668.73000000000002</ele>
        <time>2012-09-13T11:30:20Z</time>
      </trkpt>
      <trkpt lat="51.481168074533343" lon="104.03927760198712">
        <ele>665.37</ele>
        <time>2012-09-13T11:31:00Z</time>
      </trkpt>
      <trkpt lat="51.482183458283544" lon="104.03891609050333">
        <ele>664.40999999999997</ele>
        <time>2012-09-13T11:31:54Z</time>
      </trkpt>
      <trkpt lat="51.482222769409418" lon="104.03889463283122">
        <ele>663.45000000000005</ele>
        <time>2012-09-13T11:31:56Z</time>
      </trkpt>
      <trkpt lat="51.482697771862149" lon="104.0388663019985">
        <ele>662.00999999999999</ele>
        <time>2012-09-13T11:32:22Z</time>
      </trkpt>
      <trkpt lat="51.4829939045012" lon="104.03896411880851">
        <ele>661.03999999999996</ele>
        <time>2012-09-13T11:32:38Z</time>
      </trkpt>
      <trkpt lat="51.483259359374642" lon="104.03900049626827">
        <ele>659.60000000000002</ele>
        <time>2012-09-13T11:32:53Z</time>
      </trkpt>
      <trkpt lat="51.483560772612691" lon="104.03964967466891">
        <ele>658.63999999999999</ele>
        <time>2012-09-13T11:33:37Z</time>
      </trkpt>
      <trkpt lat="51.483671078458428" lon="104.04002459719777">
        <ele>657.20000000000005</ele>
        <time>2012-09-13T11:33:58Z</time>
      </trkpt>
      <trkpt lat="51.483681136742234" lon="104.0401454642415">
        <ele>656.72000000000003</ele>
        <time>2012-09-13T11:34:05Z</time>
      </trkpt>
      <trkpt lat="51.4837537240237" lon="104.04028259217739">
        <ele>656.72000000000003</ele>
        <time>2012-09-13T11:34:14Z</time>
      </trkpt>
      <trkpt lat="51.483930917456746" lon="104.04107669368386">
        <ele>655.27999999999997</ele>
        <time>2012-09-13T11:34:55Z</time>
      </trkpt>
      <trkpt lat="51.484240628778934" lon="104.04165680520236">
        <ele>653.83000000000004</ele>
        <time>2012-09-13T11:35:24Z</time>
      </trkpt>
      <trkpt lat="51.484660813584924" lon="104.04229818843305">
        <ele>651.90999999999997</ele>
        <time>2012-09-13T11:35:45Z</time>
      </trkpt>
      <trkpt lat="51.485280068591237" lon="104.04280889779329">
        <ele>650.95000000000005</ele>
        <time>2012-09-13T11:36:27Z</time>
      </trkpt>
      <trkpt lat="51.485559269785881" lon="104.04280143789947">
        <ele>649.99000000000001</ele>
        <time>2012-09-13T11:36:45Z</time>
      </trkpt>
      <trkpt lat="51.48628774099052" lon="104.04295256361365">
        <ele>646.13999999999999</ele>
        <time>2012-09-13T11:37:28Z</time>
      </trkpt>
      <trkpt lat="51.486735921353102" lon="104.04293420724571">
        <ele>649.99000000000001</ele>
        <time>2012-09-13T11:37:55Z</time>
      </trkpt>
      <trkpt lat="51.486965334042907" lon="104.04295658692718">
        <ele>649.50999999999999</ele>
        <time>2012-09-13T11:38:10Z</time>
      </trkpt>
      <trkpt lat="51.487126518040895" lon="104.0431575011462">
        <ele>646.62</ele>
        <time>2012-09-13T11:38:20Z</time>
      </trkpt>
      <trkpt lat="51.487174713984132" lon="104.04316378757358">
        <ele>646.13999999999999</ele>
        <time>2012-09-13T11:38:23Z</time>
      </trkpt>
      <trkpt lat="51.487377975136042" lon="104.04324718751013">
        <ele>645.17999999999995</ele>
        <time>2012-09-13T11:38:35Z</time>
      </trkpt>
      <trkpt lat="51.487951464951038" lon="104.04351565986872">
        <ele>641.82000000000005</ele>
        <time>2012-09-13T11:39:03Z</time>
      </trkpt>
      <trkpt lat="51.488200910389423" lon="104.04336922802031">
        <ele>640.86000000000001</ele>
        <time>2012-09-13T11:39:14Z</time>
      </trkpt>
      <trkpt lat="51.488336361944675" lon="104.04322757385671">
        <ele>640.38</ele>
        <time>2012-09-13T11:39:22Z</time>
      </trkpt>
      <trkpt lat="51.48844406940043" lon="104.04312179423869">
        <ele>640.38</ele>
        <time>2012-09-13T11:39:29Z</time>
      </trkpt>
      <trkpt lat="51.488731736317277" lon="104.04310427606106">
        <ele>638.92999999999995</ele>
        <time>2012-09-13T11:39:51Z</time>
      </trkpt>
      <trkpt lat="51.489028539508581" lon="104.04331801459193">
        <ele>637.00999999999999</ele>
        <time>2012-09-13T11:40:15Z</time>
      </trkpt>
      <trkpt lat="51.489170528948307" lon="104.04350685887039">
        <ele>636.04999999999995</ele>
        <time>2012-09-13T11:41:13Z</time>
      </trkpt>
      <trkpt lat="51.48925568908453" lon="104.04369033873081">
        <ele>637.00999999999999</ele>
        <time>2012-09-13T11:41:23Z</time>
      </trkpt>
      <trkpt lat="51.48931821808219" lon="104.04387960210443">
        <ele>637.00999999999999</ele>
        <time>2012-09-13T11:41:33Z</time>
      </trkpt>
      <trkpt lat="51.489941915497184" lon="104.04486497864127">
        <ele>635.09000000000003</ele>
        <time>2012-09-13T11:42:31Z</time>
      </trkpt>
      <trkpt lat="51.4901811350137" lon="104.04525901190937">
        <ele>634.13</ele>
        <time>2012-09-13T11:42:52Z</time>
      </trkpt>
      <trkpt lat="51.490206783637404" lon="104.04529790394008">
        <ele>634.61000000000001</ele>
        <time>2012-09-13T11:42:55Z</time>
      </trkpt>
      <trkpt lat="51.49076359346509" lon="104.04589209705591">
        <ele>633.16999999999996</ele>
        <time>2012-09-13T11:43:42Z</time>
      </trkpt>
      <trkpt lat="51.490916982293129" lon="104.04600433073938">
        <ele>631.72000000000003</ele>
        <time>2012-09-13T11:43:54Z</time>
      </trkpt>
      <trkpt lat="51.491132061928511" lon="104.04629602096975">
        <ele>634.13</ele>
        <time>2012-09-13T11:44:21Z</time>
      </trkpt>
      <trkpt lat="51.491265837103128" lon="104.04651537537575">
        <ele>631.72000000000003</ele>
        <time>2012-09-13T11:44:36Z</time>
      </trkpt>
      <trkpt lat="51.492114337161183" lon="104.04695676639676">
        <ele>629.79999999999995</ele>
        <time>2012-09-13T11:45:37Z</time>
      </trkpt>
      <trkpt lat="51.492261691018939" lon="104.04699389822781">
        <ele>630.75999999999999</ele>
        <time>2012-09-13T11:45:47Z</time>
      </trkpt>
      <trkpt lat="51.492935679852962" lon="104.04703631065786">
        <ele>627.39999999999998</ele>
        <time>2012-09-13T11:46:27Z</time>
      </trkpt>
      <trkpt lat="51.493813935667276" lon="104.04750762507319">
        <ele>624.50999999999999</ele>
        <time>2012-09-13T11:47:18Z</time>
      </trkpt>
      <trkpt lat="51.49431835860014" lon="104.04839250259101">
        <ele>623.07000000000005</ele>
        <time>2012-09-13T11:48:05Z</time>
      </trkpt>
      <trkpt lat="51.494437465444207" lon="104.04870397411287">
        <ele>622.59000000000003</ele>
        <time>2012-09-13T11:48:19Z</time>
      </trkpt>
      <trkpt lat="51.494525307789445" lon="104.04881427995861">
        <ele>622.11000000000001</ele>
        <time>2012-09-13T11:48:26Z</time>
      </trkpt>
      <trkpt lat="51.494835270568728" lon="104.04905601404607">
        <ele>619.23000000000002</ele>
        <time>2012-09-13T11:48:51Z</time>
      </trkpt>
      <trkpt lat="51.495059737935662" lon="104.04955448582768">
        <ele>619.23000000000002</ele>
        <time>2012-09-13T11:49:15Z</time>
      </trkpt>
      <trkpt lat="51.495096534490585" lon="104.04963537119329">
        <ele>619.71000000000004</ele>
        <time>2012-09-13T11:49:20Z</time>
      </trkpt>
      <trkpt lat="51.495419992133975" lon="104.0496538951993">
        <ele>624.02999999999997</ele>
        <time>2012-09-13T11:49:53Z</time>
      </trkpt>
      <trkpt lat="51.495447233319283" lon="104.04961776919663">
        <ele>627.39999999999998</ele>
        <time>2012-09-13T11:50:06Z</time>
      </trkpt>
      <trkpt lat="51.495488807559013" lon="104.04961567372084">
        <ele>628.84000000000003</ele>
        <time>2012-09-13T11:50:10Z</time>
      </trkpt>
      <trkpt lat="51.495635323226452" lon="104.04949933290482">
        <ele>632.20000000000005</ele>
        <time>2012-09-13T11:50:24Z</time>
      </trkpt>
      <trkpt lat="51.495709586888552" lon="104.04944191686809">
        <ele>633.64999999999998</ele>
        <time>2012-09-13T11:50:31Z</time>
      </trkpt>
      <trkpt lat="51.49577890522778" lon="104.04936497099698">
        <ele>634.13</ele>
        <time>2012-09-13T11:50:38Z</time>
      </trkpt>
      <trkpt lat="51.496155336499214" lon="104.04962765984237">
        <ele>637.00999999999999</ele>
        <time>2012-09-13T11:51:18Z</time>
      </trkpt>
      <trkpt lat="51.496304282918572" lon="104.04972648248076">
        <ele>633.16999999999996</ele>
        <time>2012-09-13T11:51:32Z</time>
      </trkpt>
      <trkpt lat="51.496477788314223" lon="104.04986746609211">
        <ele>630.27999999999997</ele>
        <time>2012-09-13T11:51:40Z</time>
      </trkpt>
      <trkpt lat="51.496530259028077" lon="104.04991147108376">
        <ele>629.32000000000005</ele>
        <time>2012-09-13T11:51:42Z</time>
      </trkpt>
      <trkpt lat="51.496714660897851" lon="104.05005002394319">
        <ele>625.47000000000003</ele>
        <time>2012-09-13T11:51:51Z</time>
      </trkpt>
      <trkpt lat="51.496908534318209" lon="104.05028362758458">
        <ele>622.11000000000001</ele>
        <time>2012-09-13T11:52:01Z</time>
      </trkpt>
      <trkpt lat="51.497178934514523" lon="104.05063239857554">
        <ele>618.75</ele>
        <time>2012-09-13T11:52:18Z</time>
      </trkpt>
      <trkpt lat="51.497421422973275" lon="104.05089282430708">
        <ele>614.41999999999996</ele>
        <time>2012-09-13T11:52:33Z</time>
      </trkpt>
      <trkpt lat="51.497544217854738" lon="104.05109348706901">
        <ele>611.05999999999995</ele>
        <time>2012-09-13T11:52:44Z</time>
      </trkpt>
      <trkpt lat="51.497698193415999" lon="104.05137277208269">
        <ele>608.64999999999998</ele>
        <time>2012-09-13T11:52:56Z</time>
      </trkpt>
      <trkpt lat="51.497843032702804" lon="104.05153001658618">
        <ele>608.64999999999998</ele>
        <time>2012-09-13T11:53:09Z</time>
      </trkpt>
      <trkpt lat="51.498238490894437" lon="104.05190443620086">
        <ele>608.16999999999996</ele>
        <time>2012-09-13T11:53:42Z</time>
      </trkpt>
      <trkpt lat="51.498407637700438" lon="104.05204600654542">
        <ele>608.16999999999996</ele>
        <time>2012-09-13T11:53:59Z</time>
      </trkpt>
      <trkpt lat="51.498648533597589" lon="104.05206033959985">
        <ele>607.21000000000004</ele>
        <time>2012-09-13T11:54:14Z</time>
      </trkpt>
      <trkpt lat="51.498992862179875" lon="104.052430735901">
        <ele>603.85000000000002</ele>
        <time>2012-09-13T11:54:39Z</time>
      </trkpt>
      <trkpt lat="51.499011721462011" lon="104.05248119495809">
        <ele>603.85000000000002</ele>
        <time>2012-09-13T11:54:41Z</time>
      </trkpt>
      <trkpt lat="51.499698031693697" lon="104.05298209749162">
        <ele>601.91999999999996</ele>
        <time>2012-09-13T11:55:32Z</time>
      </trkpt>
      <trkpt lat="51.500085862353444" lon="104.05318351462483">
        <ele>600.48000000000002</ele>
        <time>2012-09-13T11:55:58Z</time>
      </trkpt>
      <trkpt lat="51.500143362209201" lon="104.05322223901749">
        <ele>600.96000000000004</ele>
        <time>2012-09-13T11:56:03Z</time>
      </trkpt>
      <trkpt lat="51.500677540898323" lon="104.05411558225751">
        <ele>597.12</ele>
        <time>2012-09-13T11:56:49Z</time>
      </trkpt>
      <trkpt lat="51.500793630257249" lon="104.05427257530391">
        <ele>597.12</ele>
        <time>2012-09-13T11:57:01Z</time>
      </trkpt>
      <trkpt lat="51.500851716846228" lon="104.05443702824414">
        <ele>596.63999999999999</ele>
        <time>2012-09-13T11:57:08Z</time>
      </trkpt>
      <trkpt lat="51.500856913626194" lon="104.05445496551692">
        <ele>596.63999999999999</ele>
        <time>2012-09-13T11:57:09Z</time>
      </trkpt>
      <trkpt lat="51.501640537753701" lon="104.0551037248224">
        <ele>595.19000000000005</ele>
        <time>2012-09-13T11:58:05Z</time>
      </trkpt>
      <trkpt lat="51.501816641539335" lon="104.05517254024744">
        <ele>597.12</ele>
        <time>2012-09-13T11:58:17Z</time>
      </trkpt>
      <trkpt lat="51.501976735889912" lon="104.05510137788951">
        <ele>600.48000000000002</ele>
        <time>2012-09-13T11:58:36Z</time>
      </trkpt>
      <trkpt lat="51.502221403643489" lon="104.0553648211062">
        <ele>600</ele>
        <time>2012-09-13T11:59:56Z</time>
      </trkpt>
      <trkpt lat="51.502217715606093" lon="104.05536834150553">
        <ele>596.14999999999998</ele>
        <time>2012-09-13T12:00:15Z</time>
      </trkpt>
      <trkpt lat="51.502217799425125" lon="104.05536767095327">
        <ele>600</ele>
        <time>2012-09-13T12:00:16Z</time>
      </trkpt>
      <trkpt lat="51.502331793308258" lon="104.05539642088115">
        <ele>601.44000000000005</ele>
        <time>2012-09-13T12:00:51Z</time>
      </trkpt>
      <trkpt lat="51.502537988126278" lon="104.05535442754626">
        <ele>604.33000000000004</ele>
        <time>2012-09-13T12:01:12Z</time>
      </trkpt>
      <trkpt lat="51.502627925947309" lon="104.05556037090719">
        <ele>605.76999999999998</ele>
        <time>2012-09-13T12:01:23Z</time>
      </trkpt>
      <trkpt lat="51.5026646386832" lon="104.05571166425943">
        <ele>605.28999999999996</ele>
        <time>2012-09-13T12:01:28Z</time>
      </trkpt>
      <trkpt lat="51.50269003584981" lon="104.05616956762969">
        <ele>602.39999999999998</ele>
        <time>2012-09-13T12:01:53Z</time>
      </trkpt>
      <trkpt lat="51.502686431631446" lon="104.05619261786342">
        <ele>602.39999999999998</ele>
        <time>2012-09-13T12:01:54Z</time>
      </trkpt>
      <trkpt lat="51.502675116062164" lon="104.05663903802633">
        <ele>599.03999999999996</ele>
        <time>2012-09-13T12:02:14Z</time>
      </trkpt>
      <trkpt lat="51.502715265378356" lon="104.05694196000695">
        <ele>597.60000000000002</ele>
        <time>2012-09-13T12:02:32Z</time>
      </trkpt>
      <trkpt lat="51.502876114100218" lon="104.05706257559359">
        <ele>595.66999999999996</ele>
        <time>2012-09-13T12:02:43Z</time>
      </trkpt>
      <trkpt lat="51.50295440107584" lon="104.05722912400961">
        <ele>594.71000000000004</ele>
        <time>2012-09-13T12:03:03Z</time>
      </trkpt>
      <trkpt lat="51.503067137673497" lon="104.05736206099391">
        <ele>594.23000000000002</ele>
        <time>2012-09-13T12:03:23Z</time>
      </trkpt>
      <trkpt lat="51.503247264772654" lon="104.05756238847971">
        <ele>590.87</ele>
        <time>2012-09-13T12:03:41Z</time>
      </trkpt>
      <trkpt lat="51.50328716263175" lon="104.05763983726501">
        <ele>589.90999999999997</ele>
        <time>2012-09-13T12:03:47Z</time>
      </trkpt>
      <trkpt lat="51.503332676365972" lon="104.05765081755817">
        <ele>589.90999999999997</ele>
        <time>2012-09-13T12:03:51Z</time>
      </trkpt>
      <trkpt lat="51.503575164824724" lon="104.05758116394281">
        <ele>586.53999999999996</ele>
        <time>2012-09-13T12:04:10Z</time>
      </trkpt>
      <trkpt lat="51.503611793741584" lon="104.05750907957554">
        <ele>586.53999999999996</ele>
        <time>2012-09-13T12:04:14Z</time>
      </trkpt>
      <trkpt lat="51.503778090700507" lon="104.05748535878956">
        <ele>585.58000000000004</ele>
        <time>2012-09-13T12:04:31Z</time>
      </trkpt>
      <trkpt lat="51.50425367988646" lon="104.05748049728572">
        <ele>582.70000000000005</ele>
        <time>2012-09-13T12:05:03Z</time>
      </trkpt>
      <trkpt lat="51.504466161131859" lon="104.05763019807637">
        <ele>582.22000000000003</ele>
        <time>2012-09-13T12:05:15Z</time>
      </trkpt>
      <trkpt lat="51.504681995138526" lon="104.05761226080358">
        <ele>580.28999999999996</ele>
        <time>2012-09-13T12:05:42Z</time>
      </trkpt>
      <trkpt lat="51.504695070907474" lon="104.05763128772378">
        <ele>580.28999999999996</ele>
        <time>2012-09-13T12:05:43Z</time>
      </trkpt>
      <trkpt lat="51.505030514672399" lon="104.05789523385465">
        <ele>579.80999999999995</ele>
        <time>2012-09-13T12:06:27Z</time>
      </trkpt>
      <trkpt lat="51.505259508267045" lon="104.05787629075348">
        <ele>579.33000000000004</ele>
        <time>2012-09-13T12:07:23Z</time>
      </trkpt>
      <trkpt lat="51.505402838811278" lon="104.0579704195261">
        <ele>578.85000000000002</ele>
        <time>2012-09-13T12:07:42Z</time>
      </trkpt>
      <trkpt lat="51.505684889853001" lon="104.05869662761688">
        <ele>578.37</ele>
        <time>2012-09-13T12:08:19Z</time>
      </trkpt>
      <trkpt lat="51.505832998082042" lon="104.05880919657648">
        <ele>580.28999999999996</ele>
        <time>2012-09-13T12:08:31Z</time>
      </trkpt>
      <trkpt lat="51.505945399403572" lon="104.05909460037947">
        <ele>576.92999999999995</ele>
        <time>2012-09-13T12:08:46Z</time>
      </trkpt>
      <trkpt lat="51.506131058558822" lon="104.0596954151988">
        <ele>575.00999999999999</ele>
        <time>2012-09-13T12:09:14Z</time>
      </trkpt>
      <trkpt lat="51.506350580602884" lon="104.06048096716404">
        <ele>571.63999999999999</ele>
        <time>2012-09-13T12:09:51Z</time>
      </trkpt>
      <trkpt lat="51.506398105993867" lon="104.06059722416103">
        <ele>571.63999999999999</ele>
        <time>2012-09-13T12:09:58Z</time>
      </trkpt>
      <trkpt lat="51.506547136232257" lon="104.06082948669791">
        <ele>570.67999999999995</ele>
        <time>2012-09-13T12:10:14Z</time>
      </trkpt>
      <trkpt lat="51.506763640791178" lon="104.06104045920074">
        <ele>569.24000000000001</ele>
        <time>2012-09-13T12:10:34Z</time>
      </trkpt>
      <trkpt lat="51.506957011297345" lon="104.06123198568821">
        <ele>567.79999999999995</ele>
        <time>2012-09-13T12:10:56Z</time>
      </trkpt>
      <trkpt lat="51.507055833935738" lon="104.06127490103245">
        <ele>567.79999999999995</ele>
        <time>2012-09-13T12:11:03Z</time>
      </trkpt>
      <trkpt lat="51.507223639637232" lon="104.06138093210757">
        <ele>569.72000000000003</ele>
        <time>2012-09-13T12:11:16Z</time>
      </trkpt>
      <trkpt lat="51.507334364578128" lon="104.06148319132626">
        <ele>567.32000000000005</ele>
        <time>2012-09-13T12:11:27Z</time>
      </trkpt>
      <trkpt lat="51.507354564964771" lon="104.06148528680205">
        <ele>567.32000000000005</ele>
        <time>2012-09-13T12:11:29Z</time>
      </trkpt>
      <trkpt lat="51.507510468363762" lon="104.06156675890088">
        <ele>571.15999999999997</ele>
        <time>2012-09-13T12:12:04Z</time>
      </trkpt>
      <trkpt lat="51.507537038996816" lon="104.06158000230789">
        <ele>574.52999999999997</ele>
        <time>2012-09-13T12:12:13Z</time>
      </trkpt>
      <trkpt lat="51.507711634039879" lon="104.06169433146715">
        <ele>579.33000000000004</ele>
        <time>2012-09-13T12:12:40Z</time>
      </trkpt>
      <trkpt lat="51.507739797234535" lon="104.06172291375697">
        <ele>579.33000000000004</ele>
        <time>2012-09-13T12:12:42Z</time>
      </trkpt>
      <trkpt lat="51.508133327588439" lon="104.06204762868583">
        <ele>578.37</ele>
        <time>2012-09-13T12:13:21Z</time>
      </trkpt>
      <trkpt lat="51.508205663412809" lon="104.06213848851621">
        <ele>576.45000000000005</ele>
        <time>2012-09-13T12:13:27Z</time>
      </trkpt>
      <trkpt lat="51.508256541565061" lon="104.06215709634125">
        <ele>576.92999999999995</ele>
        <time>2012-09-13T12:13:30Z</time>
      </trkpt>
      <trkpt lat="51.508405571803451" lon="104.06231199391186">
        <ele>572.60000000000002</ele>
        <time>2012-09-13T12:13:45Z</time>
      </trkpt>
      <trkpt lat="51.508450331166387" lon="104.06236060895026">
        <ele>571.15999999999997</ele>
        <time>2012-09-13T12:13:48Z</time>
      </trkpt>
      <trkpt lat="51.508463239297271" lon="104.06237410381436">
        <ele>571.15999999999997</ele>
        <time>2012-09-13T12:13:49Z</time>
      </trkpt>
      <trkpt lat="51.508679408580065" lon="104.06251760199666">
        <ele>567.79999999999995</ele>
        <time>2012-09-13T12:14:09Z</time>
      </trkpt>
      <trkpt lat="51.508824331685901" lon="104.06267476268113">
        <ele>564.42999999999995</ele>
        <time>2012-09-13T12:14:21Z</time>
      </trkpt>
      <trkpt lat="51.508882837370038" lon="104.0627124812454">
        <ele>564.42999999999995</ele>
        <time>2012-09-13T12:14:26Z</time>
      </trkpt>
      <trkpt lat="51.509098168462515" lon="104.06290811486542">
        <ele>562.50999999999999</ele>
        <time>2012-09-13T12:14:43Z</time>
      </trkpt>
      <trkpt lat="51.509329592809081" lon="104.06316527165473">
        <ele>560.11000000000001</ele>
        <time>2012-09-13T12:15:03Z</time>
      </trkpt>
      <trkpt lat="51.509462362155318" lon="104.06325235962868">
        <ele>559.62</ele>
        <time>2012-09-13T12:15:14Z</time>
      </trkpt>
      <trkpt lat="51.509659504517913" lon="104.06352720223367">
        <ele>558.65999999999997</ele>
        <time>2012-09-13T12:15:44Z</time>
      </trkpt>
      <trkpt lat="51.509849103167653" lon="104.06375552527606">
        <ele>557.70000000000005</ele>
        <time>2012-09-13T12:16:10Z</time>
      </trkpt>
      <trkpt lat="51.509953876957297" lon="104.06381453387439">
        <ele>557.22000000000003</ele>
        <time>2012-09-13T12:16:24Z</time>
      </trkpt>
      <trkpt lat="51.51011330075562" lon="104.06394143588841">
        <ele>562.50999999999999</ele>
        <time>2012-09-13T12:16:43Z</time>
      </trkpt>
      <trkpt lat="51.510261073708534" lon="104.06401787884533">
        <ele>565.38999999999999</ele>
        <time>2012-09-13T12:16:53Z</time>
      </trkpt>
      <trkpt lat="51.510693999007344" lon="104.0644274186343">
        <ele>567.79999999999995</ele>
        <time>2012-09-13T12:17:41Z</time>
      </trkpt>
      <trkpt lat="51.510789636522532" lon="104.06457812525332">
        <ele>562.99000000000001</ele>
        <time>2012-09-13T12:17:54Z</time>
      </trkpt>
      <trkpt lat="51.510871108621359" lon="104.06464526429772">
        <ele>563.47000000000003</ele>
        <time>2012-09-13T12:18:03Z</time>
      </trkpt>
      <trkpt lat="51.510953167453408" lon="104.0646465215832">
        <ele>566.35000000000002</ele>
        <time>2012-09-13T12:18:18Z</time>
      </trkpt>
      <trkpt lat="51.51103287935257" lon="104.06479228287935">
        <ele>563.95000000000005</ele>
        <time>2012-09-13T12:18:36Z</time>
      </trkpt>
      <trkpt lat="51.511064311489463" lon="104.06499093398452">
        <ele>559.62</ele>
        <time>2012-09-13T12:18:49Z</time>
      </trkpt>
      <trkpt lat="51.511188196018338" lon="104.06512361951172">
        <ele>558.65999999999997</ele>
        <time>2012-09-13T12:19:04Z</time>
      </trkpt>
      <trkpt lat="51.511287186294794" lon="104.06522311270237">
        <ele>561.07000000000005</ele>
        <time>2012-09-13T12:19:16Z</time>
      </trkpt>
      <trkpt lat="51.511445101350546" lon="104.06537616625428">
        <ele>562.02999999999997</ele>
        <time>2012-09-13T12:19:35Z</time>
      </trkpt>
      <trkpt lat="51.511553898453712" lon="104.06556501053274">
        <ele>557.70000000000005</ele>
        <time>2012-09-13T12:19:48Z</time>
      </trkpt>
      <trkpt lat="51.51183620095253" lon="104.06598586589098">
        <ele>554.82000000000005</ele>
        <time>2012-09-13T12:20:40Z</time>
      </trkpt>
      <trkpt lat="51.511934939771891" lon="104.06621569767594">
        <ele>553.86000000000001</ele>
        <time>2012-09-13T12:20:59Z</time>
      </trkpt>
      <trkpt lat="51.512548914179206" lon="104.06679153442383">
        <ele>551.45000000000005</ele>
        <time>2012-09-13T12:21:25Z</time>
      </trkpt>
      <trkpt lat="51.512649580836296" lon="104.06690812669694">
        <ele>551.45000000000005</ele>
        <time>2012-09-13T12:21:35Z</time>
      </trkpt>
      <trkpt lat="51.512744463980198" lon="104.06706562265754">
        <ele>550.49000000000001</ele>
        <time>2012-09-13T12:21:47Z</time>
      </trkpt>
      <trkpt lat="51.513025593012571" lon="104.06724776141346">
        <ele>549.52999999999997</ele>
        <time>2012-09-13T12:22:00Z</time>
      </trkpt>
      <trkpt lat="51.513062138110399" lon="104.06729629263282">
        <ele>549.52999999999997</ele>
        <time>2012-09-13T12:23:57Z</time>
      </trkpt>
      <trkpt lat="51.513860430568457" lon="104.06790909357369">
        <ele>547.13</ele>
        <time>2012-09-13T12:25:56Z</time>
      </trkpt>
      <trkpt lat="51.513874512165785" lon="104.06794178299606">
        <ele>547.13</ele>
        <time>2012-09-13T12:25:58Z</time>
      </trkpt>
      <trkpt lat="51.514172237366438" lon="104.06846757978201">
        <ele>545.20000000000005</ele>
        <time>2012-09-13T12:26:37Z</time>
      </trkpt>
      <trkpt lat="51.514485888183117" lon="104.06908214092255">
        <ele>543.75999999999999</ele>
        <time>2012-09-13T12:27:14Z</time>
      </trkpt>
      <trkpt lat="51.515280660241842" lon="104.06951364129782">
        <ele>539.44000000000005</ele>
        <time>2012-09-13T12:28:33Z</time>
      </trkpt>
      <trkpt lat="51.515339836478233" lon="104.06950869597495">
        <ele>538.48000000000002</ele>
        <time>2012-09-13T12:28:37Z</time>
      </trkpt>
      <trkpt lat="51.515673520043492" lon="104.06898398883641">
        <ele>536.07000000000005</ele>
        <time>2012-09-13T12:29:09Z</time>
      </trkpt>
      <trkpt lat="51.515792459249496" lon="104.06870503909886">
        <ele>535.11000000000001</ele>
        <time>2012-09-13T12:29:24Z</time>
      </trkpt>
      <trkpt lat="51.516389669850469" lon="104.06876069493592">
        <ele>534.14999999999998</ele>
        <time>2012-09-13T12:30:11Z</time>
      </trkpt>
      <trkpt lat="51.517465738579631" lon="104.06908876262605">
        <ele>537.50999999999999</ele>
        <time>2012-09-13T12:31:35Z</time>
      </trkpt>
      <trkpt lat="51.518089268356562" lon="104.06923712231219">
        <ele>541.36000000000001</ele>
        <time>2012-09-13T12:32:25Z</time>
      </trkpt>
      <trkpt lat="51.519846618175507" lon="104.06934700906277">
        <ele>537.50999999999999</ele>
        <time>2012-09-13T12:34:24Z</time>
      </trkpt>
      <trkpt lat="51.520541058853269" lon="104.06951934099197">
        <ele>532.23000000000002</ele>
        <time>2012-09-13T12:35:13Z</time>
      </trkpt>
      <trkpt lat="51.521070124581456" lon="104.06988747417927">
        <ele>528.86000000000001</ele>
        <time>2012-09-13T12:35:57Z</time>
      </trkpt>
      <trkpt lat="51.521261567249894" lon="104.06999853439629">
        <ele>527.41999999999996</ele>
        <time>2012-09-13T12:36:12Z</time>
      </trkpt>
      <trkpt lat="51.521713603287935" lon="104.06991672702134">
        <ele>525.5</ele>
        <time>2012-09-13T12:36:43Z</time>
      </trkpt>
      <trkpt lat="51.521915858611465" lon="104.06994388438761">
        <ele>524.53999999999996</ele>
        <time>2012-09-13T12:36:54Z</time>
      </trkpt>
      <trkpt lat="51.522327326238155" lon="104.06996408477426">
        <ele>523.09000000000003</ele>
        <time>2012-09-13T12:37:19Z</time>
      </trkpt>
      <trkpt lat="51.522842813283205" lon="104.07027396373451">
        <ele>520.69000000000005</ele>
        <time>2012-09-13T12:37:55Z</time>
      </trkpt>
      <trkpt lat="51.52336198836565" lon="104.07048158347607">
        <ele>518.28999999999996</ele>
        <time>2012-09-13T12:38:29Z</time>
      </trkpt>
      <trkpt lat="51.524295816197991" lon="104.07089011743665">
        <ele>514.91999999999996</ele>
        <time>2012-09-13T12:39:35Z</time>
      </trkpt>
      <trkpt lat="51.524441326037049" lon="104.07095080241561">
        <ele>514.44000000000005</ele>
        <time>2012-09-13T12:39:44Z</time>
      </trkpt>
      <trkpt lat="51.525612361729145" lon="104.07152119092643">
        <ele>513.48000000000002</ele>
        <time>2012-09-13T12:41:13Z</time>
      </trkpt>
      <trkpt lat="51.526434207335114" lon="104.0719944331795">
        <ele>511.07999999999998</ele>
        <time>2012-09-13T12:42:57Z</time>
      </trkpt>
      <trkpt lat="51.526473434641957" lon="104.07208026386797">
        <ele>510.12</ele>
        <time>2012-09-13T12:43:02Z</time>
      </trkpt>
      <trkpt lat="51.526531605049968" lon="104.07221588306129">
        <ele>508.67000000000002</ele>
        <time>2012-09-13T12:43:09Z</time>
      </trkpt>
      <trkpt lat="51.526474105194211" lon="104.07276506535709">
        <ele>508.19</ele>
        <time>2012-09-13T12:43:34Z</time>
      </trkpt>
      <trkpt lat="51.526189120486379" lon="104.07378472387791">
        <ele>508.19</ele>
        <time>2012-09-13T12:44:23Z</time>
      </trkpt>
      <trkpt lat="51.525891982018948" lon="104.07463741488755">
        <ele>507.70999999999998</ele>
        <time>2012-09-13T12:45:05Z</time>
      </trkpt>
      <trkpt lat="51.52576457709074" lon="104.07492675818503">
        <ele>507.70999999999998</ele>
        <time>2012-09-13T12:45:21Z</time>
      </trkpt>
      <trkpt lat="51.525319330394268" lon="104.07632318325341">
        <ele>507.70999999999998</ele>
        <time>2012-09-13T12:46:35Z</time>
      </trkpt>
      <trkpt lat="51.524828234687448" lon="104.07771022059023">
        <ele>507.23000000000002</ele>
        <time>2012-09-13T12:47:42Z</time>
      </trkpt>
      <trkpt lat="51.524993358179927" lon="104.07950336113572">
        <ele>504.82999999999998</ele>
        <time>2012-09-13T12:49:01Z</time>
      </trkpt>
      <trkpt lat="51.52502671815455" lon="104.07961408607662">
        <ele>504.82999999999998</ele>
        <time>2012-09-13T12:49:06Z</time>
      </trkpt>
      <trkpt lat="51.525596939027309" lon="104.08121737651527">
        <ele>501.45999999999998</ele>
        <time>2012-09-13T12:50:24Z</time>
      </trkpt>
      <trkpt lat="51.525634741410613" lon="104.08131360076368">
        <ele>501.45999999999998</ele>
        <time>2012-09-13T12:50:29Z</time>
      </trkpt>
      <trkpt lat="51.525909164920449" lon="104.08197719603777">
        <ele>499.54000000000002</ele>
        <time>2012-09-13T12:51:05Z</time>
      </trkpt>
      <trkpt lat="51.526082586497068" lon="104.08216101117432">
        <ele>499.06</ele>
        <time>2012-09-13T12:51:19Z</time>
      </trkpt>
      <trkpt lat="51.526204962283373" lon="104.08245471306145">
        <ele>498.57999999999998</ele>
        <time>2012-09-13T12:51:33Z</time>
      </trkpt>
      <trkpt lat="51.527178771793842" lon="104.08473174087703">
        <ele>495.22000000000003</ele>
        <time>2012-09-13T12:53:29Z</time>
      </trkpt>
      <trkpt lat="51.527307014912367" lon="104.08485529012978">
        <ele>494.74000000000001</ele>
        <time>2012-09-13T12:53:41Z</time>
      </trkpt>
      <trkpt lat="51.527411201968789" lon="104.08493986353278">
        <ele>494.74000000000001</ele>
        <time>2012-09-13T12:53:51Z</time>
      </trkpt>
      <trkpt lat="51.527598537504673" lon="104.08523867838085">
        <ele>494.74000000000001</ele>
        <time>2012-09-13T12:54:14Z</time>
      </trkpt>
      <trkpt lat="51.527836164459586" lon="104.08472738228738">
        <ele>495.69999999999999</ele>
        <time>2012-09-13T12:55:50Z</time>
      </trkpt>
    </trkseg>
  </trk>

</gpx>